Log file open, 09/09/26 19:26:29
LogConfig: No local boot hotfix file found at: [../../../../../../Users/user/Documents/Unreal Projects/LyraStarterGame/Saved/PersistentDownloadDir/HotfixForNextBoot.txt]
LogAudio: Display: Audio Device Manager not initializing due to all audio being disabled. If this is not intentional, please check command line arguments for "-nosound".
LogPluginManager: Looking for build plugins target receipt
LogPluginManager: Found matching target receipt: ../../../../../../Users/user/Documents/Unreal Projects/LyraStarterGame/Binaries/Win64/LyraEditor.target
LogPluginManager: Looking for enabled plugins target receipt
LogPluginManager: Found matching target receipt: ../../../../../../Users/user/Documents/Unreal Projects/LyraStarterGame/Binaries/Win64/LyraEditor.target
LogConfig: Display: Loading Android ini files took 0.13 seconds
LogConfig: Display: Loading Mac ini files took 0.14 seconds
LogConfig: Display: Loading VulkanPC ini files took 0.14 seconds
LogConfig: Display: Loading IOS ini files took 0.15 seconds
LogConfig: Display: Loading Unix ini files took 0.16 seconds
LogConfig: Display: Loading Windows ini files took 0.17 seconds
LogConfig: Display: Loading TVOS ini files took 0.17 seconds
LogConfig: Display: Loading VisionOS ini files took 0.17 seconds
LogAssetRegistry: Display: Asset registry cache read as 118.9 MiB from ../../../../../../Users/user/Documents/Unreal Projects/LyraStarterGame/Intermediate/CachedAssetRegistry_0.bin.
LogConfig: Display: Loading Linux ini files took 0.19 seconds
LogPluginManager: Mounting Engine plugin AudioGameplay
LogPluginManager: Mounting Engine plugin AudioGameplayVolume
LogPluginManager: Mounting Engine plugin AudioInsights
LogPluginManager: Mounting Engine plugin Bridge
LogPluginManager: Mounting Engine plugin ChaosCloth
LogPluginManager: Mounting Engine plugin ChaosClothAsset
LogPluginManager: Mounting Engine plugin ChaosInsights
LogPluginManager: Mounting Engine plugin ChaosVD
LogPluginManager: Mounting Engine plugin CmdLinkServer
LogPluginManager: Mounting Engine plugin EnhancedInput
LogPluginManager: Mounting Engine plugin Fab
LogPluginManager: Mounting Engine plugin FastBuildController
LogPluginManager: Mounting Engine plugin IoStoreInsights
LogPluginManager: Mounting Engine plugin MassInsights
LogPluginManager: Mounting Engine plugin MeshPainting
LogPluginManager: Mounting Engine plugin RenderGraphInsights
LogPluginManager: Mounting Engine plugin TraceUtilities
LogPluginManager: Mounting Engine plugin UbaController
LogPluginManager: Mounting Engine plugin WorldMetrics
LogPluginManager: Mounting Engine plugin XGEController
LogPluginManager: Mounting Engine plugin InterchangeAssets
LogPluginManager: Mounting Engine plugin Interchange
LogPluginManager: Mounting Engine plugin InterchangeEditor
LogPluginManager: Mounting Engine plugin NNEDenoiser
LogPluginManager: Mounting Engine plugin NNERuntimeORT
LogPluginManager: Mounting Engine plugin MetaHumanSDK
LogPluginManager: Mounting Engine plugin AutomatedPerfTesting
LogPluginManager: Mounting Engine plugin ActorLayerUtilities
LogPluginManager: Mounting Engine plugin AndroidDeviceProfileSelector
LogPluginManager: Mounting Engine plugin AndroidFileServer
LogPluginManager: Mounting Engine plugin AndroidMoviePlayer
LogPluginManager: Mounting Engine plugin AndroidPermission
LogPluginManager: Mounting Engine plugin AppleImageUtils
LogPluginManager: Mounting Engine plugin AppleMoviePlayer
LogPluginManager: Mounting Engine plugin ArchVisCharacter
LogPluginManager: Mounting Engine plugin AudioCapture
LogPluginManager: Mounting Engine plugin AssetTags
LogPluginManager: Mounting Engine plugin AudioModulation
LogPluginManager: Mounting Engine plugin AudioSynesthesia
LogPluginManager: Mounting Engine plugin CableComponent
LogPluginManager: Mounting Engine plugin ChunkDownloader
LogPluginManager: Mounting Engine plugin ComputeFramework
LogPluginManager: Mounting Engine plugin CustomMeshComponent
LogPluginManager: Mounting Engine plugin CommonUI
LogPluginManager: Mounting Engine plugin AudioWidgets
LogPluginManager: Mounting Engine plugin ExampleDeviceProfileSelector
LogPluginManager: Mounting Engine plugin DataRegistry
LogPluginManager: Mounting Engine plugin GameplayAbilities
LogPluginManager: Mounting Engine plugin GameplayBehaviorSmartObjects
LogPluginManager: Mounting Engine plugin GameplayInteractions
LogPluginManager: Mounting Engine plugin GeometryCache
LogPluginManager: Mounting Engine plugin GeometryProcessing
LogPluginManager: Mounting Engine plugin GameplayStateTree
LogPluginManager: Mounting Engine plugin GameFeatures
LogPluginManager: Mounting Engine plugin GeometryScripting
LogPluginManager: Mounting Engine plugin GooglePAD
LogPluginManager: Mounting Engine plugin GoogleCloudMessaging
LogPluginManager: Mounting Engine plugin HairStrands
LogPluginManager: Mounting Engine plugin InputDebugging
LogPluginManager: Mounting Engine plugin IOSDeviceProfileSelector
LogPluginManager: Mounting Engine plugin LinuxDeviceProfileSelector
LogPluginManager: Mounting Engine plugin LocationServicesBPLibrary
LogPluginManager: Mounting Engine plugin MeshModelingToolset
LogPluginManager: Mounting Engine plugin Metasound
LogPluginManager: Mounting Engine plugin MobilePatchingUtils
LogPluginManager: Mounting Engine plugin ModularGameplay
LogPluginManager: Mounting Engine plugin MsQuic
LogPluginManager: Mounting Engine plugin NavCorridor
LogPluginManager: Mounting Engine plugin PropertyAccessEditor
LogPluginManager: Mounting Engine plugin PropertyBindingUtils
LogPluginManager: Mounting Engine plugin ProceduralMeshComponent
LogPluginManager: Mounting Engine plugin ReplicationGraph
LogPluginManager: Mounting Engine plugin RigVM
LogPluginManager: Mounting Engine plugin SignificanceManager
LogPluginManager: Mounting Engine plugin SoundFields
LogPluginManager: Mounting Engine plugin SmartObjects
LogPluginManager: Mounting Engine plugin SoundUtilities
LogPluginManager: Mounting Engine plugin Spatialization
LogPluginManager: Mounting Engine plugin StateTree
LogPluginManager: Mounting Engine plugin Synthesis
LogPluginManager: Mounting Engine plugin WaveTable
LogPluginManager: Mounting Engine plugin WebMMoviePlayer
LogPluginManager: Mounting Engine plugin WindowsDeviceProfileSelector
LogPluginManager: Mounting Engine plugin WindowsMoviePlayer
LogPluginManager: Mounting Engine plugin WorldConditions
LogPluginManager: Mounting Engine plugin XRBase
LogPluginManager: Mounting Engine plugin CQTestEnhancedInput
LogPluginManager: Mounting Engine plugin CQTest
LogPluginManager: Mounting Engine plugin FunctionalTestingEditor
LogPluginManager: Mounting Engine plugin InterchangeTests
LogPluginManager: Mounting Engine plugin RuntimeTests
LogPluginManager: Mounting Engine plugin CameraCalibrationCore
LogPluginManager: Mounting Engine plugin Takes
LogPluginManager: Mounting Engine plugin Paper2D
LogPluginManager: Mounting Engine plugin EnvironmentQueryEditor
LogPluginManager: Mounting Engine plugin AISupport
LogPluginManager: Mounting Engine plugin ACLPlugin
LogPluginManager: Mounting Engine plugin AnimationData
LogPluginManager: Mounting Engine plugin AnimationLocomotionLibrary
LogPluginManager: Mounting Engine plugin AnimationWarping
LogPluginManager: Mounting Engine plugin AnimationModifierLibrary
LogPluginManager: Mounting Engine plugin BlendSpaceMotionAnalysis
LogPluginManager: Mounting Engine plugin ControlRig
LogPluginManager: Mounting Engine plugin ControlRigModules
LogPluginManager: Mounting Engine plugin ControlRigSpline
LogPluginManager: Mounting Engine plugin DeformerGraph
LogPluginManager: Mounting Engine plugin GameplayInsights
LogPluginManager: Mounting Engine plugin IKRig
LogPluginManager: Mounting Engine plugin MotionWarping
LogPluginManager: Mounting Engine plugin RigLogic
LogPluginManager: Mounting Engine plugin TweeningUtils
LogPluginManager: Mounting Engine plugin SkeletalMeshModelingTools
LogPluginManager: Mounting Engine plugin CameraShakePreviewer
LogPluginManager: Mounting Engine plugin EngineCameras
LogPluginManager: Mounting Engine plugin AnimationSharing
LogPluginManager: Mounting Engine plugin CLionSourceCodeAccess
LogPluginManager: Mounting Engine plugin OodleNetwork
LogPluginManager: Mounting Engine plugin CodeLiteSourceCodeAccess
LogPluginManager: Mounting Engine plugin OpenColorIO
LogPluginManager: Mounting Engine plugin DumpGPUServices
LogPluginManager: Mounting Engine plugin GitSourceControl
LogPluginManager: Mounting Engine plugin KDevelopSourceCodeAccess
LogPluginManager: Mounting Engine plugin N10XSourceCodeAccess
LogPluginManager: Mounting Engine plugin NamingTokens
LogPluginManager: Mounting Engine plugin NullSourceCodeAccess
LogPluginManager: Mounting Engine plugin GameplayCameras
LogPluginManager: Mounting Engine plugin PixWinPlugin
LogPluginManager: Mounting Engine plugin PerforceSourceControl
LogPluginManager: Mounting Engine plugin PluginUtils
LogPluginManager: Mounting Engine plugin PlasticSourceControl
LogPluginManager: Mounting Engine plugin ProjectLauncher
LogPluginManager: Mounting Engine plugin RenderDocPlugin
LogPluginManager: Mounting Engine plugin SubversionSourceControl
LogPluginManager: Mounting Engine plugin TextureFormatOodle
LogPluginManager: Mounting Engine plugin RiderSourceCodeAccess
LogPluginManager: Mounting Engine plugin PropertyAccessNode
LogPluginManager: Mounting Engine plugin VisualStudioCodeSourceCodeAccess
LogPluginManager: Mounting Engine plugin VisualStudioSourceCodeAccess
LogPluginManager: Mounting Engine plugin UObjectPlugin
LogPluginManager: Mounting Engine plugin XCodeSourceCodeAccess
LogPluginManager: Mounting Engine plugin AssetManagerEditor
LogPluginManager: Mounting Engine plugin AssetReferenceRestrictions
LogPluginManager: Mounting Engine plugin ColorGrading
LogPluginManager: Mounting Engine plugin BlueprintMaterialTextureNodes
LogPluginManager: Mounting Engine plugin AssetSearch
LogPluginManager: Mounting Engine plugin CryptoKeys
LogPluginManager: Mounting Engine plugin CurveEditorTools
LogPluginManager: Mounting Engine plugin BlueprintHeaderView
LogPluginManager: Mounting Engine plugin DataValidation
LogPluginManager: Mounting Engine plugin EditorDebugTools
LogPluginManager: Mounting Engine plugin EditorScriptingUtilities
LogPluginManager: Mounting Engine plugin ChangelistReview
LogPluginManager: Mounting Engine plugin EngineAssetDefinitions
LogPluginManager: Mounting Engine plugin FacialAnimation
LogPluginManager: Mounting Engine plugin ConsoleVariables
LogPluginManager: Mounting Engine plugin GeometryMode
LogPluginManager: Mounting Engine plugin GameplayTagsEditor
LogPluginManager: Mounting Engine plugin MacGraphicsSwitching
LogPluginManager: Mounting Engine plugin MeshLODToolset
LogPluginManager: Mounting Engine plugin MobileLauncherProfileWizard
LogPluginManager: Mounting Engine plugin MaterialAnalyzer
LogPluginManager: Mounting Engine plugin PluginBrowser
LogPluginManager: Mounting Engine plugin ModelingToolsEditorMode
LogPluginManager: Mounting Engine plugin ProxyLODPlugin
LogPluginManager: Mounting Engine plugin SequencerAnimTools
LogPluginManager: Mounting Engine plugin SpeedTreeImporter
LogPluginManager: Mounting Engine plugin UMGWidgetPreview
LogPluginManager: Mounting Engine plugin StylusInput
LogPluginManager: Mounting Engine plugin UVEditor
LogPluginManager: Mounting Engine plugin WorldPartitionHLODUtilities
LogPluginManager: Mounting Engine plugin DatasmithContent
LogPluginManager: Mounting Engine plugin GLTFExporter
LogPluginManager: Mounting Engine plugin VariantManager
LogPluginManager: Mounting Engine plugin ActorPalette
LogPluginManager: Mounting Engine plugin AdvancedRenamer
LogPluginManager: Mounting Engine plugin VariantManagerContent
LogPluginManager: Mounting Engine plugin AsyncMessageSystem
LogPluginManager: Mounting Engine plugin AsyncMessageSystemTests
LogPluginManager: Mounting Engine plugin AutomationUtils
LogPluginManager: Mounting Engine plugin BackChannel
LogPluginManager: Mounting Engine plugin ChaosCaching
LogPluginManager: Mounting Engine plugin ChaosEditor
LogPluginManager: Mounting Engine plugin ChaosUserDataPT
LogPluginManager: Mounting Engine plugin ChaosSolverPlugin
LogPluginManager: Mounting Engine plugin ChaosNiagara
LogPluginManager: Mounting Engine plugin CharacterAI
LogPluginManager: Mounting Engine plugin CommonConversation
LogPluginManager: Mounting Engine plugin Dataflow
LogPluginManager: Mounting Engine plugin ControlFlows
LogPluginManager: Mounting Engine plugin EditorDataStorage
LogPluginManager: Mounting Engine plugin EditorTelemetry
LogPluginManager: Mounting Engine plugin EditorPerformance
LogPluginManager: Mounting Engine plugin EditorDataStorageFeatures
LogPluginManager: Mounting Engine plugin Fracture
LogPluginManager: Mounting Engine plugin FullBodyIK
LogPluginManager: Mounting Engine plugin GameplayBehaviors
LogPluginManager: Mounting Engine plugin Gauntlet
LogPluginManager: Mounting Engine plugin TargetingSystem
LogPluginManager: Mounting Engine plugin GeometryCollectionPlugin
LogPluginManager: Mounting Engine plugin GeometryDataflow
LogPluginManager: Mounting Engine plugin GeometryFlow
LogPluginManager: Mounting Engine plugin Landmass
LogPluginManager: Mounting Engine plugin LevelSequenceNavigatorBridge
LogPluginManager: Mounting Engine plugin LocalizableMessage
LogPluginManager: Mounting Engine plugin LowLevelNetTrace
LogPluginManager: Mounting Engine plugin MeshModelingToolsetExp
LogPluginManager: Mounting Engine plugin NFORDenoise
LogPluginManager: Mounting Engine plugin PlanarCut
LogPluginManager: Mounting Engine plugin PlatformCrypto
LogPluginManager: Mounting Engine plugin PythonScriptPlugin
LogPluginManager: Mounting Engine plugin RemoteSession
LogPluginManager: Mounting Engine plugin RuntimeTelemetry
LogPluginManager: Mounting Engine plugin SequenceNavigator
LogPluginManager: Mounting Engine plugin SkeletalReduction
LogPluginManager: Mounting Engine plugin ToolPresets
LogPluginManager: Mounting Engine plugin Water
LogPluginManager: Mounting Engine plugin Volumetrics
LogPluginManager: Mounting Engine plugin Cascade
LogPluginManager: Mounting Engine plugin Niagara
LogPluginManager: Mounting Engine plugin NiagaraSimCaching
LogPluginManager: Mounting Engine plugin AlembicImporter
LogPluginManager: Mounting Engine plugin AndroidMedia
LogPluginManager: Mounting Engine plugin AvfMedia
LogPluginManager: Mounting Engine plugin ImgMedia
LogPluginManager: Mounting Engine plugin MediaCompositing
LogPluginManager: Mounting Engine plugin MediaIOFramework
LogPluginManager: Mounting Engine plugin MediaPlate
LogPluginManager: Mounting Engine plugin MediaPlayerEditor
LogPluginManager: Mounting Engine plugin WmfMedia
LogPluginManager: Mounting Engine plugin TcpMessaging
LogPluginManager: Mounting Engine plugin UdpMessaging
LogPluginManager: Mounting Engine plugin ActorSequence
LogPluginManager: Mounting Engine plugin WebMMedia
LogPluginManager: Mounting Engine plugin MoviePipelineMaskRenderPass
LogPluginManager: Mounting Engine plugin LevelSequenceEditor
LogPluginManager: Mounting Engine plugin MovieRenderPipeline
LogPluginManager: Mounting Engine plugin TemplateSequence
LogPluginManager: Mounting Engine plugin SequencerScripting
LogPluginManager: Mounting Engine plugin EOSShared
LogPluginManager: Mounting Engine plugin EOSOverlayInputProvider
LogPluginManager: Mounting Engine plugin OnlineBase
LogPluginManager: Mounting Engine plugin OnlineServices
LogPluginManager: Mounting Engine plugin OnlineFramework
LogPluginManager: Mounting Engine plugin OnlineServicesEOS
LogPluginManager: Mounting Engine plugin OnlineServicesEOSGS
LogPluginManager: Mounting Engine plugin OnlineServicesNull
LogPluginManager: Mounting Engine plugin OnlineServicesEpicCommon
LogPluginManager: Mounting Engine plugin OnlineServicesOSSAdapter
LogPluginManager: Mounting Engine plugin OnlineSubsystem
LogPluginManager: Mounting Engine plugin OnlineSubsystemEOS
LogPluginManager: Mounting Engine plugin OnlineSubsystemUtils
LogPluginManager: Mounting Engine plugin OnlineSubsystemNull
LogPluginManager: Mounting Engine plugin OnlineSubsystemSteam
LogPluginManager: Mounting Engine plugin SocketSubsystemEOS
LogPluginManager: Mounting Engine plugin SocketSubsystemSteamIP
LogPluginManager: Mounting Engine plugin LauncherChunkInstaller
LogPluginManager: Mounting Engine plugin BaseCharacterFXEditor
LogPluginManager: Mounting Engine plugin DTLSHandlerComponent
LogPluginManager: Mounting Engine plugin LightMixer
LogPluginManager: Mounting Engine plugin SQLiteCore
LogPluginManager: Mounting Engine plugin ObjectMixer
LogPluginManager: Mounting Engine plugin AESGCMHandlerComponent
LogPluginManager: Mounting Engine plugin Reflex
LogPluginManager: Mounting Engine plugin SteamShared
LogPluginManager: Mounting Engine plugin SteamSockets
LogPluginManager: Mounting Engine plugin ContextualAnimation
LogPluginManager: Mounting Engine plugin ContentBrowserClassDataSource
LogPluginManager: Mounting Engine plugin ContentBrowserFileDataSource
LogPluginManager: Mounting Engine plugin ConcertMain
LogPluginManager: Mounting Engine plugin ContentBrowserAssetDataSource
LogPluginManager: Mounting Engine plugin PortableObjectFileDataSource
LogPluginManager: Mounting Engine plugin XInputDevice
LogPluginManager: Mounting Engine plugin WinDualShock
LogPluginManager: Mounting Engine plugin OnlineSubsystemGooglePlay
LogPluginManager: Mounting Engine plugin EOSVoiceChat
LogPluginManager: Mounting Engine plugin OnlineSubsystemIOS
LogPluginManager: Mounting Engine plugin CompositeCore
LogPluginManager: Mounting Engine plugin ConcertSyncCore
LogPluginManager: Mounting Engine plugin ConcertSyncClient
LogPluginManager: Mounting Engine plugin ConcertSharedSlate
LogPluginManager: Mounting Project plugin AsyncMixin
LogPluginManager: Mounting Project plugin CommonLoadingScreen
LogPluginManager: Mounting Project plugin CommonGame
LogPluginManager: Mounting Project plugin GameSettings
LogPluginManager: Mounting Project plugin CommonUser
LogPluginManager: Mounting Project plugin LyraExampleContent
LogPluginManager: Mounting Project plugin PocketWorlds
LogPluginManager: Mounting Project plugin GameplayMessageRouter
LogPluginManager: Mounting Project plugin GameSubtitles
LogPluginManager: Mounting Project plugin ModularGameplayActors
LogPluginManager: Mounting Project plugin LyraExtTool
LogPluginManager: Mounting Project plugin UIExtension
SourceControl: Revision control is disabled
SourceControl: Revision control is disabled
SourceControl: Revision control is disabled
LogWindows: Failed to load 'WinPixGpuCapturer.dll' (GetLastError=126)
LogWindows: File 'WinPixGpuCapturer.dll' does not exist
PixWinPlugin: PIX capture plugin failed to initialize! Check that the process is launched from PIX.
LogConfig: Applying CVar settings from Section [/Script/RenderDocPlugin.RenderDocPluginSettings] File [Engine]
RenderDocPlugin: Display: RenderDoc plugin will not be loaded. Use '-AttachRenderDoc' on the cmd line or enable 'renderdoc.AutoAttach' in the plugin settings.
LogStudioTelemetry: Started StudioTelemetry Session
LogNFORDenoise: NFORDenoise function starting up
LogEOSShared: Loaded "C:/Program Files/Epic Games/UE_5.6/Engine/Binaries/Win64/EOSSDK-Win64-Shipping.dll"
LogEOSShared: FEOSSDKManager::Initialize Initializing EOSSDK Version:1.17.0-41373641
LogInit: Using libcurl 8.12.1
LogInit:  - built for Windows
LogInit:  - supports SSL with OpenSSL/1.1.1t
LogInit:  - supports HTTP deflate (compression) using libz 1.3
LogInit:  - other features:
LogInit:      CURL_VERSION_SSL
LogInit:      CURL_VERSION_LIBZ
LogInit:      CURL_VERSION_IPV6
LogInit:      CURL_VERSION_ASYNCHDNS
LogInit:      CURL_VERSION_LARGEFILE
LogInit:      CURL_VERSION_TLSAUTH_SRP
LogInit:      CURL_VERSION_HTTP2
LogInit:  CurlRequestOptions (configurable via config and command line):
LogInit:  - bVerifyPeer = true  - Libcurl will verify peer certificate
LogInit:  - bUseHttpProxy = false  - Libcurl will NOT use HTTP proxy
LogInit:  - bDontReuseConnections = false  - Libcurl will reuse connections
LogInit:  - MaxHostConnections = 16  - Libcurl will limit the number of connections to a host
LogInit:  - LocalHostAddr = Default
LogInit:  - BufferSize = 65536
LogInit: CreateHttpThread using FCurlMultiPollEventLoopHttpThread
LogInit: Creating http thread with maximum 256 concurrent requests
LogInit: WinSock: version 1.1 (2.2), MaxSocks=32767, MaxUdp=65467
LogOnline: OSS: Created online subsystem instance for: NULL
LogOnline: OSS: TryLoadSubsystemAndSetDefault: Loaded subsystem for type [NULL]
LogSteamShared: Display: Loading Steam SDK 1.57
LogSteamShared: Steam SDK Loaded!
LogSockets: FSocketSubsystemSteamIPModule: Disabled for editor process.
LogConfig: Applying CVar settings from Section [/Script/CompositeCore.CompositeCorePluginSettings] File [Engine]
LogInit: ExecutableName: UnrealEditor-Cmd.exe
LogInit: Build: ++UE5+Release-5.6-CL-44394996
LogInit: Platform=WindowsEditor
LogInit: MachineId=5f916bccaad74b0697c9893b5251b1c7
LogInit: DeviceId=
LogInit: Engine Version: 5.6.1-44394996+++UE5+Release-5.6
LogInit: Compatible Engine Version: 5.6.0-43139311+++UE5+Release-5.6
LogInit: Net CL: 43139311
LogInit: OS: Windows 11 (25H2) [10.0.26200.9168] (), CPU: Intel(R) Xeon(R) w3-2435, GPU: NVIDIA RTX A4000
LogInit: Compiled (64-bit): Jul 28 2025 20:53:34
LogInit: Architecture: x64
LogInit: Compiled with Visual C++: 19.38.33130.00
LogInit: Build Configuration: Development
LogInit: Branch Name: ++UE5+Release-5.6
LogInit: Command Line: -ExecCmds="Automation RunTests Project.Functional Tests.ShooterTests.Actor.Replication" -TestExit="Automation Test Queue Empty" -ReportExportPath="D:/2604340036 - 송성민/github.file/카운터 스트라이크/relay-network-report" -abslog="D:/2604340036 - 송성민/github.file/카운터 스트라이크/relay-network-automation.log" -unattended -nosplash -nosound
LogInit: Base Directory: C:/Program Files/Epic Games/UE_5.6/Engine/Binaries/Win64/
LogInit: Allocator: Mimalloc
LogInit: Installed Engine Build: 1
LogInit: This binary is optimized with LTO: no, PGO: no, instrumented for PGO data collection: no
LogDevObjectVersion: Number of dev versions registered: 37
LogDevObjectVersion:   Dev-Blueprints (B0D832E4-1F89-4F0D-ACCF-7EB736FD4AA2): 10
LogDevObjectVersion:   Dev-Build (E1C64328-A22C-4D53-A36C-8E866417BD8C): 0
LogDevObjectVersion:   Dev-Core (375EC13C-06E4-48FB-B500-84F0262A717E): 4
LogDevObjectVersion:   Dev-Editor (E4B068ED-F494-42E9-A231-DA0B2E46BB41): 40
LogDevObjectVersion:   Dev-Framework (CFFC743F-43B0-4480-9391-14DF171D2073): 37
LogDevObjectVersion:   Dev-Mobile (B02B49B5-BB20-44E9-A304-32B752E40360): 3
LogDevObjectVersion:   Dev-Networking (A4E4105C-59A1-49B5-A7C5-40C4547EDFEE): 0
LogDevObjectVersion:   Dev-Online (39C831C9-5AE6-47DC-9A44-9C173E1C8E7C): 0
LogDevObjectVersion:   Dev-Physics (78F01B33-EBEA-4F98-B9B4-84EACCB95AA2): 20
LogDevObjectVersion:   Dev-Platform (6631380F-2D4D-43E0-8009-CF276956A95A): 0
LogDevObjectVersion:   Dev-Rendering (12F88B9F-8875-4AFC-A67C-D90C383ABD29): 49
LogDevObjectVersion:   Dev-Sequencer (7B5AE74C-D270-4C10-A958-57980B212A5A): 13
LogDevObjectVersion:   Dev-VR (D7296918-1DD6-4BDD-9DE2-64A83CC13884): 3
LogDevObjectVersion:   Dev-LoadTimes (C2A15278-BFE7-4AFE-6C17-90FF531DF755): 1
LogDevObjectVersion:   Private-Geometry (6EACA3D4-40EC-4CC1-B786-8BED09428FC5): 3
LogDevObjectVersion:   Dev-AnimPhys (29E575DD-E0A3-4627-9D10-D276232CDCEA): 17
LogDevObjectVersion:   Dev-Anim (AF43A65D-7FD3-4947-9873-3E8ED9C1BB05): 15
LogDevObjectVersion:   Dev-ReflectionCapture (6B266CEC-1EC7-4B8F-A30B-E4D90942FC07): 1
LogDevObjectVersion:   Dev-Automation (0DF73D61-A23F-47EA-B727-89E90C41499A): 1
LogDevObjectVersion:   FortniteMain (601D1886-AC64-4F84-AA16-D3DE0DEAC7D6): 207
LogDevObjectVersion:   FortniteValkyrie (8DBC2C5B-54A7-43E0-A768-FCBB7DA29060): 8
LogDevObjectVersion:   FortniteSeason (5B4C06B7-2463-4AF8-805B-BF70CDF5D0DD): 13
LogDevObjectVersion:   FortniteRelease (E7086368-6B23-4C58-8439-1B7016265E91): 17
LogDevObjectVersion:   Dev-Enterprise (9DFFBCD6-494F-0158-E221-12823C92A888): 11
LogDevObjectVersion:   Dev-Niagara (F2AED0AC-9AFE-416F-8664-AA7FFA26D6FC): 1
LogDevObjectVersion:   Dev-Destruction (174F1F0B-B4C6-45A5-B13F-2EE8D0FB917D): 10
LogDevObjectVersion:   Dev-Physics-Ext (35F94A83-E258-406C-A318-09F59610247C): 41
LogDevObjectVersion:   Dev-PhysicsMaterial-Chaos (B68FC16E-8B1B-42E2-B453-215C058844FE): 1
LogDevObjectVersion:   Dev-CineCamera (B2E18506-4273-CFC2-A54E-F4BB758BBA07): 1
LogDevObjectVersion:   Dev-VirtualProduction (64F58936-FD1B-42BA-BA96-7289D5D0FA4E): 1
LogDevObjectVersion:   UE5-Main (697DD581-E64F-41AB-AA4A-51ECBEB7B628): 121
LogDevObjectVersion:   UE5-Release (D89B5E42-24BD-4D46-8412-ACA8DF641779): 56
LogDevObjectVersion:   UE5-SpecialProject (59DA5D52-1232-4948-B878-597870B8E98B): 9
LogDevObjectVersion:   Dev-MediaFramework (6F0ED827-A609-4895-9C91-998D90180EA4): 2
LogDevObjectVersion:   Dev-NaniteResearch (30D58BE3-95EA-4282-A6E3-B159D8EBB06A): 1
LogDevObjectVersion:   Dev-ComputeFramework (6304A3E7-0059-4F59-8CFC-21BD7721FD4E): 0
LogDevObjectVersion:   LensFileVersion (8652A554-966A-466C-9FD7-1C6DD61B1ADB): 1
LogInit: Presizing for max 25165824 objects, including 0 objects not considered by GC.
LogInit: Object subsystem initialized
LogConfig: Set CVar [[con.DebugEarlyDefault:1]]
LogConfig: CVar [[con.DebugLateDefault:1]] deferred - dummy variable created
LogConfig: CVar [[con.DebugLateCheat:1]] deferred - dummy variable created
LogConfig: CVar [[LogNamedEventFilters:Frame *]] deferred - dummy variable created
LogConfig: Set CVar [[r.setres:1280x720]]
LogConfig: CVar [[framepro.ScopeMinTimeMicroseconds:10]] deferred - dummy variable created
LogConfig: Set CVar [[fx.NiagaraAllowRuntimeScalabilityChanges:1]]
LogConfig: CVar [[QualityLevelMapping:high]] deferred - dummy variable created
LogConfig: CVar [[r.Occlusion.SingleRHIThreadStall:1]] deferred - dummy variable created
LogConfig: Set CVar [[r.Nanite.Streaming.ReservedResources:1]]
LogConfig: CVar [[D3D12.Bindless.ResourceDescriptorHeapSize:32768]] deferred - dummy variable created
LogConfig: CVar [[D3D12.Bindless.SamplerDescriptorHeapSize:2048]] deferred - dummy variable created
LogConfig: Set CVar [[r.PSOPrecache.GlobalShaders:1]]
LogConfig: Set CVar [[r.VRS.EnableSoftware:1]]
LogConfig: Set CVar [[r.VRS.ContrastAdaptiveShading:1]]
LogConfig: Set CVar [[net.SubObjects.DefaultUseSubObjectReplicationList:1]]
LogConfig: CVar [[APT.DynamicRes.LockedScreenPercentage:75]] deferred - dummy variable created
[2026.09.09-10.26.30:119][  0]LogConfig: Set CVar [[r.VSync:0]]
[2026.09.09-10.26.30:119][  0]LogConfig: Applying CVar settings from Section [/Script/Engine.RendererSettings] File [Engine]
[2026.09.09-10.26.30:119][  0]LogConfig: CVar [[VisualizeCalibrationColorMaterialPath:/Engine/EngineMaterials/PPM_DefaultCalibrationColor.PPM_DefaultCalibrationColor]] deferred - dummy variable created
[2026.09.09-10.26.30:119][  0]LogConfig: CVar [[VisualizeCalibrationGrayscaleMaterialPath:/Engine/EngineMaterials/PPM_DefaultCalibrationGrayscale.PPM_DefaultCalibrationGrayscale]] deferred - dummy variable created
[2026.09.09-10.26.30:119][  0]LogConfig: Set CVar [[r.GPUCrashDebugging:0]]
[2026.09.09-10.26.30:119][  0]LogConfig: CVar [[MaxSkinBones:(Default=65536,PerPlatform=(("Mobile", 256)))]] deferred - dummy variable created
[2026.09.09-10.26.30:119][  0]LogConfig: Set CVar [[r.Shaders.RemoveUnusedInterpolators:1]]
[2026.09.09-10.26.30:119][  0]LogConfig: Set CVar [[r.Shadow.DetectVertexShaderLayerAtRuntime:1]]
[2026.09.09-10.26.30:119][  0]LogConfig: Set CVar [[r.SkinCache.CompileShaders:1]]
[2026.09.09-10.26.30:119][  0]LogConfig: Set CVar [[r.DefaultFeature.AutoExposure.ExtendDefaultLuminanceRange:1]]
[2026.09.09-10.26.30:119][  0]LogConfig: Set CVar [[r.VirtualTextures:1]]
[2026.09.09-10.26.30:119][  0]LogConfig: Set CVar [[r.VirtualTexturedLightmaps:0]]
[2026.09.09-10.26.30:119][  0]LogConfig: CVar [[r.SupportMaterialLayers:1]] deferred - dummy variable created
[2026.09.09-10.26.30:119][  0]LogConfig: Set CVar [[r.GPUSkin.Support16BitBoneIndex:1]]
[2026.09.09-10.26.30:119][  0]LogConfig: Set CVar [[r.CustomDepth:3]]
[2026.09.09-10.26.30:119][  0]LogConfig: Set CVar [[r.GenerateMeshDistanceFields:1]]
[2026.09.09-10.26.30:119][  0]LogConfig: Set CVar [[r.AllowStaticLighting:0]]
[2026.09.09-10.26.30:119][  0]LogConfig: Set CVar [[r.ClearCoatNormal:1]]
[2026.09.09-10.26.30:119][  0]LogConfig: Set CVar [[r.Shadow.Virtual.Enable:1]]
[2026.09.09-10.26.30:119][  0]LogConfig: Set CVar [[r.AntiAliasingMethod:4]]
[2026.09.09-10.26.30:119][  0]LogConfig: Set CVar [[r.DefaultFeature.MotionBlur:1]]
[2026.09.09-10.26.30:119][  0]LogConfig: Set CVar [[r.SupportSkyAtmosphereAffectsHeightFog:1]]
[2026.09.09-10.26.30:119][  0]LogConfig: Set CVar [[r.ReflectionMethod:1]]
[2026.09.09-10.26.30:119][  0]LogConfig: Set CVar [[r.DynamicGlobalIlluminationMethod:1]]
[2026.09.09-10.26.30:119][  0]LogConfig: Set CVar [[r.NumBufferedOcclusionQueries:2]]
[2026.09.09-10.26.30:119][  0]LogConfig: Set CVar [[r.InstanceCulling.OcclusionCull:0]]
[2026.09.09-10.26.30:119][  0]LogConfig: CVar [[r.Lumen.TranslucencyReflections.Enable:1]] deferred - dummy variable created
[2026.09.09-10.26.30:119][  0]LogConfig: Set CVar [[r.ReflectionCaptureResolution:256]]
[2026.09.09-10.26.30:119][  0]LogConfig: Set CVar [[r.RayTracing:1]]
[2026.09.09-10.26.30:119][  0]LogConfig: Set CVar [[r.Lumen.HardwareRayTracing:1]]
[2026.09.09-10.26.30:119][  0]LogConfig: Set CVar [[r.RayTracing.Shadows:0]]
[2026.09.09-10.26.30:119][  0]LogConfig: Set CVar [[r.RayTracing.Skylight:0]]
[2026.09.09-10.26.30:119][  0]LogConfig: Set CVar [[r.GPUScene.ParallelUpdate:1]]
[2026.09.09-10.26.30:119][  0]LogConfig: Set CVar [[r.GPUSkin.UnlimitedBoneInfluences:1]]
[2026.09.09-10.26.30:119][  0]LogConfig: Set CVar [[r.SkinCache.DefaultBehavior:0]]
[2026.09.09-10.26.30:119][  0]LogConfig: Set CVar [[r.Mobile.EnableStaticAndCSMShadowReceivers:0]]
[2026.09.09-10.26.30:119][  0]LogConfig: Set CVar [[r.Mobile.FloatPrecisionMode:2]]
[2026.09.09-10.26.30:119][  0]LogConfig: Set CVar [[r.Mobile.AllowDistanceFieldShadows:0]]
[2026.09.09-10.26.30:119][  0]LogConfig: Set CVar [[r.Mobile.DisableVertexFog:1]]
[2026.09.09-10.26.30:119][  0]LogConfig: Set CVar [[r.Mobile.AmbientOcclusion:0]]
[2026.09.09-10.26.30:119][  0]LogConfig: Set CVar [[r.MeshStreaming:1]]
[2026.09.09-10.26.30:119][  0]LogConfig: Set CVar [[r.RayTracing.Geometry.NiagaraMeshes:0]]
[2026.09.09-10.26.30:119][  0]LogConfig: Set CVar [[r.RayTracing.Geometry.NiagaraRibbons:0]]
[2026.09.09-10.26.30:119][  0]LogConfig: Set CVar [[r.RayTracing.Geometry.NiagaraSprites:0]]
[2026.09.09-10.26.30:119][  0]LogConfig: Applying CVar settings from Section [/Script/Engine.RendererOverrideSettings] File [Engine]
[2026.09.09-10.26.30:119][  0]LogConfig: Applying CVar settings from Section [/Script/Engine.StreamingSettings] File [Engine]
[2026.09.09-10.26.30:119][  0]LogConfig: Set CVar [[s.MinBulkDataSizeForAsyncLoading:131072]]
[2026.09.09-10.26.30:119][  0]LogConfig: Set CVar [[s.AsyncLoadingThreadEnabled:1]]
[2026.09.09-10.26.30:119][  0]LogConfig: Set CVar [[s.EventDrivenLoaderEnabled:1]]
[2026.09.09-10.26.30:119][  0]LogConfig: Set CVar [[s.WarnIfTimeLimitExceeded:0]]
[2026.09.09-10.26.30:119][  0]LogConfig: Set CVar [[s.TimeLimitExceededMultiplier:1.5]]
[2026.09.09-10.26.30:119][  0]LogConfig: Set CVar [[s.TimeLimitExceededMinTime:0.005]]
[2026.09.09-10.26.30:119][  0]LogConfig: Set CVar [[s.UseBackgroundLevelStreaming:1]]
[2026.09.09-10.26.30:119][  0]LogConfig: Set CVar [[s.PriorityAsyncLoadingExtraTime:15.0]]
[2026.09.09-10.26.30:119][  0]LogConfig: Set CVar [[s.LevelStreamingActorsUpdateTimeLimit:5.0]]
[2026.09.09-10.26.30:119][  0]LogConfig: Set CVar [[s.PriorityLevelStreamingActorsUpdateExtraTime:5.0]]
[2026.09.09-10.26.30:119][  0]LogConfig: Set CVar [[s.LevelStreamingComponentsRegistrationGranularity:10]]
[2026.09.09-10.26.30:119][  0]LogConfig: Set CVar [[s.UnregisterComponentsTimeLimit:1.0]]
[2026.09.09-10.26.30:119][  0]LogConfig: Set CVar [[s.LevelStreamingComponentsUnregistrationGranularity:5]]
[2026.09.09-10.26.30:119][  0]LogConfig: CVar [[s.MaxPackageSummarySize:16384]] deferred - dummy variable created
[2026.09.09-10.26.30:119][  0]LogConfig: Set CVar [[s.FlushStreamingOnExit:1]]
[2026.09.09-10.26.30:119][  0]LogConfig: CVar [[FixedBootOrder:/Script/Engine/Default__SoundBase]] deferred - dummy variable created
[2026.09.09-10.26.30:119][  0]LogConfig: CVar [[FixedBootOrder:/Script/Engine/Default__MaterialInterface]] deferred - dummy variable created
[2026.09.09-10.26.30:119][  0]LogConfig: CVar [[FixedBootOrder:/Script/Engine/Default__DeviceProfileManager]] deferred - dummy variable created
[2026.09.09-10.26.30:119][  0]LogConfig: Applying CVar settings from Section [/Script/Engine.GarbageCollectionSettings] File [Engine]
[2026.09.09-10.26.30:119][  0]LogConfig: Set CVar [[gc.MaxObjectsNotConsideredByGC:1]]
[2026.09.09-10.26.30:119][  0]LogConfig: Set CVar [[gc.FlushStreamingOnGC:0]]
[2026.09.09-10.26.30:119][  0]LogConfig: Set CVar [[gc.NumRetriesBeforeForcingGC:10]]
[2026.09.09-10.26.30:119][  0]LogConfig: Set CVar [[gc.AllowParallelGC:1]]
[2026.09.09-10.26.30:119][  0]LogConfig: Set CVar [[gc.TimeBetweenPurgingPendingKillObjects:61.1]]
[2026.09.09-10.26.30:119][  0]LogConfig: Set CVar [[gc.MaxObjectsInEditor:25165824]]
[2026.09.09-10.26.30:119][  0]LogConfig: Set CVar [[gc.IncrementalBeginDestroyEnabled:1]]
[2026.09.09-10.26.30:119][  0]LogConfig: Set CVar [[gc.CreateGCClusters:1]]
[2026.09.09-10.26.30:119][  0]LogConfig: Set CVar [[gc.MinGCClusterSize:5]]
[2026.09.09-10.26.30:119][  0]LogConfig: Set CVar [[gc.AssetClustreringEnabled:0]]
[2026.09.09-10.26.30:119][  0]LogConfig: Set CVar [[gc.ActorClusteringEnabled:0]]
[2026.09.09-10.26.30:119][  0]LogConfig: Set CVar [[gc.VerifyUObjectsAreNotFGCObjects:0]]
[2026.09.09-10.26.30:119][  0]LogConfig: Set CVar [[gc.GarbageEliminationEnabled:0]]
[2026.09.09-10.26.30:119][  0]LogConfig: Applying CVar settings from Section [/Script/Engine.NetworkSettings] File [Engine]
[2026.09.09-10.26.30:119][  0]LogConfig: CVar [[NetworkEmulationProfiles:(ProfileName="Average",ToolTip="Simulates average internet conditions")]] deferred - dummy variable created
[2026.09.09-10.26.30:119][  0]LogConfig: CVar [[NetworkEmulationProfiles:(ProfileName="Bad",ToolTip="Simulates laggy internet conditions")]] deferred - dummy variable created
[2026.09.09-10.26.30:119][  0]LogConfig: Applying CVar settings from Section [/Script/UnrealEd.CookerSettings] File [Engine]
[2026.09.09-10.26.30:119][  0]LogConfig: CVar [[DefaultASTCQualityBySpeed:2]] deferred - dummy variable created
[2026.09.09-10.26.30:119][  0]LogConfig: CVar [[DefaultASTCQualityBySize:3]] deferred - dummy variable created
[2026.09.09-10.26.30:119][  0]LogConfig: CVar [[DefaultASTCQualityBySizeHQ:4]] deferred - dummy variable created
[2026.09.09-10.26.30:119][  0]LogConfig: CVar [[ClassesExcludedOnDedicatedServer:WidgetBlueprint]] deferred - dummy variable created
[2026.09.09-10.26.30:119][  0]LogConfig: CVar [[ClassesExcludedOnDedicatedServer:GroupActor]] deferred - dummy variable created
[2026.09.09-10.26.30:119][  0]LogConfig: CVar [[ClassesExcludedOnDedicatedServer:MetaData]] deferred - dummy variable created
[2026.09.09-10.26.30:119][  0]LogConfig: CVar [[ClassesExcludedOnDedicatedServer:ObjectRedirector]] deferred - dummy variable created
[2026.09.09-10.26.30:119][  0]LogConfig: CVar [[ClassesExcludedOnDedicatedServer:NavMeshRenderingComponent]] deferred - dummy variable created
[2026.09.09-10.26.30:119][  0]LogConfig: CVar [[ClassesExcludedOnDedicatedServer:ReflectionCaptureComponent]] deferred - dummy variable created
[2026.09.09-10.26.30:119][  0]LogConfig: CVar [[ClassesExcludedOnDedicatedServer:TextRenderComponent]] deferred - dummy variable created
[2026.09.09-10.26.30:119][  0]LogConfig: CVar [[ClassesExcludedOnDedicatedServer:Font]] deferred - dummy variable created
[2026.09.09-10.26.30:119][  0]LogConfig: CVar [[ClassesExcludedOnDedicatedServer:InterpCurveEdSetup]] deferred - dummy variable created
[2026.09.09-10.26.30:119][  0]LogConfig: CVar [[ClassesExcludedOnDedicatedServer:MaterialExpression]] deferred - dummy variable created
[2026.09.09-10.26.30:119][  0]LogConfig: CVar [[ClassesExcludedOnDedicatedServer:NiagaraEmitter]] deferred - dummy variable created
[2026.09.09-10.26.30:119][  0]LogConfig: CVar [[ClassesExcludedOnDedicatedServer:NiagaraScript]] deferred - dummy variable created
[2026.09.09-10.26.30:119][  0]LogConfig: CVar [[ClassesExcludedOnDedicatedServer:ParticleEmitter]] deferred - dummy variable created
[2026.09.09-10.26.30:119][  0]LogConfig: CVar [[ClassesExcludedOnDedicatedServer:ParticleLODLevel]] deferred - dummy variable created
[2026.09.09-10.26.30:120][  0]LogConfig: CVar [[ClassesExcludedOnDedicatedServer:ParticleModule]] deferred - dummy variable created
[2026.09.09-10.26.30:120][  0]LogConfig: CVar [[ClassesExcludedOnDedicatedServer:SubUVAnimation]] deferred - dummy variable created
[2026.09.09-10.26.30:120][  0]LogConfig: CVar [[ClassesExcludedOnDedicatedServer:SoundNode]] deferred - dummy variable created
[2026.09.09-10.26.30:120][  0]LogConfig: CVar [[ClassesExcludedOnDedicatedServer:GameplayEffectUIData]] deferred - dummy variable created
[2026.09.09-10.26.30:120][  0]LogConfig: CVar [[ClassesExcludedOnDedicatedServer:AmbientSound]] deferred - dummy variable created
[2026.09.09-10.26.30:120][  0]LogConfig: CVar [[ClassesExcludedOnDedicatedClient:WidgetBlueprint]] deferred - dummy variable created
[2026.09.09-10.26.30:120][  0]LogConfig: CVar [[ClassesExcludedOnDedicatedClient:GroupActor]] deferred - dummy variable created
[2026.09.09-10.26.30:120][  0]LogConfig: CVar [[ClassesExcludedOnDedicatedClient:MetaData]] deferred - dummy variable created
[2026.09.09-10.26.30:120][  0]LogConfig: CVar [[ClassesExcludedOnDedicatedClient:ObjectRedirector]] deferred - dummy variable created
[2026.09.09-10.26.30:120][  0]LogConfig: CVar [[ClassesExcludedOnDedicatedClient:InterpCurveEdSetup]] deferred - dummy variable created
[2026.09.09-10.26.30:120][  0]LogConfig: CVar [[VersionedIntRValues:r.AllowStaticLighting]] deferred - dummy variable created
[2026.09.09-10.26.30:120][  0]LogConfig: CVar [[VersionedIntRValues:r.MaterialEditor.LWCTruncateMode]] deferred - dummy variable created
[2026.09.09-10.26.30:120][  0]LogConfig: CVar [[VersionedIntRValues:r.GBuffer]] deferred - dummy variable created
[2026.09.09-10.26.30:120][  0]LogConfig: CVar [[VersionedIntRValues:r.VelocityOutputPass]] deferred - dummy variable created
[2026.09.09-10.26.30:120][  0]LogConfig: CVar [[VersionedIntRValues:r.SelectiveBasePassOutputs]] deferred - dummy variable created
[2026.09.09-10.26.30:120][  0]LogConfig: CVar [[VersionedIntRValues:r.DBuffer]] deferred - dummy variable created
[2026.09.09-10.26.30:120][  0]LogConfig: CVar [[VersionedIntRValues:r.Mobile.DBuffer]] deferred - dummy variable created
[2026.09.09-10.26.30:120][  0]LogConfig: CVar [[VersionedIntRValues:r.Shaders.Symbols]] deferred - dummy variable created
[2026.09.09-10.26.30:120][  0]LogConfig: CVar [[VersionedIntRValues:r.Shaders.GenerateSymbols]] deferred - dummy variable created
[2026.09.09-10.26.30:120][  0]LogConfig: CVar [[VersionedIntRValues:r.Shaders.WriteSymbols]] deferred - dummy variable created
[2026.09.09-10.26.30:120][  0]LogConfig: CVar [[VersionedIntRValues:r.Shaders.AllowUniqueSymbols]] deferred - dummy variable created
[2026.09.09-10.26.30:120][  0]LogConfig: CVar [[VersionedIntRValues:r.Shaders.ExtraData]] deferred - dummy variable created
[2026.09.09-10.26.30:120][  0]LogConfig: CVar [[VersionedIntRValues:r.Shaders.Optimize]] deferred - dummy variable created
[2026.09.09-10.26.30:120][  0]LogConfig: CVar [[VersionedIntRValues:r.CompileShadersForDevelopment]] deferred - dummy variable created
[2026.09.09-10.26.30:120][  0]LogConfig: CVar [[VersionedIntRValues:r.MobileHDR]] deferred - dummy variable created
[2026.09.09-10.26.30:120][  0]LogConfig: CVar [[VersionedIntRValues:r.UsePreExposure]] deferred - dummy variable created
[2026.09.09-10.26.30:123][  0]LogCsvProfiler: Display: Metadata set : systemresolution.resx="2560"
[2026.09.09-10.26.30:123][  0]LogCsvProfiler: Display: Metadata set : systemresolution.resy="1440"
[2026.09.09-10.26.30:124][  0]LogConfig: Applying CVar settings from Section [ViewDistanceQuality@3] File [Scalability]
[2026.09.09-10.26.30:124][  0]LogConfig: Set CVar [[r.SkeletalMeshLODBias:0]]
[2026.09.09-10.26.30:124][  0]LogConfig: Set CVar [[r.ViewDistanceScale:1.0]]
[2026.09.09-10.26.30:124][  0]LogConfig: Set CVar [[foliage.DensityScale:1.0]]
[2026.09.09-10.26.30:124][  0]LogConfig: Set CVar [[grass.DensityScale:1.0]]
[2026.09.09-10.26.30:124][  0]LogConfig: Applying CVar settings from Section [AntiAliasingQuality@3] File [Scalability]
[2026.09.09-10.26.30:124][  0]LogConfig: Set CVar [[r.FXAA.Quality:4]]
[2026.09.09-10.26.30:124][  0]LogConfig: Set CVar [[r.TemporalAA.Quality:2]]
[2026.09.09-10.26.30:124][  0]LogConfig: Set CVar [[r.TSR.History.R11G11B10:1]]
[2026.09.09-10.26.30:124][  0]LogConfig: Set CVar [[r.TSR.History.ScreenPercentage:200]]
[2026.09.09-10.26.30:124][  0]LogConfig: Set CVar [[r.TSR.History.UpdateQuality:3]]
[2026.09.09-10.26.30:124][  0]LogConfig: Set CVar [[r.TSR.ShadingRejection.Flickering:1]]
[2026.09.09-10.26.30:124][  0]LogConfig: Set CVar [[r.TSR.RejectionAntiAliasingQuality:2]]
[2026.09.09-10.26.30:124][  0]LogConfig: Set CVar [[r.TSR.ReprojectionField:1]]
[2026.09.09-10.26.30:124][  0]LogConfig: Set CVar [[r.TSR.Resurrection:1]]
[2026.09.09-10.26.30:124][  0]LogConfig: Applying CVar settings from Section [ShadowQuality@3] File [Scalability]
[2026.09.09-10.26.30:124][  0]LogConfig: Set CVar [[r.LightFunctionQuality:1]]
[2026.09.09-10.26.30:124][  0]LogConfig: Set CVar [[r.ShadowQuality:5]]
[2026.09.09-10.26.30:124][  0]LogConfig: Set CVar [[r.Shadow.CSM.MaxCascades:10]]
[2026.09.09-10.26.30:124][  0]LogConfig: Set CVar [[r.Shadow.MaxResolution:2048]]
[2026.09.09-10.26.30:124][  0]LogConfig: Set CVar [[r.Shadow.MaxCSMResolution:2048]]
[2026.09.09-10.26.30:124][  0]LogConfig: Set CVar [[r.Shadow.RadiusThreshold:0.01]]
[2026.09.09-10.26.30:124][  0]LogConfig: Set CVar [[r.Shadow.DistanceScale:1.0]]
[2026.09.09-10.26.30:124][  0]LogConfig: Set CVar [[r.Shadow.CSM.TransitionScale:1.0]]
[2026.09.09-10.26.30:124][  0]LogConfig: Set CVar [[r.Shadow.PreShadowResolutionFactor:1.0]]
[2026.09.09-10.26.30:124][  0]LogConfig: Set CVar [[r.DistanceFieldShadowing:1]]
[2026.09.09-10.26.30:124][  0]LogConfig: Set CVar [[r.VolumetricFog:1]]
[2026.09.09-10.26.30:124][  0]LogConfig: Set CVar [[r.VolumetricFog.GridPixelSize:8]]
[2026.09.09-10.26.30:124][  0]LogConfig: Set CVar [[r.VolumetricFog.GridSizeZ:128]]
[2026.09.09-10.26.30:124][  0]LogConfig: Set CVar [[r.VolumetricFog.HistoryMissSupersampleCount:4]]
[2026.09.09-10.26.30:124][  0]LogConfig: Set CVar [[r.LightMaxDrawDistanceScale:1]]
[2026.09.09-10.26.30:124][  0]LogConfig: Set CVar [[r.CapsuleShadows:1]]
[2026.09.09-10.26.30:124][  0]LogConfig: Set CVar [[r.Shadow.Virtual.MaxPhysicalPages:4096]]
[2026.09.09-10.26.30:124][  0]LogConfig: Set CVar [[r.Shadow.Virtual.ResolutionLodBiasDirectional:-1.5]]
[2026.09.09-10.26.30:124][  0]LogConfig: Set CVar [[r.Shadow.Virtual.ResolutionLodBiasDirectionalMoving:-1.5]]
[2026.09.09-10.26.30:124][  0]LogConfig: Set CVar [[r.Shadow.Virtual.ResolutionLodBiasLocal:0.0]]
[2026.09.09-10.26.30:124][  0]LogConfig: Set CVar [[r.Shadow.Virtual.ResolutionLodBiasLocalMoving:1.0]]
[2026.09.09-10.26.30:124][  0]LogConfig: Set CVar [[r.Shadow.Virtual.SMRT.RayCountDirectional:8]]
[2026.09.09-10.26.30:124][  0]LogConfig: Set CVar [[r.Shadow.Virtual.SMRT.SamplesPerRayDirectional:4]]
[2026.09.09-10.26.30:124][  0]LogConfig: Set CVar [[r.Shadow.Virtual.SMRT.RayCountLocal:8]]
[2026.09.09-10.26.30:124][  0]LogConfig: Set CVar [[r.Shadow.Virtual.SMRT.SamplesPerRayLocal:4]]
[2026.09.09-10.26.30:124][  0]LogConfig: Applying CVar settings from Section [GlobalIlluminationQuality@3] File [Scalability]
[2026.09.09-10.26.30:124][  0]LogConfig: Set CVar [[r.DistanceFieldAO:0]]
[2026.09.09-10.26.30:124][  0]LogConfig: Set CVar [[r.SkylightIntensityMultiplier:1.0]]
[2026.09.09-10.26.30:124][  0]LogConfig: Set CVar [[r.AOQuality:2]]
[2026.09.09-10.26.30:124][  0]LogConfig: Set CVar [[r.Lumen.DiffuseIndirect.Allow:1]]
[2026.09.09-10.26.30:124][  0]LogConfig: Set CVar [[r.LumenScene.DirectLighting.MaxLightsPerTile:8]]
[2026.09.09-10.26.30:124][  0]LogConfig: Set CVar [[r.LumenScene.DirectLighting.UpdateFactor:32]]
[2026.09.09-10.26.30:124][  0]LogConfig: Set CVar [[r.LumenScene.Radiosity.UpdateFactor:64]]
[2026.09.09-10.26.30:124][  0]LogConfig: Set CVar [[r.LumenScene.Radiosity.ProbeSpacing:4]]
[2026.09.09-10.26.30:124][  0]LogConfig: Set CVar [[r.LumenScene.Radiosity.HemisphereProbeResolution:4]]
[2026.09.09-10.26.30:124][  0]LogConfig: Set CVar [[r.Lumen.TraceMeshSDFs.Allow:1]]
[2026.09.09-10.26.30:124][  0]LogConfig: Set CVar [[r.Lumen.ScreenProbeGather.RadianceCache.ProbeResolution:32]]
[2026.09.09-10.26.30:124][  0]LogConfig: Set CVar [[r.Lumen.ScreenProbeGather.RadianceCache.NumProbesToTraceBudget:100]]
[2026.09.09-10.26.30:124][  0]LogConfig: Set CVar [[r.Lumen.ScreenProbeGather.DownsampleFactor:16]]
[2026.09.09-10.26.30:124][  0]LogConfig: Set CVar [[r.Lumen.ScreenProbeGather.NumAdaptiveProbes:8]]
[2026.09.09-10.26.30:124][  0]LogConfig: Set CVar [[r.Lumen.ScreenProbeGather.TracingOctahedronResolution:8]]
[2026.09.09-10.26.30:124][  0]LogConfig: Set CVar [[r.Lumen.ScreenProbeGather.IrradianceFormat:0]]
[2026.09.09-10.26.30:124][  0]LogConfig: Set CVar [[r.Lumen.ScreenProbeGather.StochasticInterpolation:0]]
[2026.09.09-10.26.30:124][  0]LogConfig: Set CVar [[r.Lumen.ScreenProbeGather.FullResolutionJitterWidth:1]]
[2026.09.09-10.26.30:124][  0]LogConfig: Set CVar [[r.Lumen.ScreenProbeGather.TwoSidedFoliageBackfaceDiffuse:1]]
[2026.09.09-10.26.30:124][  0]LogConfig: Set CVar [[r.Lumen.ScreenProbeGather.ScreenTraces.HZBTraversal.FullResDepth:1]]
[2026.09.09-10.26.30:124][  0]LogConfig: Set CVar [[r.Lumen.ScreenProbeGather.ShortRangeAO.HardwareRayTracing:0]]
[2026.09.09-10.26.30:124][  0]LogConfig: Set CVar [[r.Lumen.ScreenProbeGather.ShortRangeAO.BentNormal:1]]
[2026.09.09-10.26.30:124][  0]LogConfig: Set CVar [[r.Lumen.TranslucencyVolume.GridPixelSize:32]]
[2026.09.09-10.26.30:124][  0]LogConfig: Set CVar [[r.Lumen.TranslucencyVolume.TraceFromVolume:1]]
[2026.09.09-10.26.30:124][  0]LogConfig: Set CVar [[r.Lumen.TranslucencyVolume.TracingOctahedronResolution:3]]
[2026.09.09-10.26.30:124][  0]LogConfig: Set CVar [[r.Lumen.TranslucencyVolume.RadianceCache.ProbeResolution:8]]
[2026.09.09-10.26.30:124][  0]LogConfig: Set CVar [[r.Lumen.TranslucencyVolume.RadianceCache.NumProbesToTraceBudget:70]]
[2026.09.09-10.26.30:124][  0]LogConfig: Set CVar [[r.RayTracing.Scene.BuildMode:1]]
[2026.09.09-10.26.30:124][  0]LogConfig: Applying CVar settings from Section [ReflectionQuality@3] File [Scalability]
[2026.09.09-10.26.30:124][  0]LogConfig: Set CVar [[r.SSR.Quality:3]]
[2026.09.09-10.26.30:124][  0]LogConfig: Set CVar [[r.SSR.HalfResSceneColor:0]]
[2026.09.09-10.26.30:124][  0]LogConfig: Set CVar [[r.Lumen.Reflections.Allow:1]]
[2026.09.09-10.26.30:124][  0]LogConfig: Set CVar [[r.Lumen.Reflections.DownsampleFactor:2]]
[2026.09.09-10.26.30:124][  0]LogConfig: Set CVar [[r.Lumen.Reflections.MaxRoughnessToTraceForFoliage:0.4]]
[2026.09.09-10.26.30:124][  0]LogConfig: Set CVar [[r.Lumen.ScreenProbeGather.MaxRoughnessToEvaluateRoughSpecularForFoliage:0.8]]
[2026.09.09-10.26.30:124][  0]LogConfig: Set CVar [[r.Lumen.Reflections.ScreenSpaceReconstruction.NumSamples:5]]
[2026.09.09-10.26.30:124][  0]LogConfig: Set CVar [[r.Lumen.Reflections.ScreenSpaceReconstruction.MinWeight:0]]
[2026.09.09-10.26.30:124][  0]LogConfig: Set CVar [[r.Lumen.TranslucencyReflections.FrontLayer.Allow:1]]
[2026.09.09-10.26.30:124][  0]LogConfig: Set CVar [[r.Lumen.TranslucencyReflections.FrontLayer.Enable:0]]
[2026.09.09-10.26.30:124][  0]LogConfig: Set CVar [[r.Lumen.Reflections.RadianceCache:1]]
[2026.09.09-10.26.30:124][  0]LogConfig: Applying CVar settings from Section [PostProcessQuality@3] File [Scalability]
[2026.09.09-10.26.30:124][  0]LogConfig: Set CVar [[r.MotionBlurQuality:4]]
[2026.09.09-10.26.30:124][  0]LogConfig: Set CVar [[r.MotionBlur.HalfResGather:0]]
[2026.09.09-10.26.30:124][  0]LogConfig: Set CVar [[r.AmbientOcclusionMipLevelFactor:0.4]]
[2026.09.09-10.26.30:124][  0]LogConfig: Set CVar [[r.AmbientOcclusionMaxQuality:100]]
[2026.09.09-10.26.30:124][  0]LogConfig: Set CVar [[r.AmbientOcclusionLevels:-1]]
[2026.09.09-10.26.30:124][  0]LogConfig: Set CVar [[r.AmbientOcclusionRadiusScale:1.0]]
[2026.09.09-10.26.30:124][  0]LogConfig: Set CVar [[r.DepthOfFieldQuality:2]]
[2026.09.09-10.26.30:124][  0]LogConfig: Set CVar [[r.RenderTargetPoolMin:400]]
[2026.09.09-10.26.30:124][  0]LogConfig: Set CVar [[r.LensFlareQuality:2]]
[2026.09.09-10.26.30:124][  0]LogConfig: Set CVar [[r.SceneColorFringeQuality:1]]
[2026.09.09-10.26.30:124][  0]LogConfig: Set CVar [[r.EyeAdaptationQuality:2]]
[2026.09.09-10.26.30:124][  0]LogConfig: Set CVar [[r.BloomQuality:5]]
[2026.09.09-10.26.30:124][  0]LogConfig: Set CVar [[r.Bloom.ScreenPercentage:50.000]]
[2026.09.09-10.26.30:124][  0]LogConfig: Set CVar [[r.FastBlurThreshold:100]]
[2026.09.09-10.26.30:124][  0]LogConfig: Set CVar [[r.Upscale.Quality:3]]
[2026.09.09-10.26.30:124][  0]LogConfig: Set CVar [[r.LightShaftQuality:1]]
[2026.09.09-10.26.30:124][  0]LogConfig: Set CVar [[r.Filter.SizeScale:1]]
[2026.09.09-10.26.30:124][  0]LogConfig: Set CVar [[r.Tonemapper.Quality:5]]
[2026.09.09-10.26.30:124][  0]LogConfig: Set CVar [[r.DOF.Gather.ResolutionDivisor:2         ; lower gathering resolution]]
[2026.09.09-10.26.30:124][  0]LogConfig: Set CVar [[r.DOF.Gather.AccumulatorQuality:1        ; higher gathering accumulator quality]]
[2026.09.09-10.26.30:124][  0]LogConfig: Set CVar [[r.DOF.Gather.PostfilterMethod:1          ; Median3x3 postfilering method]]
[2026.09.09-10.26.30:124][  0]LogConfig: Set CVar [[r.DOF.Gather.EnableBokehSettings:0       ; no bokeh simulation when gathering]]
[2026.09.09-10.26.30:124][  0]LogConfig: Set CVar [[r.DOF.Gather.RingCount:4                 ; medium number of samples when gathering]]
[2026.09.09-10.26.30:124][  0]LogConfig: Set CVar [[r.DOF.Scatter.ForegroundCompositing:1    ; additive foreground scattering]]
[2026.09.09-10.26.30:124][  0]LogConfig: Set CVar [[r.DOF.Scatter.BackgroundCompositing:2    ; additive background scattering]]
[2026.09.09-10.26.30:124][  0]LogConfig: Set CVar [[r.DOF.Scatter.EnableBokehSettings:1      ; bokeh simulation when scattering]]
[2026.09.09-10.26.30:124][  0]LogConfig: Set CVar [[r.DOF.Scatter.MaxSpriteRatio:0.1         ; only a maximum of 10% of scattered bokeh]]
[2026.09.09-10.26.30:124][  0]LogConfig: Set CVar [[r.DOF.Recombine.Quality:1                ; cheap slight out of focus]]
[2026.09.09-10.26.30:124][  0]LogConfig: Set CVar [[r.DOF.Recombine.EnableBokehSettings:0    ; no bokeh simulation on slight out of focus]]
[2026.09.09-10.26.30:124][  0]LogConfig: Set CVar [[r.DOF.TemporalAAQuality:1                ; more stable temporal accumulation]]
[2026.09.09-10.26.30:124][  0]LogConfig: Set CVar [[r.DOF.Kernel.MaxForegroundRadius:0.025]]
[2026.09.09-10.26.30:124][  0]LogConfig: Set CVar [[r.DOF.Kernel.MaxBackgroundRadius:0.025]]
[2026.09.09-10.26.30:124][  0]LogConfig: Applying CVar settings from Section [TextureQuality@3] File [Scalability]
[2026.09.09-10.26.30:124][  0]LogConfig: Set CVar [[r.Streaming.MipBias:0]]
[2026.09.09-10.26.30:124][  0]LogConfig: Set CVar [[r.Streaming.AmortizeCPUToGPUCopy:0]]
[2026.09.09-10.26.30:124][  0]LogConfig: Set CVar [[r.Streaming.MaxNumTexturesToStreamPerFrame:0]]
[2026.09.09-10.26.30:124][  0]LogConfig: Set CVar [[r.Streaming.Boost:1]]
[2026.09.09-10.26.30:124][  0]LogConfig: Set CVar [[r.MaxAnisotropy:8]]
[2026.09.09-10.26.30:124][  0]LogConfig: Set CVar [[r.VT.MaxAnisotropy:8]]
[2026.09.09-10.26.30:124][  0]LogConfig: Set CVar [[r.Streaming.LimitPoolSizeToVRAM:0]]
[2026.09.09-10.26.30:124][  0]LogConfig: Set CVar [[r.Streaming.PoolSize:1000]]
[2026.09.09-10.26.30:124][  0]LogConfig: Set CVar [[r.Streaming.MaxEffectiveScreenSize:0]]
[2026.09.09-10.26.30:124][  0]LogConfig: Applying CVar settings from Section [EffectsQuality@3] File [Scalability]
[2026.09.09-10.26.30:124][  0]LogConfig: Set CVar [[r.TranslucencyLightingVolumeDim:64]]
[2026.09.09-10.26.30:124][  0]LogConfig: Set CVar [[r.RefractionQuality:2]]
[2026.09.09-10.26.30:124][  0]LogConfig: Set CVar [[r.SceneColorFormat:4]]
[2026.09.09-10.26.30:124][  0]LogConfig: Set CVar [[r.DetailMode:3]]
[2026.09.09-10.26.30:124][  0]LogConfig: Set CVar [[r.TranslucencyVolumeBlur:1]]
[2026.09.09-10.26.30:124][  0]LogConfig: Set CVar [[r.MaterialQualityLevel:1 ; High quality]]
[2026.09.09-10.26.30:124][  0]LogConfig: Set CVar [[r.SSS.Scale:1]]
[2026.09.09-10.26.30:124][  0]LogConfig: Set CVar [[r.SSS.SampleSet:2]]
[2026.09.09-10.26.30:124][  0]LogConfig: Set CVar [[r.SSS.Quality:1]]
[2026.09.09-10.26.30:124][  0]LogConfig: Set CVar [[r.SSS.HalfRes:0]]
[2026.09.09-10.26.30:124][  0]LogConfig: Set CVar [[r.SSGI.Quality:3]]
[2026.09.09-10.26.30:124][  0]LogConfig: Set CVar [[r.EmitterSpawnRateScale:1.0]]
[2026.09.09-10.26.30:124][  0]LogConfig: Set CVar [[r.ParticleLightQuality:2]]
[2026.09.09-10.26.30:124][  0]LogConfig: Set CVar [[r.SkyAtmosphere.AerialPerspectiveLUT.FastApplyOnOpaque:1 ; Always have FastSkyLUT 1 in this case to avoid wrong sky]]
[2026.09.09-10.26.30:124][  0]LogConfig: Set CVar [[r.SkyAtmosphere.AerialPerspectiveLUT.SampleCountMaxPerSlice:4]]
[2026.09.09-10.26.30:124][  0]LogConfig: Set CVar [[r.SkyAtmosphere.AerialPerspectiveLUT.DepthResolution:16.0]]
[2026.09.09-10.26.30:124][  0]LogConfig: Set CVar [[r.SkyAtmosphere.FastSkyLUT:1]]
[2026.09.09-10.26.30:124][  0]LogConfig: Set CVar [[r.SkyAtmosphere.FastSkyLUT.SampleCountMin:4.0]]
[2026.09.09-10.26.30:124][  0]LogConfig: Set CVar [[r.SkyAtmosphere.FastSkyLUT.SampleCountMax:128.0]]
[2026.09.09-10.26.30:124][  0]LogConfig: Set CVar [[r.SkyAtmosphere.SampleCountMin:4.0]]
[2026.09.09-10.26.30:124][  0]LogConfig: Set CVar [[r.SkyAtmosphere.SampleCountMax:128.0]]
[2026.09.09-10.26.30:124][  0]LogConfig: Set CVar [[r.SkyAtmosphere.TransmittanceLUT.UseSmallFormat:0]]
[2026.09.09-10.26.30:124][  0]LogConfig: Set CVar [[r.SkyAtmosphere.TransmittanceLUT.SampleCount:10.0]]
[2026.09.09-10.26.30:124][  0]LogConfig: Set CVar [[r.SkyAtmosphere.MultiScatteringLUT.SampleCount:15.0]]
[2026.09.09-10.26.30:124][  0]LogConfig: Set CVar [[fx.Niagara.QualityLevel:3]]
[2026.09.09-10.26.30:124][  0]LogConfig: Set CVar [[r.Refraction.OffsetQuality:1]]
[2026.09.09-10.26.30:124][  0]LogConfig: Set CVar [[r.HeterogeneousVolumes.DownsampleFactor:2]]
[2026.09.09-10.26.30:124][  0]LogConfig: Set CVar [[r.HeterogeneousVolumes.MaxStepCount:256]]
[2026.09.09-10.26.30:124][  0]LogConfig: Set CVar [[r.HeterogeneousVolumes.Shadows.Resolution:256]]
[2026.09.09-10.26.30:124][  0]LogConfig: Set CVar [[r.HeterogeneousVolumes.Shadows.MaxSampleCount:8]]
[2026.09.09-10.26.30:124][  0]LogConfig: Set CVar [[r.HeterogeneousVolumes.UseExistenceMask:0]]
[2026.09.09-10.26.30:124][  0]LogConfig: Applying CVar settings from Section [FoliageQuality@3] File [Scalability]
[2026.09.09-10.26.30:124][  0]LogConfig: Applying CVar settings from Section [ShadingQuality@3] File [Scalability]
[2026.09.09-10.26.30:124][  0]LogConfig: Set CVar [[r.HairStrands.SkyLighting.IntegrationType:2]]
[2026.09.09-10.26.30:124][  0]LogConfig: Set CVar [[r.HairStrands.SkyAO.SampleCount:4]]
[2026.09.09-10.26.30:124][  0]LogConfig: Set CVar [[r.HairStrands.Visibility.MSAA.SamplePerPixel:4]]
[2026.09.09-10.26.30:124][  0]LogConfig: Set CVar [[r.AnisotropicMaterials:1]]
[2026.09.09-10.26.30:124][  0]LogConfig: Applying CVar settings from Section [LandscapeQuality@3] File [Scalability]
[2026.09.09-10.26.30:128][  0]LogRHI: Using Default RHI: D3D12
[2026.09.09-10.26.30:128][  0]LogRHI: Using Highest Feature Level of D3D12: SM6
[2026.09.09-10.26.30:128][  0]LogRHI: Loading RHI module D3D12RHI
[2026.09.09-10.26.30:132][  0]LogD3D12RHI: Loading WinPixEventRuntime.dll for PIX profiling (from ../../../Engine/Binaries/ThirdParty/Windows/WinPixEventRuntime/x64).
[2026.09.09-10.26.30:132][  0]LogRHI: Checking if RHI D3D12 with Feature Level SM6 is supported by your system.
[2026.09.09-10.26.30:576][  0]LogD3D12RHI: Found D3D12 adapter 0: NVIDIA RTX A4000 (VendorId: 10de, DeviceId: 24b0, SubSysId: 14ad1028, Revision: 00a1
[2026.09.09-10.26.30:576][  0]LogD3D12RHI:   Max supported Feature Level 12_2, shader model 6.7, binding tier 3, wave ops supported, atomic64 supported
[2026.09.09-10.26.30:576][  0]LogD3D12RHI:   Adapter has 16169MB of dedicated video memory, 0MB of dedicated system memory, and 104237MB of shared system memory, 1 output[s], UMA:false
[2026.09.09-10.26.30:576][  0]LogD3D12RHI:   Driver Version: 595.95 (internal:32.0.15.9595, unified:595.95)
[2026.09.09-10.26.30:576][  0]LogD3D12RHI:      Driver Date: 3-15-2026
[2026.09.09-10.26.30:588][  0]LogD3D12RHI: Found D3D12 adapter 1: Microsoft Basic Render Driver (VendorId: 1414, DeviceId: 008c, SubSysId: 0000, Revision: 0000
[2026.09.09-10.26.30:590][  0]LogD3D12RHI:   Max supported Feature Level 12_1, shader model 6.7, binding tier 3, wave ops supported, atomic64 supported
[2026.09.09-10.26.30:590][  0]LogD3D12RHI:   Adapter has 0MB of dedicated video memory, 0MB of dedicated system memory, and 104237MB of shared system memory, 0 output[s], UMA:true
[2026.09.09-10.26.30:590][  0]LogD3D12RHI: DirectX Agility SDK runtime found.
[2026.09.09-10.26.30:590][  0]LogD3D12RHI: Chosen D3D12 Adapter Id = 0
[2026.09.09-10.26.30:590][  0]LogRHI: RHI D3D12 with Feature Level SM6 is supported and will be used.
[2026.09.09-10.26.30:590][  0]LogInit: Selected Device Profile: [WindowsEditor]
[2026.09.09-10.26.30:590][  0]LogHAL: Display: Platform has ~ 128 GB [136626503680 / 137438953472 / 128], which maps to Largest [LargestMinGB=32, LargerMinGB=12, DefaultMinGB=8, SmallerMinGB=6, SmallestMinGB=0)
[2026.09.09-10.26.30:590][  0]LogDeviceProfileManager: Going up to parent DeviceProfile [Windows]
[2026.09.09-10.26.30:590][  0]LogDeviceProfileManager: Going up to parent DeviceProfile []
[2026.09.09-10.26.30:590][  0]LogConfig: Set CVar [[dp.AllowScalabilityGroupsToChangeAtRuntime:1]]
[2026.09.09-10.26.30:590][  0]LogDeviceProfileManager: Pushing Device Profile CVar: [[UI.SlateSDFText.RasterizationMode:Bitmap -> Msdf]]
[2026.09.09-10.26.30:590][  0]LogDeviceProfileManager: Pushing Device Profile CVar: [[UI.SlateSDFText.ResolutionLevel:2 -> 2]]
[2026.09.09-10.26.30:591][  0]LogConfig: Applying CVar settings from Section [Startup] File [../../../Engine/Config/ConsoleVariables.ini]
[2026.09.09-10.26.30:591][  0]LogConfig: Set CVar [[r.DumpShaderDebugInfo:2]]
[2026.09.09-10.26.30:591][  0]LogConfig: Set CVar [[p.chaos.AllowCreatePhysxBodies:1]]
[2026.09.09-10.26.30:591][  0]LogConfig: Set CVar [[fx.SkipVectorVMBackendOptimizations:1]]
[2026.09.09-10.26.30:591][  0]LogConfig: CVar [[ds.CADTranslator.Meshing.ActivateThinZoneMeshing:0]] deferred - dummy variable created
[2026.09.09-10.26.30:591][  0]LogConfig: CVar [[ds.CADTranslator.Stitching.RemoveThinFaces:0]] deferred - dummy variable created
[2026.09.09-10.26.30:591][  0]LogConfig: Applying CVar settings from Section [Startup_Windows] File [../../../Engine/Config/ConsoleVariables.ini]
[2026.09.09-10.26.30:591][  0]LogConfig: Applying CVar settings from Section [ConsoleVariables] File [Engine]
[2026.09.09-10.26.30:591][  0]LogConfig: Set CVar [[net.MaxRPCPerNetUpdate:10]]
[2026.09.09-10.26.30:591][  0]LogConfig: Set CVar [[net.PingExcludeFrameTime:1]]
[2026.09.09-10.26.30:591][  0]LogConfig: Set CVar [[net.AllowAsyncLoading:1]]
[2026.09.09-10.26.30:591][  0]LogConfig: Set CVar [[net.DelayUnmappedRPCs:1]]
[2026.09.09-10.26.30:591][  0]LogConfig: Set CVar [[net.AllowPIESeamlessTravel:1]]
[2026.09.09-10.26.30:591][  0]LogConfig: Set CVar [[a.EnableQueuedAnimEventsOnServer:1]]
[2026.09.09-10.26.30:591][  0]LogConfig: CVar [[gpad.DefaultLeftStickInnerDeadZone:0.24]] deferred - dummy variable created
[2026.09.09-10.26.30:591][  0]LogConfig: CVar [[gpad.DefaultRightStickInnerDeadZone:0.27]] deferred - dummy variable created
[2026.09.09-10.26.30:591][  0]LogConfig: Set CVar [[demo.RecordHz:60.0]]
[2026.09.09-10.26.30:591][  0]LogConfig: Set CVar [[demo.RecordHzWhenNotRelevant:10.0]]
[2026.09.09-10.26.30:591][  0]LogConfig: Set CVar [[tick.AllowBatchedTicks:1]]
[2026.09.09-10.26.30:591][  0]LogConfig: Set CVar [[ini.UseNewDynamicLayers:1]]
[2026.09.09-10.26.30:591][  0]LogConfig: Set CVar [[r.PSOPrecaching:1]]
[2026.09.09-10.26.30:591][  0]LogConfig: Applying CVar settings from Section [ConsoleVariables] File [C:/Users/user/Documents/Unreal Projects/LyraStarterGame/Saved/Config/WindowsEditor/Editor.ini]
[2026.09.09-10.26.30:591][  0]LogInit: Computer: V304-18
[2026.09.09-10.26.30:591][  0]LogInit: User: user
[2026.09.09-10.26.30:591][  0]LogInit: CPU Page size=4096, Cores=8
[2026.09.09-10.26.30:591][  0]LogInit: High frequency timer resolution =10.000000 MHz
[2026.09.09-10.26.30:591][  0]LogMemory: Process is running as part of a Windows Job with separate resource limits
[2026.09.09-10.26.30:591][  0]LogMemory: Memory total: Physical=127.2GB (128GB approx) Virtual=135.2GB
[2026.09.09-10.26.30:591][  0]LogMemory: Platform Memory Stats for WindowsEditor
[2026.09.09-10.26.30:591][  0]LogMemory: Process Physical Memory: 731.98 MB used, 763.55 MB peak
[2026.09.09-10.26.30:591][  0]LogMemory: Process Virtual Memory: 747.03 MB used, 754.27 MB peak
[2026.09.09-10.26.30:591][  0]LogMemory: Physical Memory: 32992.67 MB used,  97304.52 MB free, 130297.19 MB total
[2026.09.09-10.26.30:591][  0]LogMemory: Virtual Memory: 34921.07 MB used,  103568.12 MB free, 138489.19 MB total
[2026.09.09-10.26.30:591][  0]LogCsvProfiler: Display: Metadata set : extradevelopmentmemorymb="0"
[2026.09.09-10.26.30:598][  0]LogWindows: WindowsPlatformFeatures enabled
[2026.09.09-10.26.30:603][  0]LogChaosDD: Chaos Debug Draw Startup
[2026.09.09-10.26.30:603][  0]LogInit: Physics initialised using underlying interface: Chaos
[2026.09.09-10.26.30:604][  0]LogInit: Using OS detected language (ko-KR).
[2026.09.09-10.26.30:604][  0]LogInit: Using OS detected locale (ko-KR).
[2026.09.09-10.26.30:612][  0]LogTextLocalizationManager: No specific localization for 'ko-KR' exists, so 'ko' will be used for the language.
[2026.09.09-10.26.31:041][  0]LogTextLocalizationResource: Warning: Text translation conflict for namespace "DynamicRHI" and key "NullDrvFailure".
[2026.09.09-10.26.31:041][  0]LogTextLocalizationResource: The current translation is "NullDrv 실패?" (from "../../../Engine/Content/Localization/Engine/ko/Engine.locres" and source hash 0xf9aa387f) and the conflicting translation of "NullDrv 장애?" (from "../../../../../../Users/user/Documents/Unreal Projects/LyraStarterGame/Content/Localization/EngineOverrides/ko/EngineOverrides.locres" and source hash 0xf9aa387f) will be ignored.
[2026.09.09-10.26.31:041][  0]LogTextLocalizationResource: Warning: Text translation conflict for namespace "GenericPlatform" and key "FileManagerName".
[2026.09.09-10.26.31:041][  0]LogTextLocalizationResource: The current translation is "파일 매니저" (from "../../../Engine/Content/Localization/Engine/ko/Engine.locres" and source hash 0xa64cf298) and the conflicting translation of "파일 관리자" (from "../../../../../../Users/user/Documents/Unreal Projects/LyraStarterGame/Content/Localization/EngineOverrides/ko/EngineOverrides.locres" and source hash 0xa64cf298) will be ignored.
[2026.09.09-10.26.31:041][  0]LogTextLocalizationResource: Warning: Text translation conflict for namespace "GpuProfiler" and key "GpuProfileVsyncEnabledWarning".
[2026.09.09-10.26.31:041][  0]LogTextLocalizationResource: The current translation is "경고: 이 GPU 프로파일은 수직 동기화가 활성화된 상태로 캡처됐습니다.  수직 동기화 대기 시간이 모든 버킷에서 나타날 수 있으며, 그 결과로 이 프로파일의 데이터가 왜곡될 수 있습니다. 가장 정확한 결과를 얻으려면 수직 동기화를 비활성화한 상태로 프로파일링하세요." (from "../../../Engine/Content/Localization/Engine/ko/Engine.locres" and source hash 0xfb67d9a7) and the conflicting translation of "경고: 이 GPU 프로필은 수직 동기화 활성화 상태에서 캡처되었습니다.  수직 동기화 대기 시간은 어느 버킷에서도 나타날 수 있으며, 그 결과로 이 프로필의 데이터가 왜곡될 수 있습니다. 가장 정확한 데이터를 얻으려면 수직 동기화 비활성화 상태로 프로필을 캡처해 주십시오." (from "../../../../../../Users/user/Documents/Unreal Projects/LyraStarterGame/Content/Localization/EngineOverrides/ko/EngineOverrides.locres" and source hash 0xfb67d9a7) will be ignored.
[2026.09.09-10.26.31:041][  0]LogTextLocalizationResource: Warning: Text translation conflict for namespace "InputKeys" and key "Ampersand".
[2026.09.09-10.26.31:041][  0]LogTextLocalizationResource: The current translation is "앤드기호" (from "../../../Engine/Content/Localization/Engine/ko/Engine.locres" and source hash 0xa174bc72) and the conflicting translation of "앰퍼샌드" (from "../../../../../../Users/user/Documents/Unreal Projects/LyraStarterGame/Content/Localization/EngineOverrides/ko/EngineOverrides.locres" and source hash 0xa174bc72) will be ignored.
[2026.09.09-10.26.31:041][  0]LogTextLocalizationResource: Warning: Text translation conflict for namespace "InputKeys" and key "AndroidSubCateogry".
[2026.09.09-10.26.31:041][  0]LogTextLocalizationResource: The current translation is "Android" (from "../../../Engine/Content/Localization/Engine/ko/Engine.locres" and source hash 0x4e890216) and the conflicting translation of "안드로이드" (from "../../../../../../Users/user/Documents/Unreal Projects/LyraStarterGame/Content/Localization/EngineOverrides/ko/EngineOverrides.locres" and source hash 0x4e890216) will be ignored.
[2026.09.09-10.26.31:041][  0]LogTextLocalizationResource: Warning: Text translation conflict for namespace "InputKeys" and key "Android_Back".
[2026.09.09-10.26.31:041][  0]LogTextLocalizationResource: The current translation is "Android 뒤로" (from "../../../Engine/Content/Localization/Engine/ko/Engine.locres" and source hash 0xe718bc2d) and the conflicting translation of "안드로이드 뒤로" (from "../../../../../../Users/user/Documents/Unreal Projects/LyraStarterGame/Content/Localization/EngineOverrides/ko/EngineOverrides.locres" and source hash 0xe718bc2d) will be ignored.
[2026.09.09-10.26.31:041][  0]LogTextLocalizationResource: Warning: Text translation conflict for namespace "InputKeys" and key "Android_Menu".
[2026.09.09-10.26.31:041][  0]LogTextLocalizationResource: The current translation is "Android 메뉴" (from "../../../Engine/Content/Localization/Engine/ko/Engine.locres" and source hash 0x4137d515) and the conflicting translation of "안드로이드 메뉴" (from "../../../../../../Users/user/Documents/Unreal Projects/LyraStarterGame/Content/Localization/EngineOverrides/ko/EngineOverrides.locres" and source hash 0x4137d515) will be ignored.
[2026.09.09-10.26.31:041][  0]LogTextLocalizationResource: Warning: Text translation conflict for namespace "InputKeys" and key "Android_Volume_Down".
[2026.09.09-10.26.31:041][  0]LogTextLocalizationResource: The current translation is "Android 볼륨 낮춤" (from "../../../Engine/Content/Localization/Engine/ko/Engine.locres" and source hash 0x81fde248) and the conflicting translation of "안드로이드 볼륨다운" (from "../../../../../../Users/user/Documents/Unreal Projects/LyraStarterGame/Content/Localization/EngineOverrides/ko/EngineOverrides.locres" and source hash 0x81fde248) will be ignored.
[2026.09.09-10.26.31:041][  0]LogTextLocalizationResource: Warning: Text translation conflict for namespace "InputKeys" and key "Android_Volume_Up".
[2026.09.09-10.26.31:041][  0]LogTextLocalizationResource: The current translation is "Android 볼륨 높임" (from "../../../Engine/Content/Localization/Engine/ko/Engine.locres" and source hash 0xef5d6994) and the conflicting translation of "안드로이드 볼륨업" (from "../../../../../../Users/user/Documents/Unreal Projects/LyraStarterGame/Content/Localization/EngineOverrides/ko/EngineOverrides.locres" and source hash 0xef5d6994) will be ignored.
[2026.09.09-10.26.31:041][  0]LogTextLocalizationResource: Warning: Text translation conflict for namespace "InputKeys" and key "Apostrophe".
[2026.09.09-10.26.31:041][  0]LogTextLocalizationResource: The current translation is "아포스트로피" (from "../../../Engine/Content/Localization/Engine/ko/Engine.locres" and source hash 0xe9e8e414) and the conflicting translation of "'" (from "../../../../../../Users/user/Documents/Unreal Projects/LyraStarterGame/Content/Localization/EngineOverrides/ko/EngineOverrides.locres" and source hash 0xe9e8e414) will be ignored.
[2026.09.09-10.26.31:041][  0]LogTextLocalizationResource: Warning: Text translation conflict for namespace "InputKeys" and key "Asterix".
[2026.09.09-10.26.31:041][  0]LogTextLocalizationResource: The current translation is "별표" (from "../../../Engine/Content/Localization/Engine/ko/Engine.locres" and source hash 0x36d83a89) and the conflicting translation of "*" (from "../../../../../../Users/user/Documents/Unreal Projects/LyraStarterGame/Content/Localization/EngineOverrides/ko/EngineOverrides.locres" and source hash 0x36d83a89) will be ignored.
[2026.09.09-10.26.31:041][  0]LogTextLocalizationResource: Warning: Text translation conflict for namespace "InputKeys" and key "Caret".
[2026.09.09-10.26.31:041][  0]LogTextLocalizationResource: The current translation is "삽입 기호" (from "../../../Engine/Content/Localization/Engine/ko/Engine.locres" and source hash 0xb68aec38) and the conflicting translation of "캐럿" (from "../../../../../../Users/user/Documents/Unreal Projects/LyraStarterGame/Content/Localization/EngineOverrides/ko/EngineOverrides.locres" and source hash 0xb68aec38) will be ignored.
[2026.09.09-10.26.31:041][  0]LogTextLocalizationResource: Warning: Text translation conflict for namespace "InputKeys" and key "Colon".
[2026.09.09-10.26.31:041][  0]LogTextLocalizationResource: The current translation is "콜론" (from "../../../Engine/Content/Localization/Engine/ko/Engine.locres" and source hash 0xdd458f42) and the conflicting translation of ":" (from "../../../../../../Users/user/Documents/Unreal Projects/LyraStarterGame/Content/Localization/EngineOverrides/ko/EngineOverrides.locres" and source hash 0xdd458f42) will be ignored.
[2026.09.09-10.26.31:041][  0]LogTextLocalizationResource: Warning: Text translation conflict for namespace "InputKeys" and key "Comma".
[2026.09.09-10.26.31:041][  0]LogTextLocalizationResource: The current translation is "콤마" (from "../../../Engine/Content/Localization/Engine/ko/Engine.locres" and source hash 0x5ca6d406) and the conflicting translation of "," (from "../../../../../../Users/user/Documents/Unreal Projects/LyraStarterGame/Content/Localization/EngineOverrides/ko/EngineOverrides.locres" and source hash 0x5ca6d406) will be ignored.
[2026.09.09-10.26.31:041][  0]LogTextLocalizationResource: Warning: Text translation conflict for namespace "InputKeys" and key "Dollar".
[2026.09.09-10.26.31:041][  0]LogTextLocalizationResource: The current translation is "달러기호" (from "../../../Engine/Content/Localization/Engine/ko/Engine.locres" and source hash 0xd1cc9902) and the conflicting translation of "달러" (from "../../../../../../Users/user/Documents/Unreal Projects/LyraStarterGame/Content/Localization/EngineOverrides/ko/EngineOverrides.locres" and source hash 0xd1cc9902) will be ignored.
[2026.09.09-10.26.31:041][  0]LogTextLocalizationResource: Warning: Text translation conflict for namespace "InputKeys" and key "Down".
[2026.09.09-10.26.31:041][  0]LogTextLocalizationResource: The current translation is "아래" (from "../../../Engine/Content/Localization/Engine/ko/Engine.locres" and source hash 0x315e1ae8) and the conflicting translation of "아래쪽 화살표" (from "../../../../../../Users/user/Documents/Unreal Projects/LyraStarterGame/Content/Localization/EngineOverrides/ko/EngineOverrides.locres" and source hash 0x315e1ae8) will be ignored.
[2026.09.09-10.26.31:041][  0]LogTextLocalizationResource: Warning: Text translation conflict for namespace "InputKeys" and key "XBoxOne_Gamepad_Special_Left".
[2026.09.09-10.26.31:041][  0]LogTextLocalizationResource: The current translation is "게임패드 뒤" (from "../../../Engine/Content/Localization/Engine/ko/Engine.locres" and source hash 0x15e548d7) and the conflicting translation of "게임패드 뒤로" (from "../../../../../../Users/user/Documents/Unreal Projects/LyraStarterGame/Content/Localization/EngineOverrides/ko/EngineOverrides.locres" and source hash 0x15e548d7) will be ignored.
[2026.09.09-10.26.31:041][  0]LogTextLocalizationResource: Warning: Text translation conflict for namespace "InputKeys" and key "PS4_Gamepad_FaceButton_Right".
[2026.09.09-10.26.31:041][  0]LogTextLocalizationResource: The current translation is "게임패드 서클" (from "../../../Engine/Content/Localization/Engine/ko/Engine.locres" and source hash 0x2996d110) and the conflicting translation of "게임패드 원" (from "../../../../../../Users/user/Documents/Unreal Projects/LyraStarterGame/Content/Localization/EngineOverrides/ko/EngineOverrides.locres" and source hash 0x2996d110) will be ignored.
[2026.09.09-10.26.31:041][  0]LogTextLocalizationResource: Warning: Text translation conflict for namespace "InputKeys" and key "Gamepad_DPad_Down".
[2026.09.09-10.26.31:041][  0]LogTextLocalizationResource: The current translation is "게임패드 D패드 하" (from "../../../Engine/Content/Localization/Engine/ko/Engine.locres" and source hash 0x812fa798) and the conflicting translation of "게임패드 방향키 아래" (from "../../../../../../Users/user/Documents/Unreal Projects/LyraStarterGame/Content/Localization/EngineOverrides/ko/EngineOverrides.locres" and source hash 0x812fa798) will be ignored.
[2026.09.09-10.26.31:041][  0]LogTextLocalizationResource: Warning: Text translation conflict for namespace "InputKeys" and key "Gamepad_DPad_Left".
[2026.09.09-10.26.31:041][  0]LogTextLocalizationResource: The current translation is "게임패트 D패드 좌" (from "../../../Engine/Content/Localization/Engine/ko/Engine.locres" and source hash 0x97be56f8) and the conflicting translation of "게임패드 방향키 왼쪽" (from "../../../../../../Users/user/Documents/Unreal Projects/LyraStarterGame/Content/Localization/EngineOverrides/ko/EngineOverrides.locres" and source hash 0x97be56f8) will be ignored.
[2026.09.09-10.26.31:041][  0]LogTextLocalizationResource: Warning: Text translation conflict for namespace "InputKeys" and key "Gamepad_DPad_Right".
[2026.09.09-10.26.31:041][  0]LogTextLocalizationResource: The current translation is "게임패드 D패드 우" (from "../../../Engine/Content/Localization/Engine/ko/Engine.locres" and source hash 0x147a5acd) and the conflicting translation of "게임패드 방향키 오른쪽" (from "../../../../../../Users/user/Documents/Unreal Projects/LyraStarterGame/Content/Localization/EngineOverrides/ko/EngineOverrides.locres" and source hash 0x147a5acd) will be ignored.
[2026.09.09-10.26.31:041][  0]LogTextLocalizationResource: Warning: Text translation conflict for namespace "InputKeys" and key "Gamepad_DPad_Up".
[2026.09.09-10.26.31:041][  0]LogTextLocalizationResource: The current translation is "게임패드 D패드 상" (from "../../../Engine/Content/Localization/Engine/ko/Engine.locres" and source hash 0x7e21472b) and the conflicting translation of "게임패드 방향키 위" (from "../../../../../../Users/user/Documents/Unreal Projects/LyraStarterGame/Content/Localization/EngineOverrides/ko/EngineOverrides.locres" and source hash 0x7e21472b) will be ignored.
[2026.09.09-10.26.31:041][  0]LogTextLocalizationResource: Warning: Text translation conflict for namespace "InputKeys" and key "Gamepad_FaceButton_Bottom".
[2026.09.09-10.26.31:041][  0]LogTextLocalizationResource: The current translation is "게임패드 전면 아래 버튼" (from "../../../Engine/Content/Localization/Engine/ko/Engine.locres" and source hash 0x2f9dfd4c) and the conflicting translation of "게임패드 전면 버튼 아래" (from "../../../../../../Users/user/Documents/Unreal Projects/LyraStarterGame/Content/Localization/EngineOverrides/ko/EngineOverrides.locres" and source hash 0x2f9dfd4c) will be ignored.
[2026.09.09-10.26.31:041][  0]LogTextLocalizationResource: Warning: Text translation conflict for namespace "InputKeys" and key "Gamepad_FaceButton_Left".
[2026.09.09-10.26.31:041][  0]LogTextLocalizationResource: The current translation is "게임패드 전면 왼쪽 버튼" (from "../../../Engine/Content/Localization/Engine/ko/Engine.locres" and source hash 0x779640b1) and the conflicting translation of "게임패드 전면 버튼 왼쪽" (from "../../../../../../Users/user/Documents/Unreal Projects/LyraStarterGame/Content/Localization/EngineOverrides/ko/EngineOverrides.locres" and source hash 0x779640b1) will be ignored.
[2026.09.09-10.26.31:041][  0]LogTextLocalizationResource: Warning: Text translation conflict for namespace "InputKeys" and key "Gamepad_FaceButton_Right".
[2026.09.09-10.26.31:041][  0]LogTextLocalizationResource: The current translation is "게임패드 전면 오른쪽 버튼" (from "../../../Engine/Content/Localization/Engine/ko/Engine.locres" and source hash 0x179ade6a) and the conflicting translation of "게임패드 전면 버튼 오른쪽" (from "../../../../../../Users/user/Documents/Unreal Projects/LyraStarterGame/Content/Localization/EngineOverrides/ko/EngineOverrides.locres" and source hash 0x179ade6a) will be ignored.
[2026.09.09-10.26.31:041][  0]LogTextLocalizationResource: Warning: Text translation conflict for namespace "InputKeys" and key "Gamepad_FaceButton_Top".
[2026.09.09-10.26.31:041][  0]LogTextLocalizationResource: The current translation is "게임패드 전면 위 버튼" (from "../../../Engine/Content/Localization/Engine/ko/Engine.locres" and source hash 0x96dbd804) and the conflicting translation of "게임패드 전면 버튼 위" (from "../../../../../../Users/user/Documents/Unreal Projects/LyraStarterGame/Content/Localization/EngineOverrides/ko/EngineOverrides.locres" and source hash 0x96dbd804) will be ignored.
[2026.09.09-10.26.31:041][  0]LogTextLocalizationResource: Warning: Text translation conflict for namespace "InputKeys" and key "Gamepad_Left2D".
[2026.09.09-10.26.31:041][  0]LogTextLocalizationResource: The current translation is "게임패드 왼쪽 썸스틱 2D 축" (from "../../../Engine/Content/Localization/Engine/ko/Engine.locres" and source hash 0x22e5d28d) and the conflicting translation of "게임패드 좌측 썸스틱 2D축" (from "../../../../../../Users/user/Documents/Unreal Projects/LyraStarterGame/Content/Localization/EngineOverrides/ko/EngineOverrides.locres" and source hash 0x22e5d28d) will be ignored.
[2026.09.09-10.26.31:041][  0]LogTextLocalizationResource: Warning: Text translation conflict for namespace "InputKeys" and key "Gamepad_LeftThumbstick".
[2026.09.09-10.26.31:041][  0]LogTextLocalizationResource: The current translation is "게임패드 왼쪽 썸스틱 버튼" (from "../../../Engine/Content/Localization/Engine/ko/Engine.locres" and source hash 0xc36646e9) and the conflicting translation of "게임패드 왼쪽 스틱 버튼" (from "../../../../../../Users/user/Documents/Unreal Projects/LyraStarterGame/Content/Localization/EngineOverrides/ko/EngineOverrides.locres" and source hash 0xc36646e9) will be ignored.
[2026.09.09-10.26.31:041][  0]LogTextLocalizationResource: Warning: Text translation conflict for namespace "InputKeys" and key "Gamepad_LeftStick_Down".
[2026.09.09-10.26.31:041][  0]LogTextLocalizationResource: The current translation is "게임패드 왼쪽 썸스틱 하" (from "../../../Engine/Content/Localization/Engine/ko/Engine.locres" and source hash 0x1b71384f) and the conflicting translation of "게임패드 왼쪽 스틱 아래" (from "../../../../../../Users/user/Documents/Unreal Projects/LyraStarterGame/Content/Localization/EngineOverrides/ko/EngineOverrides.locres" and source hash 0x1b71384f) will be ignored.
[2026.09.09-10.26.31:041][  0]LogTextLocalizationResource: Warning: Text translation conflict for namespace "InputKeys" and key "Gamepad_LeftStick_Left".
[2026.09.09-10.26.31:041][  0]LogTextLocalizationResource: The current translation is "게임패드 왼쪽 썸스틱 좌" (from "../../../Engine/Content/Localization/Engine/ko/Engine.locres" and source hash 0x0de0c92f) and the conflicting translation of "게임패드 왼쪽 스틱 왼쪽" (from "../../../../../../Users/user/Documents/Unreal Projects/LyraStarterGame/Content/Localization/EngineOverrides/ko/EngineOverrides.locres" and source hash 0x0de0c92f) will be ignored.
[2026.09.09-10.26.31:041][  0]LogTextLocalizationResource: Warning: Text translation conflict for namespace "InputKeys" and key "Gamepad_LeftStick_Right".
[2026.09.09-10.26.31:041][  0]LogTextLocalizationResource: The current translation is "게임패드 왼쪽 썸스틱 우" (from "../../../Engine/Content/Localization/Engine/ko/Engine.locres" and source hash 0x6d542ea0) and the conflicting translation of "게임패드 왼쪽 스틱 오른쪽" (from "../../../../../../Users/user/Documents/Unreal Projects/LyraStarterGame/Content/Localization/EngineOverrides/ko/EngineOverrides.locres" and source hash 0x6d542ea0) will be ignored.
[2026.09.09-10.26.31:041][  0]LogTextLocalizationResource: Warning: Text translation conflict for namespace "InputKeys" and key "Gamepad_LeftStick_Up".
[2026.09.09-10.26.31:041][  0]LogTextLocalizationResource: The current translation is "게임패드 왼쪽 썸스틱 상" (from "../../../Engine/Content/Localization/Engine/ko/Engine.locres" and source hash 0x1388c97e) and the conflicting translation of "게임패드 왼쪽 스틱 위" (from "../../../../../../Users/user/Documents/Unreal Projects/LyraStarterGame/Content/Localization/EngineOverrides/ko/EngineOverrides.locres" and source hash 0x1388c97e) will be ignored.
[2026.09.09-10.26.31:041][  0]LogTextLocalizationResource: Warning: Text translation conflict for namespace "InputKeys" and key "Gamepad_LeftX".
[2026.09.09-10.26.31:041][  0]LogTextLocalizationResource: The current translation is "게임패드 왼쪽 썸스틱 X축" (from "../../../Engine/Content/Localization/Engine/ko/Engine.locres" and source hash 0x15894755) and the conflicting translation of "게임패드 왼쪽 스틱 X-축" (from "../../../../../../Users/user/Documents/Unreal Projects/LyraStarterGame/Content/Localization/EngineOverrides/ko/EngineOverrides.locres" and source hash 0x15894755) will be ignored.
[2026.09.09-10.26.31:041][  0]LogTextLocalizationResource: Warning: Text translation conflict for namespace "InputKeys" and key "Gamepad_LeftY".
[2026.09.09-10.26.31:041][  0]LogTextLocalizationResource: The current translation is "게임패드 왼쪽 썸스틱 Y축" (from "../../../Engine/Content/Localization/Engine/ko/Engine.locres" and source hash 0x94ac2272) and the conflicting translation of "게임패드 왼쪽 스틱 Y-축" (from "../../../../../../Users/user/Documents/Unreal Projects/LyraStarterGame/Content/Localization/EngineOverrides/ko/EngineOverrides.locres" and source hash 0x94ac2272) will be ignored.
[2026.09.09-10.26.31:041][  0]LogTextLocalizationResource: Warning: Text translation conflict for namespace "InputKeys" and key "PS4_Gamepad_Special_Right".
[2026.09.09-10.26.31:041][  0]LogTextLocalizationResource: The current translation is "게임패드 옵션" (from "../../../Engine/Content/Localization/Engine/ko/Engine.locres" and source hash 0x9c6abe61) and the conflicting translation of "게임패드 설정" (from "../../../../../../Users/user/Documents/Unreal Projects/LyraStarterGame/Content/Localization/EngineOverrides/ko/EngineOverrides.locres" and source hash 0x9c6abe61) will be ignored.
[2026.09.09-10.26.31:041][  0]LogTextLocalizationResource: Warning: Text translation conflict for namespace "InputKeys" and key "Gamepad_Right2D".
[2026.09.09-10.26.31:041][  0]LogTextLocalizationResource: The current translation is "게임패드 오른쪽 썸스틱 2D 축" (from "../../../Engine/Content/Localization/Engine/ko/Engine.locres" and source hash 0x6aec3203) and the conflicting translation of "게임패드 우측 썸스틱 2D축" (from "../../../../../../Users/user/Documents/Unreal Projects/LyraStarterGame/Content/Localization/EngineOverrides/ko/EngineOverrides.locres" and source hash 0x6aec3203) will be ignored.
[2026.09.09-10.26.31:041][  0]LogTextLocalizationResource: Warning: Text translation conflict for namespace "InputKeys" and key "Gamepad_RightThumbstick".
[2026.09.09-10.26.31:041][  0]LogTextLocalizationResource: The current translation is "게임패드 오른쪽 썸스틱 버튼" (from "../../../Engine/Content/Localization/Engine/ko/Engine.locres" and source hash 0x7e84d635) and the conflicting translation of "게임패드 오른쪽 스틱 버튼" (from "../../../../../../Users/user/Documents/Unreal Projects/LyraStarterGame/Content/Localization/EngineOverrides/ko/EngineOverrides.locres" and source hash 0x7e84d635) will be ignored.
[2026.09.09-10.26.31:041][  0]LogTextLocalizationResource: Warning: Text translation conflict for namespace "InputKeys" and key "Gamepad_RightStick_Down".
[2026.09.09-10.26.31:041][  0]LogTextLocalizationResource: The current translation is "게임패드 오른쪽 썸스틱 하" (from "../../../Engine/Content/Localization/Engine/ko/Engine.locres" and source hash 0xc71592f3) and the conflicting translation of "게임패드 오른쪽 스틱 아래" (from "../../../../../../Users/user/Documents/Unreal Projects/LyraStarterGame/Content/Localization/EngineOverrides/ko/EngineOverrides.locres" and source hash 0xc71592f3) will be ignored.
[2026.09.09-10.26.31:041][  0]LogTextLocalizationResource: Warning: Text translation conflict for namespace "InputKeys" and key "Gamepad_RightStick_Left".
[2026.09.09-10.26.31:041][  0]LogTextLocalizationResource: The current translation is "게임패드 오른쪽 썸스틱 좌" (from "../../../Engine/Content/Localization/Engine/ko/Engine.locres" and source hash 0xd1846393) and the conflicting translation of "게임패드 오른쪽 스틱 왼쪽" (from "../../../../../../Users/user/Documents/Unreal Projects/LyraStarterGame/Content/Localization/EngineOverrides/ko/EngineOverrides.locres" and source hash 0xd1846393) will be ignored.
[2026.09.09-10.26.31:041][  0]LogTextLocalizationResource: Warning: Text translation conflict for namespace "InputKeys" and key "Gamepad_RightStick_Right".
[2026.09.09-10.26.31:041][  0]LogTextLocalizationResource: The current translation is "게임패드 오른쪽 썸스틱 우" (from "../../../Engine/Content/Localization/Engine/ko/Engine.locres" and source hash 0x60eb3768) and the conflicting translation of "게임패드 오른쪽 스틱 오른쪽" (from "../../../../../../Users/user/Documents/Unreal Projects/LyraStarterGame/Content/Localization/EngineOverrides/ko/EngineOverrides.locres" and source hash 0x60eb3768) will be ignored.
[2026.09.09-10.26.31:041][  0]LogTextLocalizationResource: Warning: Text translation conflict for namespace "InputKeys" and key "Gamepad_RightStick_Up".
[2026.09.09-10.26.31:041][  0]LogTextLocalizationResource: The current translation is "게임패드 오른쪽 썸스틱 상" (from "../../../Engine/Content/Localization/Engine/ko/Engine.locres" and source hash 0x39873e9a) and the conflicting translation of "게임패드 오른쪽 스틱 위" (from "../../../../../../Users/user/Documents/Unreal Projects/LyraStarterGame/Content/Localization/EngineOverrides/ko/EngineOverrides.locres" and source hash 0x39873e9a) will be ignored.
[2026.09.09-10.26.31:041][  0]LogTextLocalizationResource: Warning: Text translation conflict for namespace "InputKeys" and key "Gamepad_RightX".
[2026.09.09-10.26.31:041][  0]LogTextLocalizationResource: The current translation is "게임패드 오른쪽 썸스틱 X축" (from "../../../Engine/Content/Localization/Engine/ko/Engine.locres" and source hash 0xa86bd789) and the conflicting translation of "게임패드 오른쪽 스틱 X-축" (from "../../../../../../Users/user/Documents/Unreal Projects/LyraStarterGame/Content/Localization/EngineOverrides/ko/EngineOverrides.locres" and source hash 0xa86bd789) will be ignored.
[2026.09.09-10.26.31:041][  0]LogTextLocalizationResource: Warning: Text translation conflict for namespace "InputKeys" and key "Gamepad_RightY".
[2026.09.09-10.26.31:041][  0]LogTextLocalizationResource: The current translation is "게임패드 오른쪽 썸스틱 Y축" (from "../../../Engine/Content/Localization/Engine/ko/Engine.locres" and source hash 0x294eb2ae) and the conflicting translation of "게임패드 왼쪽 스틱 Y-축" (from "../../../../../../Users/user/Documents/Unreal Projects/LyraStarterGame/Content/Localization/EngineOverrides/ko/EngineOverrides.locres" and source hash 0x294eb2ae) will be ignored.
[2026.09.09-10.26.31:041][  0]LogTextLocalizationResource: Warning: Text translation conflict for namespace "InputKeys" and key "Gamepad_Special_Left".
[2026.09.09-10.26.31:041][  0]LogTextLocalizationResource: The current translation is "게임패드 특수 왼쪽" (from "../../../Engine/Content/Localization/Engine/ko/Engine.locres" and source hash 0xc9def1dc) and the conflicting translation of "게임패드 스페셜 왼쪽" (from "../../../../../../Users/user/Documents/Unreal Projects/LyraStarterGame/Content/Localization/EngineOverrides/ko/EngineOverrides.locres" and source hash 0xc9def1dc) will be ignored.
[2026.09.09-10.26.31:041][  0]LogTextLocalizationResource: Warning: Text translation conflict for namespace "InputKeys" and key "Gamepad_Special_Right".
[2026.09.09-10.26.31:041][  0]LogTextLocalizationResource: The current translation is "게임패드 특수 오른쪽" (from "../../../Engine/Content/Localization/Engine/ko/Engine.locres" and source hash 0x0e333e15) and the conflicting translation of "게임패드 스페셜 오른쪽" (from "../../../../../../Users/user/Documents/Unreal Projects/LyraStarterGame/Content/Localization/EngineOverrides/ko/EngineOverrides.locres" and source hash 0x0e333e15) will be ignored.
[2026.09.09-10.26.31:041][  0]LogTextLocalizationResource: Warning: Text translation conflict for namespace "InputKeys" and key "PS4_Gamepad_FaceButton_Left".
[2026.09.09-10.26.31:041][  0]LogTextLocalizationResource: The current translation is "게임패드 네모" (from "../../../Engine/Content/Localization/Engine/ko/Engine.locres" and source hash 0x53139649) and the conflicting translation of "게임패드 사각형" (from "../../../../../../Users/user/Documents/Unreal Projects/LyraStarterGame/Content/Localization/EngineOverrides/ko/EngineOverrides.locres" and source hash 0x53139649) will be ignored.
[2026.09.09-10.26.31:041][  0]LogTextLocalizationResource: Warning: Text translation conflict for namespace "InputKeys" and key "PS4_Gamepad_FaceButton_Top".
[2026.09.09-10.26.31:041][  0]LogTextLocalizationResource: The current translation is "게임패드 트라이앵글" (from "../../../Engine/Content/Localization/Engine/ko/Engine.locres" and source hash 0x7db089e5) and the conflicting translation of "게임패드 삼각형" (from "../../../../../../Users/user/Documents/Unreal Projects/LyraStarterGame/Content/Localization/EngineOverrides/ko/EngineOverrides.locres" and source hash 0x7db089e5) will be ignored.
[2026.09.09-10.26.31:041][  0]LogTextLocalizationResource: Warning: Text translation conflict for namespace "InputKeys" and key "GestureSubCateogry".
[2026.09.09-10.26.31:041][  0]LogTextLocalizationResource: The current translation is "제스처" (from "../../../Engine/Content/Localization/Engine/ko/Engine.locres" and source hash 0xec77b219) and the conflicting translation of "제스쳐" (from "../../../../../../Users/user/Documents/Unreal Projects/LyraStarterGame/Content/Localization/EngineOverrides/ko/EngineOverrides.locres" and source hash 0xec77b219) will be ignored.
[2026.09.09-10.26.31:041][  0]LogTextLocalizationResource: Warning: Text translation conflict for namespace "InputKeys" and key "Global_View".
[2026.09.09-10.26.31:041][  0]LogTextLocalizationResource: The current translation is "글로벌 뷰" (from "../../../Engine/Content/Localization/Engine/ko/Engine.locres" and source hash 0x3021a0cf) and the conflicting translation of "글로벌 보기" (from "../../../../../../Users/user/Documents/Unreal Projects/LyraStarterGame/Content/Localization/EngineOverrides/ko/EngineOverrides.locres" and source hash 0x3021a0cf) will be ignored.
[2026.09.09-10.26.31:042][  0]LogTextLocalizationResource: Warning: Text translation conflict for namespace "InputKeys" and key "Hyphen".
[2026.09.09-10.26.31:042][  0]LogTextLocalizationResource: The current translation is "하이픈" (from "../../../Engine/Content/Localization/Engine/ko/Engine.locres" and source hash 0xd2a43de7) and the conflicting translation of "-" (from "../../../../../../Users/user/Documents/Unreal Projects/LyraStarterGame/Content/Localization/EngineOverrides/ko/EngineOverrides.locres" and source hash 0xd2a43de7) will be ignored.
[2026.09.09-10.26.31:042][  0]LogTextLocalizationResource: Warning: Text translation conflict for namespace "InputKeys" and key "LeftMouseButtonShort".
[2026.09.09-10.26.31:042][  0]LogTextLocalizationResource: The current translation is "LMB" (from "../../../Engine/Content/Localization/Engine/ko/Engine.locres" and source hash 0xcd397b94) and the conflicting translation of "마우스 왼쪽 버튼" (from "../../../../../../Users/user/Documents/Unreal Projects/LyraStarterGame/Content/Localization/EngineOverrides/ko/EngineOverrides.locres" and source hash 0xcd397b94) will be ignored.
[2026.09.09-10.26.31:042][  0]LogTextLocalizationResource: Warning: Text translation conflict for namespace "InputKeys" and key "Left".
[2026.09.09-10.26.31:042][  0]LogTextLocalizationResource: The current translation is "왼쪽" (from "../../../Engine/Content/Localization/Engine/ko/Engine.locres" and source hash 0x27cfeb88) and the conflicting translation of "왼쪽 화살표" (from "../../../../../../Users/user/Documents/Unreal Projects/LyraStarterGame/Content/Localization/EngineOverrides/ko/EngineOverrides.locres" and source hash 0x27cfeb88) will be ignored.
[2026.09.09-10.26.31:042][  0]LogTextLocalizationResource: Warning: Text translation conflict for namespace "InputKeys" and key "MiddleMouseButton".
[2026.09.09-10.26.31:042][  0]LogTextLocalizationResource: The current translation is "마우스 가운데 버튼" (from "../../../Engine/Content/Localization/Engine/ko/Engine.locres" and source hash 0x8f2da35b) and the conflicting translation of "가운데 마우스 버튼" (from "../../../../../../Users/user/Documents/Unreal Projects/LyraStarterGame/Content/Localization/EngineOverrides/ko/EngineOverrides.locres" and source hash 0x8f2da35b) will be ignored.
[2026.09.09-10.26.31:042][  0]LogTextLocalizationResource: Warning: Text translation conflict for namespace "InputKeys" and key "MixedReality_Left_Grip_Click".
[2026.09.09-10.26.31:042][  0]LogTextLocalizationResource: The current translation is "Mixed Reality (L) 그립" (from "../../../Engine/Content/Localization/Engine/ko/Engine.locres" and source hash 0xbb8ae260) and the conflicting translation of "혼합 현실 (좌) 그립" (from "../../../../../../Users/user/Documents/Unreal Projects/LyraStarterGame/Content/Localization/EngineOverrides/ko/EngineOverrides.locres" and source hash 0xbb8ae260) will be ignored.
[2026.09.09-10.26.31:042][  0]LogTextLocalizationResource: Warning: Text translation conflict for namespace "InputKeys" and key "MixedReality_Left_Menu_Click".
[2026.09.09-10.26.31:042][  0]LogTextLocalizationResource: The current translation is "Mixed Reality (L) 메뉴" (from "../../../Engine/Content/Localization/Engine/ko/Engine.locres" and source hash 0x0aa2a514) and the conflicting translation of "혼합 현실 (좌) 메뉴" (from "../../../../../../Users/user/Documents/Unreal Projects/LyraStarterGame/Content/Localization/EngineOverrides/ko/EngineOverrides.locres" and source hash 0x0aa2a514) will be ignored.
[2026.09.09-10.26.31:042][  0]LogTextLocalizationResource: Warning: Text translation conflict for namespace "InputKeys" and key "MixedReality_Left_Thumbstick_2D".
[2026.09.09-10.26.31:042][  0]LogTextLocalizationResource: The current translation is "Mixed Reality(L) 썸스틱 2D 축" (from "../../../Engine/Content/Localization/Engine/ko/Engine.locres" and source hash 0x71881f70) and the conflicting translation of "Mixed Reality(좌) 스틱 2D" (from "../../../../../../Users/user/Documents/Unreal Projects/LyraStarterGame/Content/Localization/EngineOverrides/ko/EngineOverrides.locres" and source hash 0x71881f70) will be ignored.
[2026.09.09-10.26.31:042][  0]LogTextLocalizationResource: Warning: Text translation conflict for namespace "InputKeys" and key "MixedReality_Left_Thumbstick_Click".
[2026.09.09-10.26.31:042][  0]LogTextLocalizationResource: The current translation is "Mixed Reality(L) 썸스틱 버튼" (from "../../../Engine/Content/Localization/Engine/ko/Engine.locres" and source hash 0x99545f39) and the conflicting translation of "Mixed Reality (좌) 스틱 버튼" (from "../../../../../../Users/user/Documents/Unreal Projects/LyraStarterGame/Content/Localization/EngineOverrides/ko/EngineOverrides.locres" and source hash 0x99545f39) will be ignored.
[2026.09.09-10.26.31:042][  0]LogTextLocalizationResource: Warning: Text translation conflict for namespace "InputKeys" and key "MixedReality_Left_Thumbstick_Down".
[2026.09.09-10.26.31:042][  0]LogTextLocalizationResource: The current translation is "Mixed Reality (L) 썸스틱 아래" (from "../../../Engine/Content/Localization/Engine/ko/Engine.locres" and source hash 0x4ebde4e8) and the conflicting translation of "혼합 현실 (좌) 스틱 아래" (from "../../../../../../Users/user/Documents/Unreal Projects/LyraStarterGame/Content/Localization/EngineOverrides/ko/EngineOverrides.locres" and source hash 0x4ebde4e8) will be ignored.
[2026.09.09-10.26.31:042][  0]LogTextLocalizationResource: Warning: Text translation conflict for namespace "InputKeys" and key "MixedReality_Left_Thumbstick_Left".
[2026.09.09-10.26.31:042][  0]LogTextLocalizationResource: The current translation is "Mixed Reality (L) 썸스틱 왼쪽" (from "../../../Engine/Content/Localization/Engine/ko/Engine.locres" and source hash 0x582c1588) and the conflicting translation of "혼합 현실 (좌) 스틱 왼쪽" (from "../../../../../../Users/user/Documents/Unreal Projects/LyraStarterGame/Content/Localization/EngineOverrides/ko/EngineOverrides.locres" and source hash 0x582c1588) will be ignored.
[2026.09.09-10.26.31:042][  0]LogTextLocalizationResource: Warning: Text translation conflict for namespace "InputKeys" and key "MixedReality_Left_Thumbstick_Right".
[2026.09.09-10.26.31:042][  0]LogTextLocalizationResource: The current translation is "Mixed Reality (L) 썸스틱 오른쪽" (from "../../../Engine/Content/Localization/Engine/ko/Engine.locres" and source hash 0x4535fe71) and the conflicting translation of "혼합 현실 (좌) 스틱 오른쪽" (from "../../../../../../Users/user/Documents/Unreal Projects/LyraStarterGame/Content/Localization/EngineOverrides/ko/EngineOverrides.locres" and source hash 0x4535fe71) will be ignored.
[2026.09.09-10.26.31:042][  0]LogTextLocalizationResource: Warning: Text translation conflict for namespace "InputKeys" and key "MixedReality_Left_Thumbstick_Up".
[2026.09.09-10.26.31:042][  0]LogTextLocalizationResource: The current translation is "Mixed Reality (L) 썸스틱 위" (from "../../../Engine/Content/Localization/Engine/ko/Engine.locres" and source hash 0x7f480c26) and the conflicting translation of "혼합 현실 (좌) 스틱 위" (from "../../../../../../Users/user/Documents/Unreal Projects/LyraStarterGame/Content/Localization/EngineOverrides/ko/EngineOverrides.locres" and source hash 0x7f480c26) will be ignored.
[2026.09.09-10.26.31:042][  0]LogTextLocalizationResource: Warning: Text translation conflict for namespace "InputKeys" and key "MixedReality_Left_Thumbstick_X".
[2026.09.09-10.26.31:042][  0]LogTextLocalizationResource: The current translation is "HP Mixed Reality(L) 썸스틱 X 축" (from "../../../Engine/Content/Localization/Engine/ko/Engine.locres" and source hash 0x4fbb5e85) and the conflicting translation of "Mixed Reality (좌) 스틱 X" (from "../../../../../../Users/user/Documents/Unreal Projects/LyraStarterGame/Content/Localization/EngineOverrides/ko/EngineOverrides.locres" and source hash 0x4fbb5e85) will be ignored.
[2026.09.09-10.26.31:042][  0]LogTextLocalizationResource: Warning: Text translation conflict for namespace "InputKeys" and key "MixedReality_Left_Thumbstick_Y".
[2026.09.09-10.26.31:042][  0]LogTextLocalizationResource: The current translation is "HP Mixed Reality(L) 썸스틱 Y 축" (from "../../../Engine/Content/Localization/Engine/ko/Engine.locres" and source hash 0xce9e3ba2) and the conflicting translation of "Mixed Reality (좌) 스틱 Y" (from "../../../../../../Users/user/Documents/Unreal Projects/LyraStarterGame/Content/Localization/EngineOverrides/ko/EngineOverrides.locres" and source hash 0xce9e3ba2) will be ignored.
[2026.09.09-10.26.31:042][  0]LogTextLocalizationResource: Warning: Text translation conflict for namespace "InputKeys" and key "MixedReality_Left_Trackpad_2D".
[2026.09.09-10.26.31:042][  0]LogTextLocalizationResource: The current translation is "Mixed Reality(L) 트랙패드 2D 축" (from "../../../Engine/Content/Localization/Engine/ko/Engine.locres" and source hash 0x7f9acc3e) and the conflicting translation of "Mixed Reality (좌) 트랙패드 2D" (from "../../../../../../Users/user/Documents/Unreal Projects/LyraStarterGame/Content/Localization/EngineOverrides/ko/EngineOverrides.locres" and source hash 0x7f9acc3e) will be ignored.
[2026.09.09-10.26.31:042][  0]LogTextLocalizationResource: Warning: Text translation conflict for namespace "InputKeys" and key "MixedReality_Left_Trackpad_Click".
[2026.09.09-10.26.31:042][  0]LogTextLocalizationResource: The current translation is "Mixed Reality(L) 트랙패드 버튼" (from "../../../Engine/Content/Localization/Engine/ko/Engine.locres" and source hash 0xccdbd750) and the conflicting translation of "Mixed Reality (좌) 트랙패드 버튼" (from "../../../../../../Users/user/Documents/Unreal Projects/LyraStarterGame/Content/Localization/EngineOverrides/ko/EngineOverrides.locres" and source hash 0xccdbd750) will be ignored.
[2026.09.09-10.26.31:042][  0]LogTextLocalizationResource: Warning: Text translation conflict for namespace "InputKeys" and key "MixedReality_Left_Trackpad_Down".
[2026.09.09-10.26.31:042][  0]LogTextLocalizationResource: The current translation is "Mixed Reality (L) 트랙패드 아래" (from "../../../Engine/Content/Localization/Engine/ko/Engine.locres" and source hash 0x57a9171f) and the conflicting translation of "혼합 현실 (좌) 트랙패드 아래" (from "../../../../../../Users/user/Documents/Unreal Projects/LyraStarterGame/Content/Localization/EngineOverrides/ko/EngineOverrides.locres" and source hash 0x57a9171f) will be ignored.
[2026.09.09-10.26.31:042][  0]LogTextLocalizationResource: Warning: Text translation conflict for namespace "InputKeys" and key "MixedReality_Left_Trackpad_Left".
[2026.09.09-10.26.31:042][  0]LogTextLocalizationResource: The current translation is "Mixed Reality (L) 트랙패드 왼쪽" (from "../../../Engine/Content/Localization/Engine/ko/Engine.locres" and source hash 0x4138e67f) and the conflicting translation of "혼합 현실 (좌) 트랙패드 왼쪽" (from "../../../../../../Users/user/Documents/Unreal Projects/LyraStarterGame/Content/Localization/EngineOverrides/ko/EngineOverrides.locres" and source hash 0x4138e67f) will be ignored.
[2026.09.09-10.26.31:042][  0]LogTextLocalizationResource: Warning: Text translation conflict for namespace "InputKeys" and key "MixedReality_Left_Trackpad_Right".
[2026.09.09-10.26.31:042][  0]LogTextLocalizationResource: The current translation is "Mixed Reality (L) 트랙패드 오른쪽" (from "../../../Engine/Content/Localization/Engine/ko/Engine.locres" and source hash 0xa3c36273) and the conflicting translation of "혼합 현실 (좌) 트랙패드 오른쪽" (from "../../../../../../Users/user/Documents/Unreal Projects/LyraStarterGame/Content/Localization/EngineOverrides/ko/EngineOverrides.locres" and source hash 0xa3c36273) will be ignored.
[2026.09.09-10.26.31:042][  0]LogTextLocalizationResource: Warning: Text translation conflict for namespace "InputKeys" and key "MixedReality_Left_Trackpad_Touch".
[2026.09.09-10.26.31:042][  0]LogTextLocalizationResource: The current translation is "Mixed Reality (L) 트랙패드 터치" (from "../../../Engine/Content/Localization/Engine/ko/Engine.locres" and source hash 0xd3f71150) and the conflicting translation of "혼합 현실 (좌) 트랙패드 터치" (from "../../../../../../Users/user/Documents/Unreal Projects/LyraStarterGame/Content/Localization/EngineOverrides/ko/EngineOverrides.locres" and source hash 0xd3f71150) will be ignored.
[2026.09.09-10.26.31:042][  0]LogTextLocalizationResource: Warning: Text translation conflict for namespace "InputKeys" and key "MixedReality_Left_Trackpad_Up".
[2026.09.09-10.26.31:042][  0]LogTextLocalizationResource: The current translation is "Mixed Reality (L) 트랙패드 위" (from "../../../Engine/Content/Localization/Engine/ko/Engine.locres" and source hash 0xe7023413) and the conflicting translation of "혼합 현실 (좌) 트랙패드 위" (from "../../../../../../Users/user/Documents/Unreal Projects/LyraStarterGame/Content/Localization/EngineOverrides/ko/EngineOverrides.locres" and source hash 0xe7023413) will be ignored.
[2026.09.09-10.26.31:042][  0]LogTextLocalizationResource: Warning: Text translation conflict for namespace "InputKeys" and key "MixedReality_Left_Trackpad_X".
[2026.09.09-10.26.31:042][  0]LogTextLocalizationResource: The current translation is "Mixed Reality (L) 트랙패드 X" (from "../../../Engine/Content/Localization/Engine/ko/Engine.locres" and source hash 0x00cc204d) and the conflicting translation of "혼합 현실 (좌) 트랙패드 X" (from "../../../../../../Users/user/Documents/Unreal Projects/LyraStarterGame/Content/Localization/EngineOverrides/ko/EngineOverrides.locres" and source hash 0x00cc204d) will be ignored.
[2026.09.09-10.26.31:042][  0]LogTextLocalizationResource: Warning: Text translation conflict for namespace "InputKeys" and key "MixedReality_Left_Trackpad_Y".
[2026.09.09-10.26.31:042][  0]LogTextLocalizationResource: The current translation is "Mixed Reality (L) 트랙패드 Y" (from "../../../Engine/Content/Localization/Engine/ko/Engine.locres" and source hash 0xb8704728) and the conflicting translation of "혼합 현실 (좌) 트랙패드 Y" (from "../../../../../../Users/user/Documents/Unreal Projects/LyraStarterGame/Content/Localization/EngineOverrides/ko/EngineOverrides.locres" and source hash 0xb8704728) will be ignored.
[2026.09.09-10.26.31:042][  0]LogTextLocalizationResource: Warning: Text translation conflict for namespace "InputKeys" and key "MixedReality_Left_Trigger_Click".
[2026.09.09-10.26.31:042][  0]LogTextLocalizationResource: The current translation is "Mixed Reality (L) 트리거" (from "../../../Engine/Content/Localization/Engine/ko/Engine.locres" and source hash 0x106024da) and the conflicting translation of "혼합 현실 (좌) 트리거" (from "../../../../../../Users/user/Documents/Unreal Projects/LyraStarterGame/Content/Localization/EngineOverrides/ko/EngineOverrides.locres" and source hash 0x106024da) will be ignored.
[2026.09.09-10.26.31:042][  0]LogTextLocalizationResource: Warning: Text translation conflict for namespace "InputKeys" and key "MixedReality_Left_Trigger_Axis".
[2026.09.09-10.26.31:042][  0]LogTextLocalizationResource: The current translation is "Mixed Reality (L) 트리거 축" (from "../../../Engine/Content/Localization/Engine/ko/Engine.locres" and source hash 0xd7fb2eff) and the conflicting translation of "혼합 현실 (좌) 트리거 축" (from "../../../../../../Users/user/Documents/Unreal Projects/LyraStarterGame/Content/Localization/EngineOverrides/ko/EngineOverrides.locres" and source hash 0xd7fb2eff) will be ignored.
[2026.09.09-10.26.31:042][  0]LogTextLocalizationResource: Warning: Text translation conflict for namespace "InputKeys" and key "MixedReality_Right_Grip_Click".
[2026.09.09-10.26.31:042][  0]LogTextLocalizationResource: The current translation is "Mixed Reality (R) 그립" (from "../../../Engine/Content/Localization/Engine/ko/Engine.locres" and source hash 0xa8c6d516) and the conflicting translation of "혼합 현실 (우) 그립" (from "../../../../../../Users/user/Documents/Unreal Projects/LyraStarterGame/Content/Localization/EngineOverrides/ko/EngineOverrides.locres" and source hash 0xa8c6d516) will be ignored.
[2026.09.09-10.26.31:042][  0]LogTextLocalizationResource: Warning: Text translation conflict for namespace "InputKeys" and key "MixedReality_Right_Menu_Click".
[2026.09.09-10.26.31:042][  0]LogTextLocalizationResource: The current translation is "Mixed Reality (R) 메뉴" (from "../../../Engine/Content/Localization/Engine/ko/Engine.locres" and source hash 0x19ee9262) and the conflicting translation of "혼합 현실 (우) 메뉴" (from "../../../../../../Users/user/Documents/Unreal Projects/LyraStarterGame/Content/Localization/EngineOverrides/ko/EngineOverrides.locres" and source hash 0x19ee9262) will be ignored.
[2026.09.09-10.26.31:042][  0]LogTextLocalizationResource: Warning: Text translation conflict for namespace "InputKeys" and key "MixedReality_Right_Thumbstick_2D".
[2026.09.09-10.26.31:042][  0]LogTextLocalizationResource: The current translation is "Mixed Reality(R) 썸스틱 2D 축" (from "../../../Engine/Content/Localization/Engine/ko/Engine.locres" and source hash 0x6b13c81f) and the conflicting translation of "Mixed Reality (우) 스틱 2D" (from "../../../../../../Users/user/Documents/Unreal Projects/LyraStarterGame/Content/Localization/EngineOverrides/ko/EngineOverrides.locres" and source hash 0x6b13c81f) will be ignored.
[2026.09.09-10.26.31:042][  0]LogTextLocalizationResource: Warning: Text translation conflict for namespace "InputKeys" and key "MixedReality_Right_Thumbstick_Click".
[2026.09.09-10.26.31:042][  0]LogTextLocalizationResource: The current translation is "Mixed Reality(R) 썸스틱 버튼" (from "../../../Engine/Content/Localization/Engine/ko/Engine.locres" and source hash 0x29b148fe) and the conflicting translation of "Mixed Reality (우) 스틱 버튼" (from "../../../../../../Users/user/Documents/Unreal Projects/LyraStarterGame/Content/Localization/EngineOverrides/ko/EngineOverrides.locres" and source hash 0x29b148fe) will be ignored.
[2026.09.09-10.26.31:042][  0]LogTextLocalizationResource: Warning: Text translation conflict for namespace "InputKeys" and key "MixedReality_Right_Thumbstick_Down".
[2026.09.09-10.26.31:042][  0]LogTextLocalizationResource: The current translation is "Mixed Reality (R) 썸스틱 아래" (from "../../../Engine/Content/Localization/Engine/ko/Engine.locres" and source hash 0x8c7290bb) and the conflicting translation of "혼합 현실 (우) 스틱 아래" (from "../../../../../../Users/user/Documents/Unreal Projects/LyraStarterGame/Content/Localization/EngineOverrides/ko/EngineOverrides.locres" and source hash 0x8c7290bb) will be ignored.
[2026.09.09-10.26.31:042][  0]LogTextLocalizationResource: Warning: Text translation conflict for namespace "InputKeys" and key "MixedReality_Right_Thumbstick_Left".
[2026.09.09-10.26.31:042][  0]LogTextLocalizationResource: The current translation is "Mixed Reality (R) 썸스틱 왼쪽" (from "../../../Engine/Content/Localization/Engine/ko/Engine.locres" and source hash 0x9ae361db) and the conflicting translation of "혼합 현실 (우) 스틱 왼쪽" (from "../../../../../../Users/user/Documents/Unreal Projects/LyraStarterGame/Content/Localization/EngineOverrides/ko/EngineOverrides.locres" and source hash 0x9ae361db) will be ignored.
[2026.09.09-10.26.31:042][  0]LogTextLocalizationResource: Warning: Text translation conflict for namespace "InputKeys" and key "MixedReality_Right_Thumbstick_Right".
[2026.09.09-10.26.31:042][  0]LogTextLocalizationResource: The current translation is "Mixed Reality (R) 썸스틱 오른쪽" (from "../../../Engine/Content/Localization/Engine/ko/Engine.locres" and source hash 0xf67df6ac) and the conflicting translation of "혼합 현실 (우) 스틱 오른쪽" (from "../../../../../../Users/user/Documents/Unreal Projects/LyraStarterGame/Content/Localization/EngineOverrides/ko/EngineOverrides.locres" and source hash 0xf67df6ac) will be ignored.
[2026.09.09-10.26.31:042][  0]LogTextLocalizationResource: Warning: Text translation conflict for namespace "InputKeys" and key "MixedReality_Right_Thumbstick_Up".
[2026.09.09-10.26.31:042][  0]LogTextLocalizationResource: The current translation is "Mixed Reality (R) 썸스틱 위" (from "../../../Engine/Content/Localization/Engine/ko/Engine.locres" and source hash 0xd7f460e9) and the conflicting translation of "혼합 현실 (우) 스틱 위" (from "../../../../../../Users/user/Documents/Unreal Projects/LyraStarterGame/Content/Localization/EngineOverrides/ko/EngineOverrides.locres" and source hash 0xd7f460e9) will be ignored.
[2026.09.09-10.26.31:042][  0]LogTextLocalizationResource: Warning: Text translation conflict for namespace "InputKeys" and key "MixedReality_Right_Thumbstick_X".
[2026.09.09-10.26.31:042][  0]LogTextLocalizationResource: The current translation is "Mixed Reality(R) 썸스틱 X 축" (from "../../../Engine/Content/Localization/Engine/ko/Engine.locres" and source hash 0xff5e4942) and the conflicting translation of "Mixed Reality (우) 스틱 X" (from "../../../../../../Users/user/Documents/Unreal Projects/LyraStarterGame/Content/Localization/EngineOverrides/ko/EngineOverrides.locres" and source hash 0xff5e4942) will be ignored.
[2026.09.09-10.26.31:042][  0]LogTextLocalizationResource: Warning: Text translation conflict for namespace "InputKeys" and key "MixedReality_Right_Thumbstick_Y".
[2026.09.09-10.26.31:042][  0]LogTextLocalizationResource: The current translation is "Mixed Reality(R) 썸스틱 Y 축" (from "../../../Engine/Content/Localization/Engine/ko/Engine.locres" and source hash 0x7e7b2c65) and the conflicting translation of "Mixed Reality (우) 스틱 Y" (from "../../../../../../Users/user/Documents/Unreal Projects/LyraStarterGame/Content/Localization/EngineOverrides/ko/EngineOverrides.locres" and source hash 0x7e7b2c65) will be ignored.
[2026.09.09-10.26.31:042][  0]LogTextLocalizationResource: Warning: Text translation conflict for namespace "InputKeys" and key "MixedReality_Right_Trackpad_2D".
[2026.09.09-10.26.31:042][  0]LogTextLocalizationResource: The current translation is "Mixed Reality(R) 트랙패드 2D 축" (from "../../../Engine/Content/Localization/Engine/ko/Engine.locres" and source hash 0xccd2c4e3) and the conflicting translation of "Mixed Reality (우) 트랙패드 2D" (from "../../../../../../Users/user/Documents/Unreal Projects/LyraStarterGame/Content/Localization/EngineOverrides/ko/EngineOverrides.locres" and source hash 0xccd2c4e3) will be ignored.
[2026.09.09-10.26.31:042][  0]LogTextLocalizationResource: Warning: Text translation conflict for namespace "InputKeys" and key "MixedReality_Right_Trackpad_Click".
[2026.09.09-10.26.31:042][  0]LogTextLocalizationResource: The current translation is "Mixed Reality(R) 트랙패드 버튼" (from "../../../Engine/Content/Localization/Engine/ko/Engine.locres" and source hash 0x0e14a303) and the conflicting translation of "Mixed Reality (우) 트랙패드 버튼" (from "../../../../../../Users/user/Documents/Unreal Projects/LyraStarterGame/Content/Localization/EngineOverrides/ko/EngineOverrides.locres" and source hash 0x0e14a303) will be ignored.
[2026.09.09-10.26.31:042][  0]LogTextLocalizationResource: Warning: Text translation conflict for namespace "InputKeys" and key "MixedReality_Right_Trackpad_Down".
[2026.09.09-10.26.31:042][  0]LogTextLocalizationResource: The current translation is "Mixed Reality (R) 트랙패드 아래" (from "../../../Engine/Content/Localization/Engine/ko/Engine.locres" and source hash 0xff157bd0) and the conflicting translation of "혼합 현실 (우) 트랙패드 아래" (from "../../../../../../Users/user/Documents/Unreal Projects/LyraStarterGame/Content/Localization/EngineOverrides/ko/EngineOverrides.locres" and source hash 0xff157bd0) will be ignored.
[2026.09.09-10.26.31:042][  0]LogTextLocalizationResource: Warning: Text translation conflict for namespace "InputKeys" and key "MixedReality_Right_Trackpad_Left".
[2026.09.09-10.26.31:042][  0]LogTextLocalizationResource: The current translation is "Mixed Reality (R) 트랙패드 왼쪽" (from "../../../Engine/Content/Localization/Engine/ko/Engine.locres" and source hash 0xe9848ab0) and the conflicting translation of "혼합 현실 (우) 트랙패드 왼쪽" (from "../../../../../../Users/user/Documents/Unreal Projects/LyraStarterGame/Content/Localization/EngineOverrides/ko/EngineOverrides.locres" and source hash 0xe9848ab0) will be ignored.
[2026.09.09-10.26.31:042][  0]LogTextLocalizationResource: Warning: Text translation conflict for namespace "InputKeys" and key "MixedReality_Right_Trackpad_Right".
[2026.09.09-10.26.31:042][  0]LogTextLocalizationResource: The current translation is "Mixed Reality (R) 트랙패드 오른쪽" (from "../../../Engine/Content/Localization/Engine/ko/Engine.locres" and source hash 0x5c5d6409) and the conflicting translation of "혼합 현실 (우) 트랙패드 오른쪽" (from "../../../../../../Users/user/Documents/Unreal Projects/LyraStarterGame/Content/Localization/EngineOverrides/ko/EngineOverrides.locres" and source hash 0x5c5d6409) will be ignored.
[2026.09.09-10.26.31:042][  0]LogTextLocalizationResource: Warning: Text translation conflict for namespace "InputKeys" and key "MixedReality_Right_Trackpad_Touch".
[2026.09.09-10.26.31:042][  0]LogTextLocalizationResource: The current translation is "Mixed Reality (R) 트랙패드 터치" (from "../../../Engine/Content/Localization/Engine/ko/Engine.locres" and source hash 0x2c69172a) and the conflicting translation of "혼합 현실 (우) 트랙패드 터치" (from "../../../../../../Users/user/Documents/Unreal Projects/LyraStarterGame/Content/Localization/EngineOverrides/ko/EngineOverrides.locres" and source hash 0x2c69172a) will be ignored.
[2026.09.09-10.26.31:042][  0]LogTextLocalizationResource: Warning: Text translation conflict for namespace "InputKeys" and key "MixedReality_Right_Trackpad_Up".
[2026.09.09-10.26.31:042][  0]LogTextLocalizationResource: The current translation is "Mixed Reality (R) 트랙패드 위" (from "../../../Engine/Content/Localization/Engine/ko/Engine.locres" and source hash 0x44f4f968) and the conflicting translation of "혼합 현실 (우) 트랙패드 위" (from "../../../../../../Users/user/Documents/Unreal Projects/LyraStarterGame/Content/Localization/EngineOverrides/ko/EngineOverrides.locres" and source hash 0x44f4f968) will be ignored.
[2026.09.09-10.26.31:042][  0]LogTextLocalizationResource: Warning: Text translation conflict for namespace "InputKeys" and key "MixedReality_Right_Trackpad_X".
[2026.09.09-10.26.31:042][  0]LogTextLocalizationResource: The current translation is "Mixed Reality (R) 트랙패드 X" (from "../../../Engine/Content/Localization/Engine/ko/Engine.locres" and source hash 0x7de81d5d) and the conflicting translation of "혼합 현실 (우) 트랙패드 X" (from "../../../../../../Users/user/Documents/Unreal Projects/LyraStarterGame/Content/Localization/EngineOverrides/ko/EngineOverrides.locres" and source hash 0x7de81d5d) will be ignored.
[2026.09.09-10.26.31:042][  0]LogTextLocalizationResource: Warning: Text translation conflict for namespace "InputKeys" and key "MixedReality_Right_Trackpad_Y".
[2026.09.09-10.26.31:042][  0]LogTextLocalizationResource: The current translation is "Mixed Reality (R) 트랙패드 Y" (from "../../../Engine/Content/Localization/Engine/ko/Engine.locres" and source hash 0xc5547a38) and the conflicting translation of "혼합 현실 (우) 트랙패드 Y" (from "../../../../../../Users/user/Documents/Unreal Projects/LyraStarterGame/Content/Localization/EngineOverrides/ko/EngineOverrides.locres" and source hash 0xc5547a38) will be ignored.
[2026.09.09-10.26.31:042][  0]LogTextLocalizationResource: Warning: Text translation conflict for namespace "InputKeys" and key "MixedReality_Right_Trigger_Click".
[2026.09.09-10.26.31:042][  0]LogTextLocalizationResource: The current translation is "Mixed Reality (R) 트리거" (from "../../../Engine/Content/Localization/Engine/ko/Engine.locres" and source hash 0xcb8dc7cb) and the conflicting translation of "혼합 현실 (우) 트리거" (from "../../../../../../Users/user/Documents/Unreal Projects/LyraStarterGame/Content/Localization/EngineOverrides/ko/EngineOverrides.locres" and source hash 0xcb8dc7cb) will be ignored.
[2026.09.09-10.26.31:042][  0]LogTextLocalizationResource: Warning: Text translation conflict for namespace "InputKeys" and key "MixedReality_Right_Trigger_Axis".
[2026.09.09-10.26.31:042][  0]LogTextLocalizationResource: The current translation is "Mixed Reality (R) 트리거 축" (from "../../../Engine/Content/Localization/Engine/ko/Engine.locres" and source hash 0xff8bb818) and the conflicting translation of "혼합 현실 (우) 트리거 축" (from "../../../../../../Users/user/Documents/Unreal Projects/LyraStarterGame/Content/Localization/EngineOverrides/ko/EngineOverrides.locres" and source hash 0xff8bb818) will be ignored.
[2026.09.09-10.26.31:042][  0]LogTextLocalizationResource: Warning: Text translation conflict for namespace "InputKeys" and key "MouseScrollDown".
[2026.09.09-10.26.31:042][  0]LogTextLocalizationResource: The current translation is "마우스 휠 아래" (from "../../../Engine/Content/Localization/Engine/ko/Engine.locres" and source hash 0x89746973) and the conflicting translation of "마우스 휠 아래로" (from "../../../../../../Users/user/Documents/Unreal Projects/LyraStarterGame/Content/Localization/EngineOverrides/ko/EngineOverrides.locres" and source hash 0x89746973) will be ignored.
[2026.09.09-10.26.31:042][  0]LogTextLocalizationResource: Warning: Text translation conflict for namespace "InputKeys" and key "MouseScrollUp".
[2026.09.09-10.26.31:042][  0]LogTextLocalizationResource: The current translation is "마우스 휠 위" (from "../../../Engine/Content/Localization/Engine/ko/Engine.locres" and source hash 0x83f972ed) and the conflicting translation of "마우스 휠 위로" (from "../../../../../../Users/user/Documents/Unreal Projects/LyraStarterGame/Content/Localization/EngineOverrides/ko/EngineOverrides.locres" and source hash 0x83f972ed) will be ignored.
[2026.09.09-10.26.31:042][  0]LogTextLocalizationResource: Warning: Text translation conflict for namespace "InputKeys" and key "Mouse2D".
[2026.09.09-10.26.31:042][  0]LogTextLocalizationResource: The current translation is "마우스 XY 2D 축" (from "../../../Engine/Content/Localization/Engine/ko/Engine.locres" and source hash 0xb0f51f5b) and the conflicting translation of "마우스 XY 2D축" (from "../../../../../../Users/user/Documents/Unreal Projects/LyraStarterGame/Content/Localization/EngineOverrides/ko/EngineOverrides.locres" and source hash 0xb0f51f5b) will be ignored.
[2026.09.09-10.26.31:042][  0]LogTextLocalizationResource: Warning: Text translation conflict for namespace "InputKeys" and key "Multiply".
[2026.09.09-10.26.31:042][  0]LogTextLocalizationResource: The current translation is "Num *" (from "../../../Engine/Content/Localization/Engine/ko/Engine.locres" and source hash 0x06ee5e19) and the conflicting translation of "숫자패드 *" (from "../../../../../../Users/user/Documents/Unreal Projects/LyraStarterGame/Content/Localization/EngineOverrides/ko/EngineOverrides.locres" and source hash 0x06ee5e19) will be ignored.
[2026.09.09-10.26.31:042][  0]LogTextLocalizationResource: Warning: Text translation conflict for namespace "InputKeys" and key "Add".
[2026.09.09-10.26.31:042][  0]LogTextLocalizationResource: The current translation is "Num +" (from "../../../Engine/Content/Localization/Engine/ko/Engine.locres" and source hash 0xbe52397c) and the conflicting translation of "숫자패드 +" (from "../../../../../../Users/user/Documents/Unreal Projects/LyraStarterGame/Content/Localization/EngineOverrides/ko/EngineOverrides.locres" and source hash 0xbe52397c) will be ignored.
[2026.09.09-10.26.31:042][  0]LogTextLocalizationResource: Warning: Text translation conflict for namespace "InputKeys" and key "Subtract".
[2026.09.09-10.26.31:042][  0]LogTextLocalizationResource: The current translation is "Num -" (from "../../../Engine/Content/Localization/Engine/ko/Engine.locres" and source hash 0x9b3966a0) and the conflicting translation of "숫자패드 -" (from "../../../../../../Users/user/Documents/Unreal Projects/LyraStarterGame/Content/Localization/EngineOverrides/ko/EngineOverrides.locres" and source hash 0x9b3966a0) will be ignored.
[2026.09.09-10.26.31:042][  0]LogTextLocalizationResource: Warning: Text translation conflict for namespace "InputKeys" and key "Decimal".
[2026.09.09-10.26.31:042][  0]LogTextLocalizationResource: The current translation is "Num ." (from "../../../Engine/Content/Localization/Engine/ko/Engine.locres" and source hash 0x898cc94e) and the conflicting translation of "숫자패드 ." (from "../../../../../../Users/user/Documents/Unreal Projects/LyraStarterGame/Content/Localization/EngineOverrides/ko/EngineOverrides.locres" and source hash 0x898cc94e) will be ignored.
[2026.09.09-10.26.31:042][  0]LogTextLocalizationResource: Warning: Text translation conflict for namespace "InputKeys" and key "Divide".
[2026.09.09-10.26.31:042][  0]LogTextLocalizationResource: The current translation is "Num /" (from "../../../Engine/Content/Localization/Engine/ko/Engine.locres" and source hash 0x3130ae2b) and the conflicting translation of "숫자패드 /" (from "../../../../../../Users/user/Documents/Unreal Projects/LyraStarterGame/Content/Localization/EngineOverrides/ko/EngineOverrides.locres" and source hash 0x3130ae2b) will be ignored.
[2026.09.09-10.26.31:042][  0]LogTextLocalizationResource: Warning: Text translation conflict for namespace "InputKeys" and key "NumPadZero".
[2026.09.09-10.26.31:042][  0]LogTextLocalizationResource: The current translation is "Num 0" (from "../../../Engine/Content/Localization/Engine/ko/Engine.locres" and source hash 0x394ae9e2) and the conflicting translation of "숫자패드 0" (from "../../../../../../Users/user/Documents/Unreal Projects/LyraStarterGame/Content/Localization/EngineOverrides/ko/EngineOverrides.locres" and source hash 0x394ae9e2) will be ignored.
[2026.09.09-10.26.31:042][  0]LogTextLocalizationResource: Warning: Text translation conflict for namespace "InputKeys" and key "NumPadOne".
[2026.09.09-10.26.31:042][  0]LogTextLocalizationResource: The current translation is "Num 1" (from "../../../Engine/Content/Localization/Engine/ko/Engine.locres" and source hash 0x81f68e87) and the conflicting translation of "숫자패드 1" (from "../../../../../../Users/user/Documents/Unreal Projects/LyraStarterGame/Content/Localization/EngineOverrides/ko/EngineOverrides.locres" and source hash 0x81f68e87) will be ignored.
[2026.09.09-10.26.31:042][  0]LogTextLocalizationResource: Warning: Text translation conflict for namespace "InputKeys" and key "NumPadTwo".
[2026.09.09-10.26.31:042][  0]LogTextLocalizationResource: The current translation is "Num 2" (from "../../../Engine/Content/Localization/Engine/ko/Engine.locres" and source hash 0x93432169) and the conflicting translation of "숫자패드 2" (from "../../../../../../Users/user/Documents/Unreal Projects/LyraStarterGame/Content/Localization/EngineOverrides/ko/EngineOverrides.locres" and source hash 0x93432169) will be ignored.
[2026.09.09-10.26.31:042][  0]LogTextLocalizationResource: Warning: Text translation conflict for namespace "InputKeys" and key "NumPadThree".
[2026.09.09-10.26.31:042][  0]LogTextLocalizationResource: The current translation is "Num 3" (from "../../../Engine/Content/Localization/Engine/ko/Engine.locres" and source hash 0x2bff460c) and the conflicting translation of "숫자패드 3" (from "../../../../../../Users/user/Documents/Unreal Projects/LyraStarterGame/Content/Localization/EngineOverrides/ko/EngineOverrides.locres" and source hash 0x2bff460c) will be ignored.
[2026.09.09-10.26.31:042][  0]LogTextLocalizationResource: Warning: Text translation conflict for namespace "InputKeys" and key "NumPadFour".
[2026.09.09-10.26.31:042][  0]LogTextLocalizationResource: The current translation is "Num 4" (from "../../../Engine/Content/Localization/Engine/ko/Engine.locres" and source hash 0xb6287eb5) and the conflicting translation of "숫자패드 4" (from "../../../../../../Users/user/Documents/Unreal Projects/LyraStarterGame/Content/Localization/EngineOverrides/ko/EngineOverrides.locres" and source hash 0xb6287eb5) will be ignored.
[2026.09.09-10.26.31:042][  0]LogTextLocalizationResource: Warning: Text translation conflict for namespace "InputKeys" and key "NumPadFive".
[2026.09.09-10.26.31:042][  0]LogTextLocalizationResource: The current translation is "Num 5" (from "../../../Engine/Content/Localization/Engine/ko/Engine.locres" and source hash 0x0e9419d0) and the conflicting translation of "숫자패드 5" (from "../../../../../../Users/user/Documents/Unreal Projects/LyraStarterGame/Content/Localization/EngineOverrides/ko/EngineOverrides.locres" and source hash 0x0e9419d0) will be ignored.
[2026.09.09-10.26.31:042][  0]LogTextLocalizationResource: Warning: Text translation conflict for namespace "InputKeys" and key "NumPadSix".
[2026.09.09-10.26.31:042][  0]LogTextLocalizationResource: The current translation is "Num 6" (from "../../../Engine/Content/Localization/Engine/ko/Engine.locres" and source hash 0x1c21b63e) and the conflicting translation of "숫자패드 6" (from "../../../../../../Users/user/Documents/Unreal Projects/LyraStarterGame/Content/Localization/EngineOverrides/ko/EngineOverrides.locres" and source hash 0x1c21b63e) will be ignored.
[2026.09.09-10.26.31:042][  0]LogTextLocalizationResource: Warning: Text translation conflict for namespace "InputKeys" and key "NumPadSeven".
[2026.09.09-10.26.31:042][  0]LogTextLocalizationResource: The current translation is "Num 7" (from "../../../Engine/Content/Localization/Engine/ko/Engine.locres" and source hash 0xa49dd15b) and the conflicting translation of "숫자패드 7" (from "../../../../../../Users/user/Documents/Unreal Projects/LyraStarterGame/Content/Localization/EngineOverrides/ko/EngineOverrides.locres" and source hash 0xa49dd15b) will be ignored.
[2026.09.09-10.26.31:042][  0]LogTextLocalizationResource: Warning: Text translation conflict for namespace "InputKeys" and key "NumPadEight".
[2026.09.09-10.26.31:042][  0]LogTextLocalizationResource: The current translation is "Num 8" (from "../../../Engine/Content/Localization/Engine/ko/Engine.locres" and source hash 0xfcfec10d) and the conflicting translation of "숫자패드 8" (from "../../../../../../Users/user/Documents/Unreal Projects/LyraStarterGame/Content/Localization/EngineOverrides/ko/EngineOverrides.locres" and source hash 0xfcfec10d) will be ignored.
[2026.09.09-10.26.31:042][  0]LogTextLocalizationResource: Warning: Text translation conflict for namespace "InputKeys" and key "NumPadNine".
[2026.09.09-10.26.31:042][  0]LogTextLocalizationResource: The current translation is "Num 9" (from "../../../Engine/Content/Localization/Engine/ko/Engine.locres" and source hash 0x4442a668) and the conflicting translation of "숫자패드 9" (from "../../../../../../Users/user/Documents/Unreal Projects/LyraStarterGame/Content/Localization/EngineOverrides/ko/EngineOverrides.locres" and source hash 0x4442a668) will be ignored.
[2026.09.09-10.26.31:042][  0]LogTextLocalizationResource: Warning: Text translation conflict for namespace "InputKeys" and key "OculusTouch_Left_Grip_Click".
[2026.09.09-10.26.31:042][  0]LogTextLocalizationResource: The current translation is "Oculus Touch (L) 그립" (from "../../../Engine/Content/Localization/Engine/ko/Engine.locres" and source hash 0x21400b72) and the conflicting translation of "Oculus Touch (좌) 그립" (from "../../../../../../Users/user/Documents/Unreal Projects/LyraStarterGame/Content/Localization/EngineOverrides/ko/EngineOverrides.locres" and source hash 0x21400b72) will be ignored.
[2026.09.09-10.26.31:042][  0]LogTextLocalizationResource: Warning: Text translation conflict for namespace "InputKeys" and key "OculusTouch_Left_Grip_Axis".
[2026.09.09-10.26.31:042][  0]LogTextLocalizationResource: The current translation is "Oculus Touch (L) 그립 축" (from "../../../Engine/Content/Localization/Engine/ko/Engine.locres" and source hash 0xbd24d044) and the conflicting translation of "Oculus Touch (좌) 그립 축" (from "../../../../../../Users/user/Documents/Unreal Projects/LyraStarterGame/Content/Localization/EngineOverrides/ko/EngineOverrides.locres" and source hash 0xbd24d044) will be ignored.
[2026.09.09-10.26.31:042][  0]LogTextLocalizationResource: Warning: Text translation conflict for namespace "InputKeys" and key "OculusTouch_Left_Menu_Click".
[2026.09.09-10.26.31:042][  0]LogTextLocalizationResource: The current translation is "Oculus Touch (L) 메뉴" (from "../../../Engine/Content/Localization/Engine/ko/Engine.locres" and source hash 0x90684c06) and the conflicting translation of "Oculus Touch (좌) 메뉴" (from "../../../../../../Users/user/Documents/Unreal Projects/LyraStarterGame/Content/Localization/EngineOverrides/ko/EngineOverrides.locres" and source hash 0x90684c06) will be ignored.
[2026.09.09-10.26.31:042][  0]LogTextLocalizationResource: Warning: Text translation conflict for namespace "InputKeys" and key "OculusTouch_Left_Thumbstick_2D".
[2026.09.09-10.26.31:042][  0]LogTextLocalizationResource: The current translation is "Oculus Touch(L) 썸스틱 아래 2D 축" (from "../../../Engine/Content/Localization/Engine/ko/Engine.locres" and source hash 0x86e1c248) and the conflicting translation of "Oculus Touch (좌) 스틱 2D" (from "../../../../../../Users/user/Documents/Unreal Projects/LyraStarterGame/Content/Localization/EngineOverrides/ko/EngineOverrides.locres" and source hash 0x86e1c248) will be ignored.
[2026.09.09-10.26.31:042][  0]LogTextLocalizationResource: Warning: Text translation conflict for namespace "InputKeys" and key "OculusTouch_Left_Thumbstick_Click".
[2026.09.09-10.26.31:042][  0]LogTextLocalizationResource: The current translation is "Oculus Touch(L) 썸스틱 버튼" (from "../../../Engine/Content/Localization/Engine/ko/Engine.locres" and source hash 0x4709ae20) and the conflicting translation of "Oculus Touch (좌) 스틱 버튼" (from "../../../../../../Users/user/Documents/Unreal Projects/LyraStarterGame/Content/Localization/EngineOverrides/ko/EngineOverrides.locres" and source hash 0x4709ae20) will be ignored.
[2026.09.09-10.26.31:042][  0]LogTextLocalizationResource: Warning: Text translation conflict for namespace "InputKeys" and key "OculusTouch_Left_Thumbstick_Down".
[2026.09.09-10.26.31:042][  0]LogTextLocalizationResource: The current translation is "Oculus Touch (L) 썸스틱 아래" (from "../../../Engine/Content/Localization/Engine/ko/Engine.locres" and source hash 0x5ef51d98) and the conflicting translation of "Oculus Touch (좌) 스틱 아래" (from "../../../../../../Users/user/Documents/Unreal Projects/LyraStarterGame/Content/Localization/EngineOverrides/ko/EngineOverrides.locres" and source hash 0x5ef51d98) will be ignored.
[2026.09.09-10.26.31:042][  0]LogTextLocalizationResource: Warning: Text translation conflict for namespace "InputKeys" and key "OculusTouch_Left_Thumbstick_Left".
[2026.09.09-10.26.31:042][  0]LogTextLocalizationResource: The current translation is "Oculus Touch (L) 썸스틱 왼쪽" (from "../../../Engine/Content/Localization/Engine/ko/Engine.locres" and source hash 0x4864ecf8) and the conflicting translation of "Oculus Touch (좌) 스틱 왼쪽" (from "../../../../../../Users/user/Documents/Unreal Projects/LyraStarterGame/Content/Localization/EngineOverrides/ko/EngineOverrides.locres" and source hash 0x4864ecf8) will be ignored.
[2026.09.09-10.26.31:042][  0]LogTextLocalizationResource: Warning: Text translation conflict for namespace "InputKeys" and key "OculusTouch_Left_Thumbstick_Right".
[2026.09.09-10.26.31:042][  0]LogTextLocalizationResource: The current translation is "Oculus Touch (L) 썸스틱 오른쪽" (from "../../../Engine/Content/Localization/Engine/ko/Engine.locres" and source hash 0xb108c3db) and the conflicting translation of "Oculus Touch (좌) 스틱 오른쪽" (from "../../../../../../Users/user/Documents/Unreal Projects/LyraStarterGame/Content/Localization/EngineOverrides/ko/EngineOverrides.locres" and source hash 0xb108c3db) will be ignored.
[2026.09.09-10.26.31:042][  0]LogTextLocalizationResource: Warning: Text translation conflict for namespace "InputKeys" and key "OculusTouch_Left_Thumbstick_Touch".
[2026.09.09-10.26.31:042][  0]LogTextLocalizationResource: The current translation is "Oculus Touch (L) 썸스틱 터치" (from "../../../Engine/Content/Localization/Engine/ko/Engine.locres" and source hash 0xc13cb0f8) and the conflicting translation of "Oculus Touch (좌) 스틱 터치" (from "../../../../../../Users/user/Documents/Unreal Projects/LyraStarterGame/Content/Localization/EngineOverrides/ko/EngineOverrides.locres" and source hash 0xc13cb0f8) will be ignored.
[2026.09.09-10.26.31:042][  0]LogTextLocalizationResource: Warning: Text translation conflict for namespace "InputKeys" and key "OculusTouch_Left_Thumbstick_Up".
[2026.09.09-10.26.31:042][  0]LogTextLocalizationResource: The current translation is "Oculus Touch (L) 썸스틱 위" (from "../../../Engine/Content/Localization/Engine/ko/Engine.locres" and source hash 0x7537e1ac) and the conflicting translation of "Oculus Touch (좌) 스틱 위" (from "../../../../../../Users/user/Documents/Unreal Projects/LyraStarterGame/Content/Localization/EngineOverrides/ko/EngineOverrides.locres" and source hash 0x7537e1ac) will be ignored.
[2026.09.09-10.26.31:042][  0]LogTextLocalizationResource: Warning: Text translation conflict for namespace "InputKeys" and key "OculusTouch_Left_Thumbstick_X".
[2026.09.09-10.26.31:042][  0]LogTextLocalizationResource: The current translation is "Oculus Touch(L) 썸스틱 X 축" (from "../../../Engine/Content/Localization/Engine/ko/Engine.locres" and source hash 0x91e6af9c) and the conflicting translation of "Oculus Touch (좌) 스틱 X" (from "../../../../../../Users/user/Documents/Unreal Projects/LyraStarterGame/Content/Localization/EngineOverrides/ko/EngineOverrides.locres" and source hash 0x91e6af9c) will be ignored.
[2026.09.09-10.26.31:042][  0]LogTextLocalizationResource: Warning: Text translation conflict for namespace "InputKeys" and key "OculusTouch_Left_Thumbstick_Y".
[2026.09.09-10.26.31:042][  0]LogTextLocalizationResource: The current translation is "Oculus Touch(L) 썸스틱 Y 축" (from "../../../Engine/Content/Localization/Engine/ko/Engine.locres" and source hash 0x10c3cabb) and the conflicting translation of "Oculus Touch (좌) 스틱 Y" (from "../../../../../../Users/user/Documents/Unreal Projects/LyraStarterGame/Content/Localization/EngineOverrides/ko/EngineOverrides.locres" and source hash 0x10c3cabb) will be ignored.
[2026.09.09-10.26.31:042][  0]LogTextLocalizationResource: Warning: Text translation conflict for namespace "InputKeys" and key "OculusTouch_Left_Trigger_Click".
[2026.09.09-10.26.31:042][  0]LogTextLocalizationResource: The current translation is "Oculus Touch (L) 트리거" (from "../../../Engine/Content/Localization/Engine/ko/Engine.locres" and source hash 0x9c1d9c53) and the conflicting translation of "Oculus Touch (좌) 트리거" (from "../../../../../../Users/user/Documents/Unreal Projects/LyraStarterGame/Content/Localization/EngineOverrides/ko/EngineOverrides.locres" and source hash 0x9c1d9c53) will be ignored.
[2026.09.09-10.26.31:042][  0]LogTextLocalizationResource: Warning: Text translation conflict for namespace "InputKeys" and key "OculusTouch_Left_Trigger_Axis".
[2026.09.09-10.26.31:042][  0]LogTextLocalizationResource: The current translation is "Oculus Touch (L) 트리거 축" (from "../../../Engine/Content/Localization/Engine/ko/Engine.locres" and source hash 0xf797f3f6) and the conflicting translation of "Oculus Touch (좌) 트리거 축" (from "../../../../../../Users/user/Documents/Unreal Projects/LyraStarterGame/Content/Localization/EngineOverrides/ko/EngineOverrides.locres" and source hash 0xf797f3f6) will be ignored.
[2026.09.09-10.26.31:042][  0]LogTextLocalizationResource: Warning: Text translation conflict for namespace "InputKeys" and key "OculusTouch_Left_Trigger_Touch".
[2026.09.09-10.26.31:042][  0]LogTextLocalizationResource: The current translation is "Oculus Touch (L) 트리거 터치" (from "../../../Engine/Content/Localization/Engine/ko/Engine.locres" and source hash 0x73bbd3e7) and the conflicting translation of "Oculus Touch (좌) 트리거 터치" (from "../../../../../../Users/user/Documents/Unreal Projects/LyraStarterGame/Content/Localization/EngineOverrides/ko/EngineOverrides.locres" and source hash 0x73bbd3e7) will be ignored.
[2026.09.09-10.26.31:042][  0]LogTextLocalizationResource: Warning: Text translation conflict for namespace "InputKeys" and key "OculusTouch_Left_X_Click".
[2026.09.09-10.26.31:042][  0]LogTextLocalizationResource: The current translation is "Oculus Touch (L) X 누름" (from "../../../Engine/Content/Localization/Engine/ko/Engine.locres" and source hash 0x6742fd4c) and the conflicting translation of "Oculus Touch (좌) X 누르기" (from "../../../../../../Users/user/Documents/Unreal Projects/LyraStarterGame/Content/Localization/EngineOverrides/ko/EngineOverrides.locres" and source hash 0x6742fd4c) will be ignored.
[2026.09.09-10.26.31:042][  0]LogTextLocalizationResource: Warning: Text translation conflict for namespace "InputKeys" and key "OculusTouch_Left_X_Touch".
[2026.09.09-10.26.31:042][  0]LogTextLocalizationResource: The current translation is "Oculus Touch (L) X 터치" (from "../../../Engine/Content/Localization/Engine/ko/Engine.locres" and source hash 0x3179669b) and the conflicting translation of "Oculus Touch (좌) X 터치" (from "../../../../../../Users/user/Documents/Unreal Projects/LyraStarterGame/Content/Localization/EngineOverrides/ko/EngineOverrides.locres" and source hash 0x3179669b) will be ignored.
[2026.09.09-10.26.31:042][  0]LogTextLocalizationResource: Warning: Text translation conflict for namespace "InputKeys" and key "OculusTouch_Left_Y_Click".
[2026.09.09-10.26.31:042][  0]LogTextLocalizationResource: The current translation is "Oculus Touch (L) Y 누름" (from "../../../Engine/Content/Localization/Engine/ko/Engine.locres" and source hash 0x66f70051) and the conflicting translation of "Oculus Touch (좌) Y 누르기" (from "../../../../../../Users/user/Documents/Unreal Projects/LyraStarterGame/Content/Localization/EngineOverrides/ko/EngineOverrides.locres" and source hash 0x66f70051) will be ignored.
[2026.09.09-10.26.31:042][  0]LogTextLocalizationResource: Warning: Text translation conflict for namespace "InputKeys" and key "OculusTouch_Left_Y_Touch".
[2026.09.09-10.26.31:042][  0]LogTextLocalizationResource: The current translation is "Oculus Touch (L) Y 터치" (from "../../../Engine/Content/Localization/Engine/ko/Engine.locres" and source hash 0x30cc9b86) and the conflicting translation of "Oculus Touch (좌) Y 터치" (from "../../../../../../Users/user/Documents/Unreal Projects/LyraStarterGame/Content/Localization/EngineOverrides/ko/EngineOverrides.locres" and source hash 0x30cc9b86) will be ignored.
[2026.09.09-10.26.31:042][  0]LogTextLocalizationResource: Warning: Text translation conflict for namespace "InputKeys" and key "OculusTouch_Right_A_Click".
[2026.09.09-10.26.31:042][  0]LogTextLocalizationResource: The current translation is "Oculus Touch (R) A 누름" (from "../../../Engine/Content/Localization/Engine/ko/Engine.locres" and source hash 0xabeada78) and the conflicting translation of "Oculus Touch (우) A 누르기" (from "../../../../../../Users/user/Documents/Unreal Projects/LyraStarterGame/Content/Localization/EngineOverrides/ko/EngineOverrides.locres" and source hash 0xabeada78) will be ignored.
[2026.09.09-10.26.31:042][  0]LogTextLocalizationResource: Warning: Text translation conflict for namespace "InputKeys" and key "OculusTouch_Right_A_Touch".
[2026.09.09-10.26.31:042][  0]LogTextLocalizationResource: The current translation is "Oculus Touch (R) A 터치" (from "../../../Engine/Content/Localization/Engine/ko/Engine.locres" and source hash 0xfdd141af) and the conflicting translation of "Oculus Touch (우) A 터치" (from "../../../../../../Users/user/Documents/Unreal Projects/LyraStarterGame/Content/Localization/EngineOverrides/ko/EngineOverrides.locres" and source hash 0xfdd141af) will be ignored.
[2026.09.09-10.26.31:042][  0]LogTextLocalizationResource: Warning: Text translation conflict for namespace "InputKeys" and key "OculusTouch_Right_B_Click".
[2026.09.09-10.26.31:042][  0]LogTextLocalizationResource: The current translation is "Oculus Touch (R) B 누름" (from "../../../Engine/Content/Localization/Engine/ko/Engine.locres" and source hash 0xa934dd5f) and the conflicting translation of "Oculus Touch (우) B 누르기" (from "../../../../../../Users/user/Documents/Unreal Projects/LyraStarterGame/Content/Localization/EngineOverrides/ko/EngineOverrides.locres" and source hash 0xa934dd5f) will be ignored.
[2026.09.09-10.26.31:042][  0]LogTextLocalizationResource: Warning: Text translation conflict for namespace "InputKeys" and key "OculusTouch_Right_B_Touch".
[2026.09.09-10.26.31:042][  0]LogTextLocalizationResource: The current translation is "Oculus Touch (R) B 터치" (from "../../../Engine/Content/Localization/Engine/ko/Engine.locres" and source hash 0xff0f4688) and the conflicting translation of "Oculus Touch (우) B 터치" (from "../../../../../../Users/user/Documents/Unreal Projects/LyraStarterGame/Content/Localization/EngineOverrides/ko/EngineOverrides.locres" and source hash 0xff0f4688) will be ignored.
[2026.09.09-10.26.31:042][  0]LogTextLocalizationResource: Warning: Text translation conflict for namespace "InputKeys" and key "OculusTouch_Right_Grip_Click".
[2026.09.09-10.26.31:042][  0]LogTextLocalizationResource: The current translation is "Oculus Touch (R) 그립" (from "../../../Engine/Content/Localization/Engine/ko/Engine.locres" and source hash 0x320c3c04) and the conflicting translation of "Oculus Touch (우) 그립" (from "../../../../../../Users/user/Documents/Unreal Projects/LyraStarterGame/Content/Localization/EngineOverrides/ko/EngineOverrides.locres" and source hash 0x320c3c04) will be ignored.
[2026.09.09-10.26.31:042][  0]LogTextLocalizationResource: Warning: Text translation conflict for namespace "InputKeys" and key "OculusTouch_Right_Grip_Axis".
[2026.09.09-10.26.31:042][  0]LogTextLocalizationResource: The current translation is "Oculus Touch (R) 그립 축" (from "../../../Engine/Content/Localization/Engine/ko/Engine.locres" and source hash 0x6b821b6f) and the conflicting translation of "Oculus Touch (우) 그립 축" (from "../../../../../../Users/user/Documents/Unreal Projects/LyraStarterGame/Content/Localization/EngineOverrides/ko/EngineOverrides.locres" and source hash 0x6b821b6f) will be ignored.
[2026.09.09-10.26.31:042][  0]LogTextLocalizationResource: Warning: Text translation conflict for namespace "InputKeys" and key "OculusTouch_Right_Thumbstick_2D".
[2026.09.09-10.26.31:042][  0]LogTextLocalizationResource: The current translation is "Oculus Touch(R) 썸스틱 아래 2D 축" (from "../../../Engine/Content/Localization/Engine/ko/Engine.locres" and source hash 0x9c7a1527) and the conflicting translation of "Oculus Touch (우) 스틱 2D" (from "../../../../../../Users/user/Documents/Unreal Projects/LyraStarterGame/Content/Localization/EngineOverrides/ko/EngineOverrides.locres" and source hash 0x9c7a1527) will be ignored.
[2026.09.09-10.26.31:042][  0]LogTextLocalizationResource: Warning: Text translation conflict for namespace "InputKeys" and key "OculusTouch_Right_Thumbstick_Click".
[2026.09.09-10.26.31:042][  0]LogTextLocalizationResource: The current translation is "Oculus Touch(R) 썸스틱 버튼" (from "../../../Engine/Content/Localization/Engine/ko/Engine.locres" and source hash 0xf7ecb9e7) and the conflicting translation of "Oculus Touch (우) 스틱 버튼" (from "../../../../../../Users/user/Documents/Unreal Projects/LyraStarterGame/Content/Localization/EngineOverrides/ko/EngineOverrides.locres" and source hash 0xf7ecb9e7) will be ignored.
[2026.09.09-10.26.31:043][  0]LogTextLocalizationResource: Warning: Text translation conflict for namespace "InputKeys" and key "OculusTouch_Right_Thumbstick_Down".
[2026.09.09-10.26.31:043][  0]LogTextLocalizationResource: The current translation is "Oculus Touch (R) 썸스틱 아래" (from "../../../Engine/Content/Localization/Engine/ko/Engine.locres" and source hash 0x9c3a69cb) and the conflicting translation of "Oculus Touch (우) 스틱 아래" (from "../../../../../../Users/user/Documents/Unreal Projects/LyraStarterGame/Content/Localization/EngineOverrides/ko/EngineOverrides.locres" and source hash 0x9c3a69cb) will be ignored.
[2026.09.09-10.26.31:043][  0]LogTextLocalizationResource: Warning: Text translation conflict for namespace "InputKeys" and key "OculusTouch_Right_Thumbstick_Left".
[2026.09.09-10.26.31:043][  0]LogTextLocalizationResource: The current translation is "Oculus Touch (R) 썸스틱 왼쪽" (from "../../../Engine/Content/Localization/Engine/ko/Engine.locres" and source hash 0x8aab98ab) and the conflicting translation of "Oculus Touch (우) 스틱 왼쪽" (from "../../../../../../Users/user/Documents/Unreal Projects/LyraStarterGame/Content/Localization/EngineOverrides/ko/EngineOverrides.locres" and source hash 0x8aab98ab) will be ignored.
[2026.09.09-10.26.31:043][  0]LogTextLocalizationResource: Warning: Text translation conflict for namespace "InputKeys" and key "OculusTouch_Right_Thumbstick_Right".
[2026.09.09-10.26.31:043][  0]LogTextLocalizationResource: The current translation is "Oculus Touch (R) 썸스틱 오른쪽" (from "../../../Engine/Content/Localization/Engine/ko/Engine.locres" and source hash 0x0240cb06) and the conflicting translation of "Oculus Touch (우) 스틱 오른쪽" (from "../../../../../../Users/user/Documents/Unreal Projects/LyraStarterGame/Content/Localization/EngineOverrides/ko/EngineOverrides.locres" and source hash 0x0240cb06) will be ignored.
[2026.09.09-10.26.31:043][  0]LogTextLocalizationResource: Warning: Text translation conflict for namespace "InputKeys" and key "OculusTouch_Right_Thumbstick_Touch".
[2026.09.09-10.26.31:043][  0]LogTextLocalizationResource: The current translation is "Oculus Touch (R) 썸스틱 터치" (from "../../../Engine/Content/Localization/Engine/ko/Engine.locres" and source hash 0x7274b825) and the conflicting translation of "Oculus Touch (우) 스틱 터치" (from "../../../../../../Users/user/Documents/Unreal Projects/LyraStarterGame/Content/Localization/EngineOverrides/ko/EngineOverrides.locres" and source hash 0x7274b825) will be ignored.
[2026.09.09-10.26.31:043][  0]LogTextLocalizationResource: Warning: Text translation conflict for namespace "InputKeys" and key "OculusTouch_Right_Thumbstick_Up".
[2026.09.09-10.26.31:043][  0]LogTextLocalizationResource: The current translation is "Oculus Touch (R) 썸스틱 위" (from "../../../Engine/Content/Localization/Engine/ko/Engine.locres" and source hash 0xdd8b8d63) and the conflicting translation of "Oculus Touch (우) 스틱 위" (from "../../../../../../Users/user/Documents/Unreal Projects/LyraStarterGame/Content/Localization/EngineOverrides/ko/EngineOverrides.locres" and source hash 0xdd8b8d63) will be ignored.
[2026.09.09-10.26.31:043][  0]LogTextLocalizationResource: Warning: Text translation conflict for namespace "InputKeys" and key "OculusTouch_Right_Thumbstick_X".
[2026.09.09-10.26.31:043][  0]LogTextLocalizationResource: The current translation is "Oculus Touch(R) 썸스틱 X 축" (from "../../../Engine/Content/Localization/Engine/ko/Engine.locres" and source hash 0x2103b85b) and the conflicting translation of "Oculus Touch (우) 스틱 X" (from "../../../../../../Users/user/Documents/Unreal Projects/LyraStarterGame/Content/Localization/EngineOverrides/ko/EngineOverrides.locres" and source hash 0x2103b85b) will be ignored.
[2026.09.09-10.26.31:043][  0]LogTextLocalizationResource: Warning: Text translation conflict for namespace "InputKeys" and key "OculusTouch_Right_Thumbstick_Y".
[2026.09.09-10.26.31:043][  0]LogTextLocalizationResource: The current translation is "Oculus Touch(R) 썸스틱 Y 축" (from "../../../Engine/Content/Localization/Engine/ko/Engine.locres" and source hash 0xa026dd7c) and the conflicting translation of "Oculus Touch (우) 스틱 Y" (from "../../../../../../Users/user/Documents/Unreal Projects/LyraStarterGame/Content/Localization/EngineOverrides/ko/EngineOverrides.locres" and source hash 0xa026dd7c) will be ignored.
[2026.09.09-10.26.31:043][  0]LogTextLocalizationResource: Warning: Text translation conflict for namespace "InputKeys" and key "OculusTouch_Right_Trigger_Click".
[2026.09.09-10.26.31:043][  0]LogTextLocalizationResource: The current translation is "Oculus Touch (R) 트리거" (from "../../../Engine/Content/Localization/Engine/ko/Engine.locres" and source hash 0x47f07f42) and the conflicting translation of "Oculus Touch (우) 트리거" (from "../../../../../../Users/user/Documents/Unreal Projects/LyraStarterGame/Content/Localization/EngineOverrides/ko/EngineOverrides.locres" and source hash 0x47f07f42) will be ignored.
[2026.09.09-10.26.31:043][  0]LogTextLocalizationResource: Warning: Text translation conflict for namespace "InputKeys" and key "OculusTouch_Right_Trigger_Axis".
[2026.09.09-10.26.31:043][  0]LogTextLocalizationResource: The current translation is "Oculus Touch (R) 트리거 축" (from "../../../Engine/Content/Localization/Engine/ko/Engine.locres" and source hash 0xdfe76511) and the conflicting translation of "Oculus Touch (우) 트리거 축" (from "../../../../../../Users/user/Documents/Unreal Projects/LyraStarterGame/Content/Localization/EngineOverrides/ko/EngineOverrides.locres" and source hash 0xdfe76511) will be ignored.
[2026.09.09-10.26.31:043][  0]LogTextLocalizationResource: Warning: Text translation conflict for namespace "InputKeys" and key "OculusTouch_Right_Trigger_Touch".
[2026.09.09-10.26.31:043][  0]LogTextLocalizationResource: The current translation is "Oculus Touch (R) 트리거 터치" (from "../../../Engine/Content/Localization/Engine/ko/Engine.locres" and source hash 0xdb07bf28) and the conflicting translation of "Oculus Touch (우) 트리거 터치" (from "../../../../../../Users/user/Documents/Unreal Projects/LyraStarterGame/Content/Localization/EngineOverrides/ko/EngineOverrides.locres" and source hash 0xdb07bf28) will be ignored.
[2026.09.09-10.26.31:043][  0]LogTextLocalizationResource: Warning: Text translation conflict for namespace "InputKeys" and key "Period".
[2026.09.09-10.26.31:043][  0]LogTextLocalizationResource: The current translation is "Period" (from "../../../Engine/Content/Localization/Engine/ko/Engine.locres" and source hash 0xae4a7d0a) and the conflicting translation of "." (from "../../../../../../Users/user/Documents/Unreal Projects/LyraStarterGame/Content/Localization/EngineOverrides/ko/EngineOverrides.locres" and source hash 0xae4a7d0a) will be ignored.
[2026.09.09-10.26.31:043][  0]LogTextLocalizationResource: Warning: Text translation conflict for namespace "InputKeys" and key "RightMouseButtonShort".
[2026.09.09-10.26.31:043][  0]LogTextLocalizationResource: The current translation is "RMB" (from "../../../Engine/Content/Localization/Engine/ko/Engine.locres" and source hash 0x28104576) and the conflicting translation of "마우스 오른쪽 버튼" (from "../../../../../../Users/user/Documents/Unreal Projects/LyraStarterGame/Content/Localization/EngineOverrides/ko/EngineOverrides.locres" and source hash 0x28104576) will be ignored.
[2026.09.09-10.26.31:043][  0]LogTextLocalizationResource: Warning: Text translation conflict for namespace "InputKeys" and key "Right".
[2026.09.09-10.26.31:043][  0]LogTextLocalizationResource: The current translation is "오른쪽" (from "../../../Engine/Content/Localization/Engine/ko/Engine.locres" and source hash 0x4f866c29) and the conflicting translation of "오른쪽 화살표" (from "../../../../../../Users/user/Documents/Unreal Projects/LyraStarterGame/Content/Localization/EngineOverrides/ko/EngineOverrides.locres" and source hash 0x4f866c29) will be ignored.
[2026.09.09-10.26.31:043][  0]LogTextLocalizationResource: Warning: Text translation conflict for namespace "InputKeys" and key "Semicolon".
[2026.09.09-10.26.31:043][  0]LogTextLocalizationResource: The current translation is "세미콜론" (from "../../../Engine/Content/Localization/Engine/ko/Engine.locres" and source hash 0x01344b80) and the conflicting translation of ";" (from "../../../../../../Users/user/Documents/Unreal Projects/LyraStarterGame/Content/Localization/EngineOverrides/ko/EngineOverrides.locres" and source hash 0x01344b80) will be ignored.
[2026.09.09-10.26.31:043][  0]LogTextLocalizationResource: Warning: Text translation conflict for namespace "InputKeys" and key "SpaceBar".
[2026.09.09-10.26.31:043][  0]LogTextLocalizationResource: The current translation is "스페이스 바" (from "../../../Engine/Content/Localization/Engine/ko/Engine.locres" and source hash 0x46812822) and the conflicting translation of "Space" (from "../../../../../../Users/user/Documents/Unreal Projects/LyraStarterGame/Content/Localization/EngineOverrides/ko/EngineOverrides.locres" and source hash 0x46812822) will be ignored.
[2026.09.09-10.26.31:043][  0]LogTextLocalizationResource: Warning: Text translation conflict for namespace "InputKeys" and key "Steam_Back_Left".
[2026.09.09-10.26.31:043][  0]LogTextLocalizationResource: The current translation is "스팀 뒤 왼쪽" (from "../../../Engine/Content/Localization/Engine/ko/Engine.locres" and source hash 0xbe573251) and the conflicting translation of "Steam 뒤 왼쪽" (from "../../../../../../Users/user/Documents/Unreal Projects/LyraStarterGame/Content/Localization/EngineOverrides/ko/EngineOverrides.locres" and source hash 0xbe573251) will be ignored.
[2026.09.09-10.26.31:043][  0]LogTextLocalizationResource: Warning: Text translation conflict for namespace "InputKeys" and key "Steam_Back_Right".
[2026.09.09-10.26.31:043][  0]LogTextLocalizationResource: The current translation is "스팀 뒤 오른쪽" (from "../../../Engine/Content/Localization/Engine/ko/Engine.locres" and source hash 0xa6c9bf77) and the conflicting translation of "Steam 뒤 오른쪽" (from "../../../../../../Users/user/Documents/Unreal Projects/LyraStarterGame/Content/Localization/EngineOverrides/ko/EngineOverrides.locres" and source hash 0xa6c9bf77) will be ignored.
[2026.09.09-10.26.31:043][  0]LogTextLocalizationResource: Warning: Text translation conflict for namespace "InputKeys" and key "Tilt".
[2026.09.09-10.26.31:043][  0]LogTextLocalizationResource: The current translation is "틸트" (from "../../../Engine/Content/Localization/Engine/ko/Engine.locres" and source hash 0x26311b10) and the conflicting translation of "기울기" (from "../../../../../../Users/user/Documents/Unreal Projects/LyraStarterGame/Content/Localization/EngineOverrides/ko/EngineOverrides.locres" and source hash 0x26311b10) will be ignored.
[2026.09.09-10.26.31:043][  0]LogTextLocalizationResource: Warning: Text translation conflict for namespace "InputKeys" and key "Gamepad_Special_Left_X".
[2026.09.09-10.26.31:043][  0]LogTextLocalizationResource: The current translation is "터치패드 버튼 X 축" (from "../../../Engine/Content/Localization/Engine/ko/Engine.locres" and source hash 0x80297c1d) and the conflicting translation of "터치패드 버튼 X축" (from "../../../../../../Users/user/Documents/Unreal Projects/LyraStarterGame/Content/Localization/EngineOverrides/ko/EngineOverrides.locres" and source hash 0x80297c1d) will be ignored.
[2026.09.09-10.26.31:043][  0]LogTextLocalizationResource: Warning: Text translation conflict for namespace "InputKeys" and key "Gamepad_Special_Left_Y".
[2026.09.09-10.26.31:043][  0]LogTextLocalizationResource: The current translation is "터치패드 버튼 Y 축" (from "../../../Engine/Content/Localization/Engine/ko/Engine.locres" and source hash 0x010c193a) and the conflicting translation of "터치패드 버튼 Y축" (from "../../../../../../Users/user/Documents/Unreal Projects/LyraStarterGame/Content/Localization/EngineOverrides/ko/EngineOverrides.locres" and source hash 0x010c193a) will be ignored.
[2026.09.09-10.26.31:043][  0]LogTextLocalizationResource: Warning: Text translation conflict for namespace "InputKeys" and key "Underscore".
[2026.09.09-10.26.31:043][  0]LogTextLocalizationResource: The current translation is "언더스코어" (from "../../../Engine/Content/Localization/Engine/ko/Engine.locres" and source hash 0x40c8867e) and the conflicting translation of "_" (from "../../../../../../Users/user/Documents/Unreal Projects/LyraStarterGame/Content/Localization/EngineOverrides/ko/EngineOverrides.locres" and source hash 0x40c8867e) will be ignored.
[2026.09.09-10.26.31:043][  0]LogTextLocalizationResource: Warning: Text translation conflict for namespace "InputKeys" and key "Up".
[2026.09.09-10.26.31:043][  0]LogTextLocalizationResource: The current translation is "위" (from "../../../Engine/Content/Localization/Engine/ko/Engine.locres" and source hash 0x13db8257) and the conflicting translation of "위쪽 화살표" (from "../../../../../../Users/user/Documents/Unreal Projects/LyraStarterGame/Content/Localization/EngineOverrides/ko/EngineOverrides.locres" and source hash 0x13db8257) will be ignored.
[2026.09.09-10.26.31:043][  0]LogTextLocalizationResource: Warning: Text translation conflict for namespace "InputKeys" and key "ValveIndex_Left_A_Click".
[2026.09.09-10.26.31:043][  0]LogTextLocalizationResource: The current translation is "Valve Index (L) A 누름" (from "../../../Engine/Content/Localization/Engine/ko/Engine.locres" and source hash 0x64c63468) and the conflicting translation of "Valve Index (좌) A 누르기" (from "../../../../../../Users/user/Documents/Unreal Projects/LyraStarterGame/Content/Localization/EngineOverrides/ko/EngineOverrides.locres" and source hash 0x64c63468) will be ignored.
[2026.09.09-10.26.31:043][  0]LogTextLocalizationResource: Warning: Text translation conflict for namespace "InputKeys" and key "ValveIndex_Left_A_Touch".
[2026.09.09-10.26.31:043][  0]LogTextLocalizationResource: The current translation is "Valve Index (L) A 터치" (from "../../../Engine/Content/Localization/Engine/ko/Engine.locres" and source hash 0x32fdafbf) and the conflicting translation of "Valve Index (좌) A 터치" (from "../../../../../../Users/user/Documents/Unreal Projects/LyraStarterGame/Content/Localization/EngineOverrides/ko/EngineOverrides.locres" and source hash 0x32fdafbf) will be ignored.
[2026.09.09-10.26.31:043][  0]LogTextLocalizationResource: Warning: Text translation conflict for namespace "InputKeys" and key "ValveIndex_Left_B_Click".
[2026.09.09-10.26.31:043][  0]LogTextLocalizationResource: The current translation is "Valve Index (L) B 누름" (from "../../../Engine/Content/Localization/Engine/ko/Engine.locres" and source hash 0x6618334f) and the conflicting translation of "Valve Index (좌) B 누르기" (from "../../../../../../Users/user/Documents/Unreal Projects/LyraStarterGame/Content/Localization/EngineOverrides/ko/EngineOverrides.locres" and source hash 0x6618334f) will be ignored.
[2026.09.09-10.26.31:043][  0]LogTextLocalizationResource: Warning: Text translation conflict for namespace "InputKeys" and key "ValveIndex_Left_B_Touch".
[2026.09.09-10.26.31:043][  0]LogTextLocalizationResource: The current translation is "Valve Index (L) B 터치" (from "../../../Engine/Content/Localization/Engine/ko/Engine.locres" and source hash 0x3023a898) and the conflicting translation of "Valve Index (좌) B 터치" (from "../../../../../../Users/user/Documents/Unreal Projects/LyraStarterGame/Content/Localization/EngineOverrides/ko/EngineOverrides.locres" and source hash 0x3023a898) will be ignored.
[2026.09.09-10.26.31:043][  0]LogTextLocalizationResource: Warning: Text translation conflict for namespace "InputKeys" and key "ValveIndex_Left_Grip_Axis".
[2026.09.09-10.26.31:043][  0]LogTextLocalizationResource: The current translation is "Valve Index (L) 그립 축" (from "../../../Engine/Content/Localization/Engine/ko/Engine.locres" and source hash 0x5f8d4d49) and the conflicting translation of "Valve Index (좌) 그립 축" (from "../../../../../../Users/user/Documents/Unreal Projects/LyraStarterGame/Content/Localization/EngineOverrides/ko/EngineOverrides.locres" and source hash 0x5f8d4d49) will be ignored.
[2026.09.09-10.26.31:043][  0]LogTextLocalizationResource: Warning: Text translation conflict for namespace "InputKeys" and key "ValveIndex_Left_Grip_Force".
[2026.09.09-10.26.31:043][  0]LogTextLocalizationResource: The current translation is "Valve Index (L) 그립 포스" (from "../../../Engine/Content/Localization/Engine/ko/Engine.locres" and source hash 0x3db063cb) and the conflicting translation of "Valve Index (좌) 그립 포스" (from "../../../../../../Users/user/Documents/Unreal Projects/LyraStarterGame/Content/Localization/EngineOverrides/ko/EngineOverrides.locres" and source hash 0x3db063cb) will be ignored.
[2026.09.09-10.26.31:043][  0]LogTextLocalizationResource: Warning: Text translation conflict for namespace "InputKeys" and key "ValveIndex_Left_Thumbstick_2D".
[2026.09.09-10.26.31:043][  0]LogTextLocalizationResource: The current translation is "Valve Index(L) 썸스틱 2D 축" (from "../../../Engine/Content/Localization/Engine/ko/Engine.locres" and source hash 0x41f6705f) and the conflicting translation of "Valve Index (좌) 스틱 2D" (from "../../../../../../Users/user/Documents/Unreal Projects/LyraStarterGame/Content/Localization/EngineOverrides/ko/EngineOverrides.locres" and source hash 0x41f6705f) will be ignored.
[2026.09.09-10.26.31:043][  0]LogTextLocalizationResource: Warning: Text translation conflict for namespace "InputKeys" and key "ValveIndex_Left_Thumbstick_Click".
[2026.09.09-10.26.31:043][  0]LogTextLocalizationResource: The current translation is "Valve Index(L) 썸스틱 버튼" (from "../../../Engine/Content/Localization/Engine/ko/Engine.locres" and source hash 0xc935f098) and the conflicting translation of "Valve Index (좌) 스틱 버튼" (from "../../../../../../Users/user/Documents/Unreal Projects/LyraStarterGame/Content/Localization/EngineOverrides/ko/EngineOverrides.locres" and source hash 0xc935f098) will be ignored.
[2026.09.09-10.26.31:043][  0]LogTextLocalizationResource: Warning: Text translation conflict for namespace "InputKeys" and key "ValveIndex_Left_Thumbstick_Down".
[2026.09.09-10.26.31:043][  0]LogTextLocalizationResource: The current translation is "Valve Index (L) 썸스틱 아래" (from "../../../Engine/Content/Localization/Engine/ko/Engine.locres" and source hash 0x29ec0328) and the conflicting translation of "Valve Index (좌) 스틱 아래" (from "../../../../../../Users/user/Documents/Unreal Projects/LyraStarterGame/Content/Localization/EngineOverrides/ko/EngineOverrides.locres" and source hash 0x29ec0328) will be ignored.
[2026.09.09-10.26.31:043][  0]LogTextLocalizationResource: Warning: Text translation conflict for namespace "InputKeys" and key "ValveIndex_Left_Thumbstick_Left".
[2026.09.09-10.26.31:043][  0]LogTextLocalizationResource: The current translation is "Valve Index (L) 썸스틱 왼쪽" (from "../../../Engine/Content/Localization/Engine/ko/Engine.locres" and source hash 0x3f7df248) and the conflicting translation of "Valve Index (좌) 스틱 왼쪽" (from "../../../../../../Users/user/Documents/Unreal Projects/LyraStarterGame/Content/Localization/EngineOverrides/ko/EngineOverrides.locres" and source hash 0x3f7df248) will be ignored.
[2026.09.09-10.26.31:043][  0]LogTextLocalizationResource: Warning: Text translation conflict for namespace "InputKeys" and key "ValveIndex_Left_Thumbstick_Right".
[2026.09.09-10.26.31:043][  0]LogTextLocalizationResource: The current translation is "Valve Index (L) 썸스틱 오른쪽" (from "../../../Engine/Content/Localization/Engine/ko/Engine.locres" and source hash 0xefa34ebc) and the conflicting translation of "Valve Index (좌) 스틱 오른쪽" (from "../../../../../../Users/user/Documents/Unreal Projects/LyraStarterGame/Content/Localization/EngineOverrides/ko/EngineOverrides.locres" and source hash 0xefa34ebc) will be ignored.
[2026.09.09-10.26.31:043][  0]LogTextLocalizationResource: Warning: Text translation conflict for namespace "InputKeys" and key "ValveIndex_Left_Thumbstick_Touch".
[2026.09.09-10.26.31:043][  0]LogTextLocalizationResource: The current translation is "Valve Index (L) 썸스틱 터치" (from "../../../Engine/Content/Localization/Engine/ko/Engine.locres" and source hash 0x9f973d9f) and the conflicting translation of "Valve Index (좌) 스틱 터치" (from "../../../../../../Users/user/Documents/Unreal Projects/LyraStarterGame/Content/Localization/EngineOverrides/ko/EngineOverrides.locres" and source hash 0x9f973d9f) will be ignored.
[2026.09.09-10.26.31:043][  0]LogTextLocalizationResource: Warning: Text translation conflict for namespace "InputKeys" and key "ValveIndex_Left_Thumbstick_Up".
[2026.09.09-10.26.31:043][  0]LogTextLocalizationResource: The current translation is "Valve Index (L) 썸스틱 위" (from "../../../Engine/Content/Localization/Engine/ko/Engine.locres" and source hash 0xa4129c75) and the conflicting translation of "Valve Index (좌) 스틱 위" (from "../../../../../../Users/user/Documents/Unreal Projects/LyraStarterGame/Content/Localization/EngineOverrides/ko/EngineOverrides.locres" and source hash 0xa4129c75) will be ignored.
[2026.09.09-10.26.31:043][  0]LogTextLocalizationResource: Warning: Text translation conflict for namespace "InputKeys" and key "ValveIndex_Left_Thumbstick_X".
[2026.09.09-10.26.31:043][  0]LogTextLocalizationResource: The current translation is "Valve Index(L) 썸스틱 X 축" (from "../../../Engine/Content/Localization/Engine/ko/Engine.locres" and source hash 0x1fdaf124) and the conflicting translation of "Valve Index (좌) 스틱 X" (from "../../../../../../Users/user/Documents/Unreal Projects/LyraStarterGame/Content/Localization/EngineOverrides/ko/EngineOverrides.locres" and source hash 0x1fdaf124) will be ignored.
[2026.09.09-10.26.31:043][  0]LogTextLocalizationResource: Warning: Text translation conflict for namespace "InputKeys" and key "ValveIndex_Left_Thumbstick_Y".
[2026.09.09-10.26.31:043][  0]LogTextLocalizationResource: The current translation is "Valve Index(L) 썸스틱 Y 축" (from "../../../Engine/Content/Localization/Engine/ko/Engine.locres" and source hash 0x9eff9403) and the conflicting translation of "Valve Index (좌) 스틱 Y" (from "../../../../../../Users/user/Documents/Unreal Projects/LyraStarterGame/Content/Localization/EngineOverrides/ko/EngineOverrides.locres" and source hash 0x9eff9403) will be ignored.
[2026.09.09-10.26.31:043][  0]LogTextLocalizationResource: Warning: Text translation conflict for namespace "InputKeys" and key "ValveIndex_Left_Trackpad_2D".
[2026.09.09-10.26.31:043][  0]LogTextLocalizationResource: The current translation is "Valve Index(L) 트랙패드 2D 축" (from "../../../Engine/Content/Localization/Engine/ko/Engine.locres" and source hash 0xd50c7cf3) and the conflicting translation of "Valve Index (좌) 트랙패드 2D" (from "../../../../../../Users/user/Documents/Unreal Projects/LyraStarterGame/Content/Localization/EngineOverrides/ko/EngineOverrides.locres" and source hash 0xd50c7cf3) will be ignored.
[2026.09.09-10.26.31:043][  0]LogTextLocalizationResource: Warning: Text translation conflict for namespace "InputKeys" and key "ValveIndex_Left_Trackpad_Down".
[2026.09.09-10.26.31:043][  0]LogTextLocalizationResource: The current translation is "Valve Index (L) 트랙패드 아래" (from "../../../Engine/Content/Localization/Engine/ko/Engine.locres" and source hash 0x8cf3874c) and the conflicting translation of "Valve Index (좌) 트랙패드 아래" (from "../../../../../../Users/user/Documents/Unreal Projects/LyraStarterGame/Content/Localization/EngineOverrides/ko/EngineOverrides.locres" and source hash 0x8cf3874c) will be ignored.
[2026.09.09-10.26.31:043][  0]LogTextLocalizationResource: Warning: Text translation conflict for namespace "InputKeys" and key "ValveIndex_Left_Trackpad_Force".
[2026.09.09-10.26.31:043][  0]LogTextLocalizationResource: The current translation is "Valve Index (L) 트랙패드 포스" (from "../../../Engine/Content/Localization/Engine/ko/Engine.locres" and source hash 0x0af35b95) and the conflicting translation of "Valve Index (좌) 트랙패드 포스" (from "../../../../../../Users/user/Documents/Unreal Projects/LyraStarterGame/Content/Localization/EngineOverrides/ko/EngineOverrides.locres" and source hash 0x0af35b95) will be ignored.
[2026.09.09-10.26.31:043][  0]LogTextLocalizationResource: Warning: Text translation conflict for namespace "InputKeys" and key "ValveIndex_Left_Trackpad_Left".
[2026.09.09-10.26.31:043][  0]LogTextLocalizationResource: The current translation is "Valve Index (L) 트랙패드 왼쪽" (from "../../../Engine/Content/Localization/Engine/ko/Engine.locres" and source hash 0x9a62762c) and the conflicting translation of "Valve Index (좌) 트랙패드 왼쪽" (from "../../../../../../Users/user/Documents/Unreal Projects/LyraStarterGame/Content/Localization/EngineOverrides/ko/EngineOverrides.locres" and source hash 0x9a62762c) will be ignored.
[2026.09.09-10.26.31:043][  0]LogTextLocalizationResource: Warning: Text translation conflict for namespace "InputKeys" and key "ValveIndex_Left_Trackpad_Right".
[2026.09.09-10.26.31:043][  0]LogTextLocalizationResource: The current translation is "Valve Index (L) 트랙패드 오른쪽" (from "../../../Engine/Content/Localization/Engine/ko/Engine.locres" and source hash 0xd63dc44d) and the conflicting translation of "Valve Index (좌) 트랙패드 오른쪽" (from "../../../../../../Users/user/Documents/Unreal Projects/LyraStarterGame/Content/Localization/EngineOverrides/ko/EngineOverrides.locres" and source hash 0xd63dc44d) will be ignored.
[2026.09.09-10.26.31:043][  0]LogTextLocalizationResource: Warning: Text translation conflict for namespace "InputKeys" and key "ValveIndex_Left_Trackpad_Touch".
[2026.09.09-10.26.31:043][  0]LogTextLocalizationResource: The current translation is "Valve Index (L) 트랙패드 터치" (from "../../../Engine/Content/Localization/Engine/ko/Engine.locres" and source hash 0xa609b76e) and the conflicting translation of "Valve Index (좌) 트랙패드 터치" (from "../../../../../../Users/user/Documents/Unreal Projects/LyraStarterGame/Content/Localization/EngineOverrides/ko/EngineOverrides.locres" and source hash 0xa609b76e) will be ignored.
[2026.09.09-10.26.31:043][  0]LogTextLocalizationResource: Warning: Text translation conflict for namespace "InputKeys" and key "ValveIndex_Left_Trackpad_Up".
[2026.09.09-10.26.31:043][  0]LogTextLocalizationResource: The current translation is "Valve Index (L) 트랙패드 위" (from "../../../Engine/Content/Localization/Engine/ko/Engine.locres" and source hash 0x3575c392) and the conflicting translation of "Valve Index (좌) 트랙패드 위" (from "../../../../../../Users/user/Documents/Unreal Projects/LyraStarterGame/Content/Localization/EngineOverrides/ko/EngineOverrides.locres" and source hash 0x3575c392) will be ignored.
[2026.09.09-10.26.31:043][  0]LogTextLocalizationResource: Warning: Text translation conflict for namespace "InputKeys" and key "ValveIndex_Left_Trackpad_X".
[2026.09.09-10.26.31:043][  0]LogTextLocalizationResource: The current translation is "Valve Index (L) 트랙패드 X" (from "../../../Engine/Content/Localization/Engine/ko/Engine.locres" and source hash 0xad5c6003) and the conflicting translation of "Valve Index (좌) 트랙패드 X" (from "../../../../../../Users/user/Documents/Unreal Projects/LyraStarterGame/Content/Localization/EngineOverrides/ko/EngineOverrides.locres" and source hash 0xad5c6003) will be ignored.
[2026.09.09-10.26.31:043][  0]LogTextLocalizationResource: Warning: Text translation conflict for namespace "InputKeys" and key "ValveIndex_Left_Trackpad_Y".
[2026.09.09-10.26.31:043][  0]LogTextLocalizationResource: The current translation is "Valve Index (L) 트랙패드 Y" (from "../../../Engine/Content/Localization/Engine/ko/Engine.locres" and source hash 0x15e00766) and the conflicting translation of "Valve Index (좌) 트랙패드 Y" (from "../../../../../../Users/user/Documents/Unreal Projects/LyraStarterGame/Content/Localization/EngineOverrides/ko/EngineOverrides.locres" and source hash 0x15e00766) will be ignored.
[2026.09.09-10.26.31:043][  0]LogTextLocalizationResource: Warning: Text translation conflict for namespace "InputKeys" and key "ValveIndex_Left_Trigger_Click".
[2026.09.09-10.26.31:043][  0]LogTextLocalizationResource: The current translation is "Valve Index (L) 트리거" (from "../../../Engine/Content/Localization/Engine/ko/Engine.locres" and source hash 0x88dc9152) and the conflicting translation of "Valve Index (좌) 트리거" (from "../../../../../../Users/user/Documents/Unreal Projects/LyraStarterGame/Content/Localization/EngineOverrides/ko/EngineOverrides.locres" and source hash 0x88dc9152) will be ignored.
[2026.09.09-10.26.31:043][  0]LogTextLocalizationResource: Warning: Text translation conflict for namespace "InputKeys" and key "ValveIndex_Left_Trigger_Axis".
[2026.09.09-10.26.31:043][  0]LogTextLocalizationResource: The current translation is "Valve Index (L) 트리거 축" (from "../../../Engine/Content/Localization/Engine/ko/Engine.locres" and source hash 0x3a36c63d) and the conflicting translation of "Valve Index (좌) 트리거 축" (from "../../../../../../Users/user/Documents/Unreal Projects/LyraStarterGame/Content/Localization/EngineOverrides/ko/EngineOverrides.locres" and source hash 0x3a36c63d) will be ignored.
[2026.09.09-10.26.31:043][  0]LogTextLocalizationResource: Warning: Text translation conflict for namespace "InputKeys" and key "ValveIndex_Left_Trigger_Touch".
[2026.09.09-10.26.31:043][  0]LogTextLocalizationResource: The current translation is "Valve Index (L) 트리거 터치" (from "../../../Engine/Content/Localization/Engine/ko/Engine.locres" and source hash 0xa29eae3e) and the conflicting translation of "Valve Index (좌) 트리거 터치" (from "../../../../../../Users/user/Documents/Unreal Projects/LyraStarterGame/Content/Localization/EngineOverrides/ko/EngineOverrides.locres" and source hash 0xa29eae3e) will be ignored.
[2026.09.09-10.26.31:043][  0]LogTextLocalizationResource: Warning: Text translation conflict for namespace "InputKeys" and key "ValveIndex_Right_A_Click".
[2026.09.09-10.26.31:043][  0]LogTextLocalizationResource: The current translation is "Valve Index (R) A 누름" (from "../../../Engine/Content/Localization/Engine/ko/Engine.locres" and source hash 0xbf2bd779) and the conflicting translation of "Valve Index (우) A 누르기" (from "../../../../../../Users/user/Documents/Unreal Projects/LyraStarterGame/Content/Localization/EngineOverrides/ko/EngineOverrides.locres" and source hash 0xbf2bd779) will be ignored.
[2026.09.09-10.26.31:043][  0]LogTextLocalizationResource: Warning: Text translation conflict for namespace "InputKeys" and key "ValveIndex_Right_A_Touch".
[2026.09.09-10.26.31:043][  0]LogTextLocalizationResource: The current translation is "Valve Index (R) A 터치" (from "../../../Engine/Content/Localization/Engine/ko/Engine.locres" and source hash 0xe9104cae) and the conflicting translation of "Valve Index (우) A 터치" (from "../../../../../../Users/user/Documents/Unreal Projects/LyraStarterGame/Content/Localization/EngineOverrides/ko/EngineOverrides.locres" and source hash 0xe9104cae) will be ignored.
[2026.09.09-10.26.31:043][  0]LogTextLocalizationResource: Warning: Text translation conflict for namespace "InputKeys" and key "ValveIndex_Right_B_Click".
[2026.09.09-10.26.31:043][  0]LogTextLocalizationResource: The current translation is "Valve Index (R) B 누름" (from "../../../Engine/Content/Localization/Engine/ko/Engine.locres" and source hash 0xbdf5d05e) and the conflicting translation of "Valve Index (우) B 누르기" (from "../../../../../../Users/user/Documents/Unreal Projects/LyraStarterGame/Content/Localization/EngineOverrides/ko/EngineOverrides.locres" and source hash 0xbdf5d05e) will be ignored.
[2026.09.09-10.26.31:043][  0]LogTextLocalizationResource: Warning: Text translation conflict for namespace "InputKeys" and key "ValveIndex_Right_B_Touch".
[2026.09.09-10.26.31:043][  0]LogTextLocalizationResource: The current translation is "Valve Index (R) B 터치" (from "../../../Engine/Content/Localization/Engine/ko/Engine.locres" and source hash 0xebce4b89) and the conflicting translation of "Valve Index (우) B 터치" (from "../../../../../../Users/user/Documents/Unreal Projects/LyraStarterGame/Content/Localization/EngineOverrides/ko/EngineOverrides.locres" and source hash 0xebce4b89) will be ignored.
[2026.09.09-10.26.31:043][  0]LogTextLocalizationResource: Warning: Text translation conflict for namespace "InputKeys" and key "ValveIndex_Right_Grip_Axis".
[2026.09.09-10.26.31:043][  0]LogTextLocalizationResource: The current translation is "Valve Index (R) 그립 축" (from "../../../Engine/Content/Localization/Engine/ko/Engine.locres" and source hash 0x892b8662) and the conflicting translation of "Valve Index (우) 그립 축" (from "../../../../../../Users/user/Documents/Unreal Projects/LyraStarterGame/Content/Localization/EngineOverrides/ko/EngineOverrides.locres" and source hash 0x892b8662) will be ignored.
[2026.09.09-10.26.31:043][  0]LogTextLocalizationResource: Warning: Text translation conflict for namespace "InputKeys" and key "ValveIndex_Right_Grip_Force".
[2026.09.09-10.26.31:043][  0]LogTextLocalizationResource: The current translation is "Valve Index (R) 그립 포스" (from "../../../Engine/Content/Localization/Engine/ko/Engine.locres" and source hash 0x40945edb) and the conflicting translation of "Valve Index (우) 그립 포스" (from "../../../../../../Users/user/Documents/Unreal Projects/LyraStarterGame/Content/Localization/EngineOverrides/ko/EngineOverrides.locres" and source hash 0x40945edb) will be ignored.
[2026.09.09-10.26.31:043][  0]LogTextLocalizationResource: Warning: Text translation conflict for namespace "InputKeys" and key "ValveIndex_Right_Thumbstick_2D".
[2026.09.09-10.26.31:043][  0]LogTextLocalizationResource: The current translation is "Valve Index(R) 썸스틱 2D 축" (from "../../../Engine/Content/Localization/Engine/ko/Engine.locres" and source hash 0x5b6da730) and the conflicting translation of "Valve Index (우) 스틱 2D" (from "../../../../../../Users/user/Documents/Unreal Projects/LyraStarterGame/Content/Localization/EngineOverrides/ko/EngineOverrides.locres" and source hash 0x5b6da730) will be ignored.
[2026.09.09-10.26.31:043][  0]LogTextLocalizationResource: Warning: Text translation conflict for namespace "InputKeys" and key "ValveIndex_Right_Thumbstick_Click".
[2026.09.09-10.26.31:043][  0]LogTextLocalizationResource: The current translation is "Valve Index(R) 썸스틱 버튼" (from "../../../Engine/Content/Localization/Engine/ko/Engine.locres" and source hash 0x79d0e75f) and the conflicting translation of "Valve Index (우) 스틱 버튼" (from "../../../../../../Users/user/Documents/Unreal Projects/LyraStarterGame/Content/Localization/EngineOverrides/ko/EngineOverrides.locres" and source hash 0x79d0e75f) will be ignored.
[2026.09.09-10.26.31:043][  0]LogTextLocalizationResource: Warning: Text translation conflict for namespace "InputKeys" and key "ValveIndex_Right_Thumbstick_Down".
[2026.09.09-10.26.31:043][  0]LogTextLocalizationResource: The current translation is "Valve Index (R) 썸스틱 아래" (from "../../../Engine/Content/Localization/Engine/ko/Engine.locres" and source hash 0xeb23777b) and the conflicting translation of "Valve Index (우) 스틱 아래" (from "../../../../../../Users/user/Documents/Unreal Projects/LyraStarterGame/Content/Localization/EngineOverrides/ko/EngineOverrides.locres" and source hash 0xeb23777b) will be ignored.
[2026.09.09-10.26.31:043][  0]LogTextLocalizationResource: Warning: Text translation conflict for namespace "InputKeys" and key "ValveIndex_Right_Thumbstick_Left".
[2026.09.09-10.26.31:043][  0]LogTextLocalizationResource: The current translation is "Valve Index (R) 썸스틱 왼쪽" (from "../../../Engine/Content/Localization/Engine/ko/Engine.locres" and source hash 0xfdb2861b) and the conflicting translation of "Valve Index (우) 스틱 왼쪽" (from "../../../../../../Users/user/Documents/Unreal Projects/LyraStarterGame/Content/Localization/EngineOverrides/ko/EngineOverrides.locres" and source hash 0xfdb2861b) will be ignored.
[2026.09.09-10.26.31:043][  0]LogTextLocalizationResource: Warning: Text translation conflict for namespace "InputKeys" and key "ValveIndex_Right_Thumbstick_Right".
[2026.09.09-10.26.31:043][  0]LogTextLocalizationResource: The current translation is "Valve Index (R) 썸스틱 오른쪽" (from "../../../Engine/Content/Localization/Engine/ko/Engine.locres" and source hash 0x5ceb4661) and the conflicting translation of "Valve Index (우) 스틱 오른쪽" (from "../../../../../../Users/user/Documents/Unreal Projects/LyraStarterGame/Content/Localization/EngineOverrides/ko/EngineOverrides.locres" and source hash 0x5ceb4661) will be ignored.
[2026.09.09-10.26.31:043][  0]LogTextLocalizationResource: Warning: Text translation conflict for namespace "InputKeys" and key "ValveIndex_Right_Thumbstick_Touch".
[2026.09.09-10.26.31:043][  0]LogTextLocalizationResource: The current translation is "Valve Index (R) 썸스틱 터치" (from "../../../Engine/Content/Localization/Engine/ko/Engine.locres" and source hash 0x2cdf3542) and the conflicting translation of "Valve Index (우) 스틱 터치" (from "../../../../../../Users/user/Documents/Unreal Projects/LyraStarterGame/Content/Localization/EngineOverrides/ko/EngineOverrides.locres" and source hash 0x2cdf3542) will be ignored.
[2026.09.09-10.26.31:043][  0]LogTextLocalizationResource: Warning: Text translation conflict for namespace "InputKeys" and key "ValveIndex_Right_Thumbstick_Up".
[2026.09.09-10.26.31:043][  0]LogTextLocalizationResource: The current translation is "Valve Index (R) 썸스틱 위" (from "../../../Engine/Content/Localization/Engine/ko/Engine.locres" and source hash 0x0caef0ba) and the conflicting translation of "Valve Index (우) 스틱 위" (from "../../../../../../Users/user/Documents/Unreal Projects/LyraStarterGame/Content/Localization/EngineOverrides/ko/EngineOverrides.locres" and source hash 0x0caef0ba) will be ignored.
[2026.09.09-10.26.31:043][  0]LogTextLocalizationResource: Warning: Text translation conflict for namespace "InputKeys" and key "ValveIndex_Right_Thumbstick_X".
[2026.09.09-10.26.31:043][  0]LogTextLocalizationResource: The current translation is "Valve Index(R) 썸스틱 X 축" (from "../../../Engine/Content/Localization/Engine/ko/Engine.locres" and source hash 0xaf3fe6e3) and the conflicting translation of "Valve Index (우) 스틱 X" (from "../../../../../../Users/user/Documents/Unreal Projects/LyraStarterGame/Content/Localization/EngineOverrides/ko/EngineOverrides.locres" and source hash 0xaf3fe6e3) will be ignored.
[2026.09.09-10.26.31:043][  0]LogTextLocalizationResource: Warning: Text translation conflict for namespace "InputKeys" and key "ValveIndex_Right_Thumbstick_Y".
[2026.09.09-10.26.31:043][  0]LogTextLocalizationResource: The current translation is "Valve Index(R) 썸스틱 Y 축" (from "../../../Engine/Content/Localization/Engine/ko/Engine.locres" and source hash 0x2e1a83c4) and the conflicting translation of "Valve Index (우) 스틱 Y" (from "../../../../../../Users/user/Documents/Unreal Projects/LyraStarterGame/Content/Localization/EngineOverrides/ko/EngineOverrides.locres" and source hash 0x2e1a83c4) will be ignored.
[2026.09.09-10.26.31:043][  0]LogTextLocalizationResource: Warning: Text translation conflict for namespace "InputKeys" and key "ValveIndex_Right_Trackpad_2D".
[2026.09.09-10.26.31:043][  0]LogTextLocalizationResource: The current translation is "Valve Index(R) 트랙패드 2D 축" (from "../../../Engine/Content/Localization/Engine/ko/Engine.locres" and source hash 0x6644742e) and the conflicting translation of "Valve Index (우) 트랙패드 2D" (from "../../../../../../Users/user/Documents/Unreal Projects/LyraStarterGame/Content/Localization/EngineOverrides/ko/EngineOverrides.locres" and source hash 0x6644742e) will be ignored.
[2026.09.09-10.26.31:043][  0]LogTextLocalizationResource: Warning: Text translation conflict for namespace "InputKeys" and key "ValveIndex_Right_Trackpad_Down".
[2026.09.09-10.26.31:043][  0]LogTextLocalizationResource: The current translation is "Valve Index (R) 트랙패드 아래" (from "../../../Engine/Content/Localization/Engine/ko/Engine.locres" and source hash 0x244feb83) and the conflicting translation of "Valve Index (우) 트랙패드 아래" (from "../../../../../../Users/user/Documents/Unreal Projects/LyraStarterGame/Content/Localization/EngineOverrides/ko/EngineOverrides.locres" and source hash 0x244feb83) will be ignored.
[2026.09.09-10.26.31:043][  0]LogTextLocalizationResource: Warning: Text translation conflict for namespace "InputKeys" and key "ValveIndex_Right_Trackpad_Force".
[2026.09.09-10.26.31:043][  0]LogTextLocalizationResource: The current translation is "Valve Index (R) 트랙패드 포스" (from "../../../Engine/Content/Localization/Engine/ko/Engine.locres" and source hash 0xf56d5def) and the conflicting translation of "Valve Index (우) 트랙패드 포스" (from "../../../../../../Users/user/Documents/Unreal Projects/LyraStarterGame/Content/Localization/EngineOverrides/ko/EngineOverrides.locres" and source hash 0xf56d5def) will be ignored.
[2026.09.09-10.26.31:043][  0]LogTextLocalizationResource: Warning: Text translation conflict for namespace "InputKeys" and key "ValveIndex_Right_Trackpad_Left".
[2026.09.09-10.26.31:043][  0]LogTextLocalizationResource: The current translation is "Valve Index (R) 트랙패드 왼쪽" (from "../../../Engine/Content/Localization/Engine/ko/Engine.locres" and source hash 0x32de1ae3) and the conflicting translation of "Valve Index (우) 트랙패드 왼쪽" (from "../../../../../../Users/user/Documents/Unreal Projects/LyraStarterGame/Content/Localization/EngineOverrides/ko/EngineOverrides.locres" and source hash 0x32de1ae3) will be ignored.
[2026.09.09-10.26.31:043][  0]LogTextLocalizationResource: Warning: Text translation conflict for namespace "InputKeys" and key "ValveIndex_Right_Trackpad_Right".
[2026.09.09-10.26.31:043][  0]LogTextLocalizationResource: The current translation is "Valve Index (R) 트랙패드 오른쪽" (from "../../../Engine/Content/Localization/Engine/ko/Engine.locres" and source hash 0x29a3c237) and the conflicting translation of "Valve Index (우) 트랙패드 오른쪽" (from "../../../../../../Users/user/Documents/Unreal Projects/LyraStarterGame/Content/Localization/EngineOverrides/ko/EngineOverrides.locres" and source hash 0x29a3c237) will be ignored.
[2026.09.09-10.26.31:043][  0]LogTextLocalizationResource: Warning: Text translation conflict for namespace "InputKeys" and key "ValveIndex_Right_Trackpad_Touch".
[2026.09.09-10.26.31:043][  0]LogTextLocalizationResource: The current translation is "Valve Index (R) 트랙패드 터치" (from "../../../Engine/Content/Localization/Engine/ko/Engine.locres" and source hash 0x5997b114) and the conflicting translation of "Valve Index (우) 트랙패드 터치" (from "../../../../../../Users/user/Documents/Unreal Projects/LyraStarterGame/Content/Localization/EngineOverrides/ko/EngineOverrides.locres" and source hash 0x5997b114) will be ignored.
[2026.09.09-10.26.31:049][  0]LogTextLocalizationResource: Warning: Text translation conflict for namespace "InputKeys" and key "ValveIndex_Right_Trackpad_Up".
[2026.09.09-10.26.31:049][  0]LogTextLocalizationResource: The current translation is "Valve Index (R) 트랙패드 위" (from "../../../Engine/Content/Localization/Engine/ko/Engine.locres" and source hash 0x96830ee9) and the conflicting translation of "Valve Index (우) 트랙패드 위" (from "../../../../../../Users/user/Documents/Unreal Projects/LyraStarterGame/Content/Localization/EngineOverrides/ko/EngineOverrides.locres" and source hash 0x96830ee9) will be ignored.
[2026.09.09-10.26.31:049][  0]LogTextLocalizationResource: Warning: Text translation conflict for namespace "InputKeys" and key "ValveIndex_Right_Trackpad_X".
[2026.09.09-10.26.31:049][  0]LogTextLocalizationResource: The current translation is "Valve Index (R) 트랙패드 X" (from "../../../Engine/Content/Localization/Engine/ko/Engine.locres" and source hash 0xd0785d13) and the conflicting translation of "Valve Index (우) 트랙패드 X" (from "../../../../../../Users/user/Documents/Unreal Projects/LyraStarterGame/Content/Localization/EngineOverrides/ko/EngineOverrides.locres" and source hash 0xd0785d13) will be ignored.
[2026.09.09-10.26.31:049][  0]LogTextLocalizationResource: Warning: Text translation conflict for namespace "InputKeys" and key "ValveIndex_Right_Trackpad_Y".
[2026.09.09-10.26.31:049][  0]LogTextLocalizationResource: The current translation is "Valve Index (R) 트랙패드 Y" (from "../../../Engine/Content/Localization/Engine/ko/Engine.locres" and source hash 0x68c43a76) and the conflicting translation of "Valve Index (우) 트랙패드 Y" (from "../../../../../../Users/user/Documents/Unreal Projects/LyraStarterGame/Content/Localization/EngineOverrides/ko/EngineOverrides.locres" and source hash 0x68c43a76) will be ignored.
[2026.09.09-10.26.31:049][  0]LogTextLocalizationResource: Warning: Text translation conflict for namespace "InputKeys" and key "ValveIndex_Right_Trigger_Click".
[2026.09.09-10.26.31:049][  0]LogTextLocalizationResource: The current translation is "Valve Index (R) 트리거" (from "../../../Engine/Content/Localization/Engine/ko/Engine.locres" and source hash 0x53317243) and the conflicting translation of "Valve Index (우) 트리거" (from "../../../../../../Users/user/Documents/Unreal Projects/LyraStarterGame/Content/Localization/EngineOverrides/ko/EngineOverrides.locres" and source hash 0x53317243) will be ignored.
[2026.09.09-10.26.31:049][  0]LogTextLocalizationResource: Warning: Text translation conflict for namespace "InputKeys" and key "ValveIndex_Right_Trigger_Axis".
[2026.09.09-10.26.31:049][  0]LogTextLocalizationResource: The current translation is "Valve Index (R) 트리거 축" (from "../../../Engine/Content/Localization/Engine/ko/Engine.locres" and source hash 0x124650da) and the conflicting translation of "Valve Index (우) 트리거 축" (from "../../../../../../Users/user/Documents/Unreal Projects/LyraStarterGame/Content/Localization/EngineOverrides/ko/EngineOverrides.locres" and source hash 0x124650da) will be ignored.
[2026.09.09-10.26.31:049][  0]LogTextLocalizationResource: Warning: Text translation conflict for namespace "InputKeys" and key "ValveIndex_Right_Trigger_Touch".
[2026.09.09-10.26.31:049][  0]LogTextLocalizationResource: The current translation is "Valve Index (R) 트리거 터치" (from "../../../Engine/Content/Localization/Engine/ko/Engine.locres" and source hash 0x0a22c2f1) and the conflicting translation of "Valve Index (우) 트리거 터치" (from "../../../../../../Users/user/Documents/Unreal Projects/LyraStarterGame/Content/Localization/EngineOverrides/ko/EngineOverrides.locres" and source hash 0x0a22c2f1) will be ignored.
[2026.09.09-10.26.31:049][  0]LogTextLocalizationResource: Warning: Text translation conflict for namespace "InputKeys" and key "Vive_Left_Grip_Click".
[2026.09.09-10.26.31:049][  0]LogTextLocalizationResource: The current translation is "Vive (L) 그립" (from "../../../Engine/Content/Localization/Engine/ko/Engine.locres" and source hash 0x267cce74) and the conflicting translation of "Vive (좌) 그립" (from "../../../../../../Users/user/Documents/Unreal Projects/LyraStarterGame/Content/Localization/EngineOverrides/ko/EngineOverrides.locres" and source hash 0x267cce74) will be ignored.
[2026.09.09-10.26.31:049][  0]LogTextLocalizationResource: Warning: Text translation conflict for namespace "InputKeys" and key "Vive_Left_Menu_Click".
[2026.09.09-10.26.31:049][  0]LogTextLocalizationResource: The current translation is "Vive (L) 메뉴" (from "../../../Engine/Content/Localization/Engine/ko/Engine.locres" and source hash 0x97548900) and the conflicting translation of "Vive (좌) 메뉴" (from "../../../../../../Users/user/Documents/Unreal Projects/LyraStarterGame/Content/Localization/EngineOverrides/ko/EngineOverrides.locres" and source hash 0x97548900) will be ignored.
[2026.09.09-10.26.31:049][  0]LogTextLocalizationResource: Warning: Text translation conflict for namespace "InputKeys" and key "Vive_Left_Trackpad_2D".
[2026.09.09-10.26.31:049][  0]LogTextLocalizationResource: The current translation is "Vive(L) 트랙패드 2D 축" (from "../../../Engine/Content/Localization/Engine/ko/Engine.locres" and source hash 0x9f4bda3d) and the conflicting translation of "Vive (좌) 트랙패드 2D" (from "../../../../../../Users/user/Documents/Unreal Projects/LyraStarterGame/Content/Localization/EngineOverrides/ko/EngineOverrides.locres" and source hash 0x9f4bda3d) will be ignored.
[2026.09.09-10.26.31:049][  0]LogTextLocalizationResource: Warning: Text translation conflict for namespace "InputKeys" and key "Vive_Left_Trackpad_Click".
[2026.09.09-10.26.31:049][  0]LogTextLocalizationResource: The current translation is "Vive(L) 트랙패드 버튼" (from "../../../Engine/Content/Localization/Engine/ko/Engine.locres" and source hash 0x1565db8c) and the conflicting translation of "Vive (좌) 트랙패드 버튼" (from "../../../../../../Users/user/Documents/Unreal Projects/LyraStarterGame/Content/Localization/EngineOverrides/ko/EngineOverrides.locres" and source hash 0x1565db8c) will be ignored.
[2026.09.09-10.26.31:049][  0]LogTextLocalizationResource: Warning: Text translation conflict for namespace "InputKeys" and key "Vive_Left_Trackpad_Down".
[2026.09.09-10.26.31:049][  0]LogTextLocalizationResource: The current translation is "Vive (L) 트랙패드 아래" (from "../../../Engine/Content/Localization/Engine/ko/Engine.locres" and source hash 0xa6a665e0) and the conflicting translation of "Vive (좌) 트랙패드 아래" (from "../../../../../../Users/user/Documents/Unreal Projects/LyraStarterGame/Content/Localization/EngineOverrides/ko/EngineOverrides.locres" and source hash 0xa6a665e0) will be ignored.
[2026.09.09-10.26.31:049][  0]LogTextLocalizationResource: Warning: Text translation conflict for namespace "InputKeys" and key "Vive_Left_Trackpad_Left".
[2026.09.09-10.26.31:049][  0]LogTextLocalizationResource: The current translation is "Vive (L) 트랙패드 왼쪽" (from "../../../Engine/Content/Localization/Engine/ko/Engine.locres" and source hash 0xb0379480) and the conflicting translation of "Vive (좌) 트랙패드 왼쪽" (from "../../../../../../Users/user/Documents/Unreal Projects/LyraStarterGame/Content/Localization/EngineOverrides/ko/EngineOverrides.locres" and source hash 0xb0379480) will be ignored.
[2026.09.09-10.26.31:049][  0]LogTextLocalizationResource: Warning: Text translation conflict for namespace "InputKeys" and key "Vive_Left_Trackpad_Right".
[2026.09.09-10.26.31:049][  0]LogTextLocalizationResource: The current translation is "Vive (L) 트랙패드 오른쪽" (from "../../../Engine/Content/Localization/Engine/ko/Engine.locres" and source hash 0x679106f9) and the conflicting translation of "Vive (좌) 트랙패드 오른쪽" (from "../../../../../../Users/user/Documents/Unreal Projects/LyraStarterGame/Content/Localization/EngineOverrides/ko/EngineOverrides.locres" and source hash 0x679106f9) will be ignored.
[2026.09.09-10.26.31:049][  0]LogTextLocalizationResource: Warning: Text translation conflict for namespace "InputKeys" and key "Vive_Left_Trackpad_Touch".
[2026.09.09-10.26.31:049][  0]LogTextLocalizationResource: The current translation is "Vive (L) 트랙패드 터치" (from "../../../Engine/Content/Localization/Engine/ko/Engine.locres" and source hash 0x17a575da) and the conflicting translation of "Vive (좌) 트랙패드 터치" (from "../../../../../../Users/user/Documents/Unreal Projects/LyraStarterGame/Content/Localization/EngineOverrides/ko/EngineOverrides.locres" and source hash 0x17a575da) will be ignored.
[2026.09.09-10.26.31:049][  0]LogTextLocalizationResource: Warning: Text translation conflict for namespace "InputKeys" and key "Vive_Left_Trackpad_Up".
[2026.09.09-10.26.31:049][  0]LogTextLocalizationResource: The current translation is "Vive (L) 트랙패드 위" (from "../../../Engine/Content/Localization/Engine/ko/Engine.locres" and source hash 0xeee63c11) and the conflicting translation of "Vive (좌) 트랙패드 Up" (from "../../../../../../Users/user/Documents/Unreal Projects/LyraStarterGame/Content/Localization/EngineOverrides/ko/EngineOverrides.locres" and source hash 0xeee63c11) will be ignored.
[2026.09.09-10.26.31:049][  0]LogTextLocalizationResource: Warning: Text translation conflict for namespace "InputKeys" and key "Vive_Left_Trackpad_X".
[2026.09.09-10.26.31:049][  0]LogTextLocalizationResource: The current translation is "Vive(L) 트랙패드 X 축" (from "../../../Engine/Content/Localization/Engine/ko/Engine.locres" and source hash 0xc38ada30) and the conflicting translation of "Vive (좌) 트랙패드 X" (from "../../../../../../Users/user/Documents/Unreal Projects/LyraStarterGame/Content/Localization/EngineOverrides/ko/EngineOverrides.locres" and source hash 0xc38ada30) will be ignored.
[2026.09.09-10.26.31:049][  0]LogTextLocalizationResource: Warning: Text translation conflict for namespace "InputKeys" and key "Vive_Left_Trackpad_Y".
[2026.09.09-10.26.31:049][  0]LogTextLocalizationResource: The current translation is "Vive(L) 트랙패드 Y 축" (from "../../../Engine/Content/Localization/Engine/ko/Engine.locres" and source hash 0x42afbf17) and the conflicting translation of "Vive (좌) 트랙패드 Y" (from "../../../../../../Users/user/Documents/Unreal Projects/LyraStarterGame/Content/Localization/EngineOverrides/ko/EngineOverrides.locres" and source hash 0x42afbf17) will be ignored.
[2026.09.09-10.26.31:049][  0]LogTextLocalizationResource: Warning: Text translation conflict for namespace "InputKeys" and key "Vive_Left_Trigger_Click".
[2026.09.09-10.26.31:049][  0]LogTextLocalizationResource: The current translation is "Vive (L) 트리거" (from "../../../Engine/Content/Localization/Engine/ko/Engine.locres" and source hash 0xb570b6fe) and the conflicting translation of "Vive (좌) 트리거" (from "../../../../../../Users/user/Documents/Unreal Projects/LyraStarterGame/Content/Localization/EngineOverrides/ko/EngineOverrides.locres" and source hash 0xb570b6fe) will be ignored.
[2026.09.09-10.26.31:049][  0]LogTextLocalizationResource: Warning: Text translation conflict for namespace "InputKeys" and key "Vive_Left_Trigger_Axis".
[2026.09.09-10.26.31:049][  0]LogTextLocalizationResource: The current translation is "Vive (L) 트리거 축" (from "../../../Engine/Content/Localization/Engine/ko/Engine.locres" and source hash 0x302f3980) and the conflicting translation of "Vive (좌) 트리거 축" (from "../../../../../../Users/user/Documents/Unreal Projects/LyraStarterGame/Content/Localization/EngineOverrides/ko/EngineOverrides.locres" and source hash 0x302f3980) will be ignored.
[2026.09.09-10.26.31:049][  0]LogTextLocalizationResource: Warning: Text translation conflict for namespace "InputKeys" and key "Vive_Right_Grip_Click".
[2026.09.09-10.26.31:049][  0]LogTextLocalizationResource: The current translation is "Vive (R) 그립" (from "../../../Engine/Content/Localization/Engine/ko/Engine.locres" and source hash 0x3530f902) and the conflicting translation of "Vive (우) 그립" (from "../../../../../../Users/user/Documents/Unreal Projects/LyraStarterGame/Content/Localization/EngineOverrides/ko/EngineOverrides.locres" and source hash 0x3530f902) will be ignored.
[2026.09.09-10.26.31:049][  0]LogTextLocalizationResource: Warning: Text translation conflict for namespace "InputKeys" and key "Vive_Right_Menu_Click".
[2026.09.09-10.26.31:049][  0]LogTextLocalizationResource: The current translation is "Vive (R) 메뉴" (from "../../../Engine/Content/Localization/Engine/ko/Engine.locres" and source hash 0x8418be76) and the conflicting translation of "Vive (우) 메뉴" (from "../../../../../../Users/user/Documents/Unreal Projects/LyraStarterGame/Content/Localization/EngineOverrides/ko/EngineOverrides.locres" and source hash 0x8418be76) will be ignored.
[2026.09.09-10.26.31:049][  0]LogTextLocalizationResource: Warning: Text translation conflict for namespace "InputKeys" and key "Vive_Right_Trackpad_2D".
[2026.09.09-10.26.31:049][  0]LogTextLocalizationResource: The current translation is "Vive(R) 트랙패드 2D 축" (from "../../../Engine/Content/Localization/Engine/ko/Engine.locres" and source hash 0x2c03d2e0) and the conflicting translation of "Vive (우) 트랙패드 2D" (from "../../../../../../Users/user/Documents/Unreal Projects/LyraStarterGame/Content/Localization/EngineOverrides/ko/EngineOverrides.locres" and source hash 0x2c03d2e0) will be ignored.
[2026.09.09-10.26.31:049][  0]LogTextLocalizationResource: Warning: Text translation conflict for namespace "InputKeys" and key "Vive_Right_Trackpad_Click".
[2026.09.09-10.26.31:049][  0]LogTextLocalizationResource: The current translation is "Vive(R) 트랙패드 버튼" (from "../../../Engine/Content/Localization/Engine/ko/Engine.locres" and source hash 0xd7aaafdf) and the conflicting translation of "Vive (우) 트랙패드 버튼" (from "../../../../../../Users/user/Documents/Unreal Projects/LyraStarterGame/Content/Localization/EngineOverrides/ko/EngineOverrides.locres" and source hash 0xd7aaafdf) will be ignored.
[2026.09.09-10.26.31:049][  0]LogTextLocalizationResource: Warning: Text translation conflict for namespace "InputKeys" and key "Vive_Right_Trackpad_Down".
[2026.09.09-10.26.31:049][  0]LogTextLocalizationResource: The current translation is "Vive (R) 트랙패드 아래" (from "../../../Engine/Content/Localization/Engine/ko/Engine.locres" and source hash 0x0e1a092f) and the conflicting translation of "Vive (우) 트랙패드 아래" (from "../../../../../../Users/user/Documents/Unreal Projects/LyraStarterGame/Content/Localization/EngineOverrides/ko/EngineOverrides.locres" and source hash 0x0e1a092f) will be ignored.
[2026.09.09-10.26.31:049][  0]LogTextLocalizationResource: Warning: Text translation conflict for namespace "InputKeys" and key "Vive_Right_Trackpad_Left".
[2026.09.09-10.26.31:049][  0]LogTextLocalizationResource: The current translation is "Vive (R) 트랙패드 왼쪽" (from "../../../Engine/Content/Localization/Engine/ko/Engine.locres" and source hash 0x188bf84f) and the conflicting translation of "Vive (우) 트랙패드 왼쪽" (from "../../../../../../Users/user/Documents/Unreal Projects/LyraStarterGame/Content/Localization/EngineOverrides/ko/EngineOverrides.locres" and source hash 0x188bf84f) will be ignored.
[2026.09.09-10.26.31:049][  0]LogTextLocalizationResource: Warning: Text translation conflict for namespace "InputKeys" and key "Vive_Right_Trackpad_Right".
[2026.09.09-10.26.31:049][  0]LogTextLocalizationResource: The current translation is "Vive (R) 트랙패드 오른쪽" (from "../../../Engine/Content/Localization/Engine/ko/Engine.locres" and source hash 0x980f0083) and the conflicting translation of "Vive (우) 트랙패드 오른쪽" (from "../../../../../../Users/user/Documents/Unreal Projects/LyraStarterGame/Content/Localization/EngineOverrides/ko/EngineOverrides.locres" and source hash 0x980f0083) will be ignored.
[2026.09.09-10.26.31:049][  0]LogTextLocalizationResource: Warning: Text translation conflict for namespace "InputKeys" and key "Vive_Right_Trackpad_Touch".
[2026.09.09-10.26.31:049][  0]LogTextLocalizationResource: The current translation is "Vive (R) 트랙패드 터치" (from "../../../Engine/Content/Localization/Engine/ko/Engine.locres" and source hash 0xe83b73a0) and the conflicting translation of "Vive (우) 트랙패드 터치" (from "../../../../../../Users/user/Documents/Unreal Projects/LyraStarterGame/Content/Localization/EngineOverrides/ko/EngineOverrides.locres" and source hash 0xe83b73a0) will be ignored.
[2026.09.09-10.26.31:049][  0]LogTextLocalizationResource: Warning: Text translation conflict for namespace "InputKeys" and key "Vive_Right_Trackpad_Up".
[2026.09.09-10.26.31:049][  0]LogTextLocalizationResource: The current translation is "Vive (R) 트랙패드 위" (from "../../../Engine/Content/Localization/Engine/ko/Engine.locres" and source hash 0x4d10f16a) and the conflicting translation of "Vive (우) 트랙패드 위" (from "../../../../../../Users/user/Documents/Unreal Projects/LyraStarterGame/Content/Localization/EngineOverrides/ko/EngineOverrides.locres" and source hash 0x4d10f16a) will be ignored.
[2026.09.09-10.26.31:049][  0]LogTextLocalizationResource: Warning: Text translation conflict for namespace "InputKeys" and key "Vive_Right_Trackpad_X".
[2026.09.09-10.26.31:049][  0]LogTextLocalizationResource: The current translation is "Vive(R) 트랙패드 X 축" (from "../../../Engine/Content/Localization/Engine/ko/Engine.locres" and source hash 0x0145ae63) and the conflicting translation of "Vive (우) 트랙패드 X" (from "../../../../../../Users/user/Documents/Unreal Projects/LyraStarterGame/Content/Localization/EngineOverrides/ko/EngineOverrides.locres" and source hash 0x0145ae63) will be ignored.
[2026.09.09-10.26.31:049][  0]LogTextLocalizationResource: Warning: Text translation conflict for namespace "InputKeys" and key "Vive_Right_Trackpad_Y".
[2026.09.09-10.26.31:049][  0]LogTextLocalizationResource: The current translation is "Vive(R) 트랙패드 Y 축" (from "../../../Engine/Content/Localization/Engine/ko/Engine.locres" and source hash 0x8060cb44) and the conflicting translation of "Vive (우) 트랙패드 Y" (from "../../../../../../Users/user/Documents/Unreal Projects/LyraStarterGame/Content/Localization/EngineOverrides/ko/EngineOverrides.locres" and source hash 0x8060cb44) will be ignored.
[2026.09.09-10.26.31:049][  0]LogTextLocalizationResource: Warning: Text translation conflict for namespace "InputKeys" and key "Vive_Right_Trigger_Click".
[2026.09.09-10.26.31:049][  0]LogTextLocalizationResource: The current translation is "Vive (R) 트리거" (from "../../../Engine/Content/Localization/Engine/ko/Engine.locres" and source hash 0x6e9d55ef) and the conflicting translation of "Vive (우) 트리거" (from "../../../../../../Users/user/Documents/Unreal Projects/LyraStarterGame/Content/Localization/EngineOverrides/ko/EngineOverrides.locres" and source hash 0x6e9d55ef) will be ignored.
[2026.09.09-10.26.31:049][  0]LogTextLocalizationResource: Warning: Text translation conflict for namespace "InputKeys" and key "Vive_Right_Trigger_Axis".
[2026.09.09-10.26.31:050][  0]LogTextLocalizationResource: The current translation is "Vive (R) 트리거 축" (from "../../../Engine/Content/Localization/Engine/ko/Engine.locres" and source hash 0x185faf67) and the conflicting translation of "Vive (우) 트리거 축" (from "../../../../../../Users/user/Documents/Unreal Projects/LyraStarterGame/Content/Localization/EngineOverrides/ko/EngineOverrides.locres" and source hash 0x185faf67) will be ignored.
[2026.09.09-10.26.31:050][  0]LogTextLocalizationResource: Warning: Text translation conflict for namespace "InputKeys" and key "MixedRealitySubCategory".
[2026.09.09-10.26.31:050][  0]LogTextLocalizationResource: The current translation is "Windows Mixed Reality" (from "../../../Engine/Content/Localization/Engine/ko/Engine.locres" and source hash 0x1e354cfa) and the conflicting translation of "Windows 혼합 현실" (from "../../../../../../Users/user/Documents/Unreal Projects/LyraStarterGame/Content/Localization/EngineOverrides/ko/EngineOverrides.locres" and source hash 0x1e354cfa) will be ignored.
[2026.09.09-10.26.31:050][  0]LogTextLocalizationResource: Warning: Text translation conflict for namespace "LinuxDynamicRHI" and key "NoOpenGLDriver".
[2026.09.09-10.26.31:050][  0]LogTextLocalizationResource: The current translation is "엔진 실행에 필요한 OpenGL 드라이버 로드에 실패했습니다.
OpenGL4는 폐기되었으며 Vulkan을 사용해야 합니다." (from "../../../Engine/Content/Localization/Engine/ko/Engine.locres" and source hash 0x088c8f70) and the conflicting translation of "엔진을 구동하는 데 필요한 OpenGL 드라이버를 불러오지 못했습니다.
OpenGL4는 지원이 중단되었습니다. Vulkan을 사용해야 합니다." (from "../../../../../../Users/user/Documents/Unreal Projects/LyraStarterGame/Content/Localization/EngineOverrides/ko/EngineOverrides.locres" and source hash 0x088c8f70) will be ignored.
[2026.09.09-10.26.31:050][  0]LogTextLocalizationResource: Warning: Text translation conflict for namespace "LinuxDynamicRHI" and key "NoVulkanDriver".
[2026.09.09-10.26.31:050][  0]LogTextLocalizationResource: The current translation is "엔진 실행에 필요한 Vulkan 드라이버 로드에 실패했습니다.
OpenGL4는 폐기되었기 때문에 엔진은 이제 OpenGL4로 예비 전환되지 않습니다." (from "../../../Engine/Content/Localization/Engine/ko/Engine.locres" and source hash 0x2fccd442) and the conflicting translation of "엔진을 구동하는 데 필요한 Vulkan 드라이버를 불러오지 못했습니다.
OpenGL4 지원이 중단되었기 때문에 더 이상 엔진이 대체되지 않습니다." (from "../../../../../../Users/user/Documents/Unreal Projects/LyraStarterGame/Content/Localization/EngineOverrides/ko/EngineOverrides.locres" and source hash 0x2fccd442) will be ignored.
[2026.09.09-10.26.31:050][  0]LogTextLocalizationResource: Warning: Text translation conflict for namespace "LinuxDynamicRHI" and key "RequiredOpenGL".
[2026.09.09-10.26.31:050][  0]LogTextLocalizationResource: The current translation is "엔진 실행을 위해서는 OpenGL 4.3 이 필수입니다." (from "../../../Engine/Content/Localization/Engine/ko/Engine.locres" and source hash 0xc517d6b4) and the conflicting translation of "엔진을 구동하기 위해서는 OpenGL 4.3이 필요합니다." (from "../../../../../../Users/user/Documents/Unreal Projects/LyraStarterGame/Content/Localization/EngineOverrides/ko/EngineOverrides.locres" and source hash 0xc517d6b4) will be ignored.
[2026.09.09-10.26.31:050][  0]LogTextLocalizationResource: Warning: Text translation conflict for namespace "LinuxDynamicRHI" and key "NoTargetedRHI".
[2026.09.09-10.26.31:050][  0]LogTextLocalizationResource: The current translation is "프로젝트에 Vulkan 또는 OpenGL RHI 타깃 설정되어 있지 않습니다. 프로젝트 세팅을 확인하거나 -nullrhi 옵션을 붙이세요." (from "../../../Engine/Content/Localization/Engine/ko/Engine.locres" and source hash 0xffa90e98) and the conflicting translation of "이 프로젝트는 Vulkan 또는 OpenGL RHI를 대상으로 하지 않습니다. 프로젝트 설정을 확인하거나 -nullrhi를 전달해야 합니다." (from "../../../../../../Users/user/Documents/Unreal Projects/LyraStarterGame/Content/Localization/EngineOverrides/ko/EngineOverrides.locres" and source hash 0xffa90e98) will be ignored.
[2026.09.09-10.26.31:050][  0]LogTextLocalizationResource: Warning: Text translation conflict for namespace "LinuxDynamicRHI" and key "NoOpenGLTargetedRHI".
[2026.09.09-10.26.31:050][  0]LogTextLocalizationResource: The current translation is "OpenGL RHI 를 강제 사용하려 했지만 프로젝트의 TargetedRHIs 목록에 있지 않습니다." (from "../../../Engine/Content/Localization/Engine/ko/Engine.locres" and source hash 0xc8c3751a) and the conflicting translation of "OpenGL RHI를 강제하려고 시도했지만, 프로젝트 TargetedRHI 목록에 OpenGL RHI가 없습니다." (from "../../../../../../Users/user/Documents/Unreal Projects/LyraStarterGame/Content/Localization/EngineOverrides/ko/EngineOverrides.locres" and source hash 0xc8c3751a) will be ignored.
[2026.09.09-10.26.31:050][  0]LogTextLocalizationResource: Warning: Text translation conflict for namespace "LinuxDynamicRHI" and key "NoVulkanTargetedRHI".
[2026.09.09-10.26.31:050][  0]LogTextLocalizationResource: The current translation is "Vulkan RHI 강제 사용을 시도했지만 프로젝트의 TargetedRHIs 목록에 들어있지 않습니다." (from "../../../Engine/Content/Localization/Engine/ko/Engine.locres" and source hash 0x1cdead2e) and the conflicting translation of " Vulkan RHI를 강제하려고 시도했지만, 프로젝트 TargetedRHI 목록에 Vulkan RHI가 없습니다." (from "../../../../../../Users/user/Documents/Unreal Projects/LyraStarterGame/Content/Localization/EngineOverrides/ko/EngineOverrides.locres" and source hash 0x1cdead2e) will be ignored.
[2026.09.09-10.26.31:050][  0]LogTextLocalizationResource: Warning: Text translation conflict for namespace "LinuxDynamicRHI" and key "RequiredVulkan".
[2026.09.09-10.26.31:050][  0]LogTextLocalizationResource: The current translation is "엔진 실행을 위해서는 Vulkan 드라이버가 필요합니다." (from "../../../Engine/Content/Localization/Engine/ko/Engine.locres" and source hash 0xcbe26027) and the conflicting translation of "엔진을 구동하기 위해서는 Vulkan 드라이버가 필요합니다." (from "../../../../../../Users/user/Documents/Unreal Projects/LyraStarterGame/Content/Localization/EngineOverrides/ko/EngineOverrides.locres" and source hash 0xcbe26027) will be ignored.
[2026.09.09-10.26.31:050][  0]LogTextLocalizationResource: Warning: Text translation conflict for namespace "LinuxDynamicRHI" and key "NoVulkanNoGL".
[2026.09.09-10.26.31:050][  0]LogTextLocalizationResource: The current translation is "엔진 실행을 위해서는 Vulkan 또는 OpenGL (4.3) 지원이 필수입니다." (from "../../../Engine/Content/Localization/Engine/ko/Engine.locres" and source hash 0xdac70890) and the conflicting translation of "엔진을 구동하기 위해서는 Vulkan 또는 OpenGL (4.3) 지원이 필요합니다." (from "../../../../../../Users/user/Documents/Unreal Projects/LyraStarterGame/Content/Localization/EngineOverrides/ko/EngineOverrides.locres" and source hash 0xdac70890) will be ignored.
[2026.09.09-10.26.31:050][  0]LogTextLocalizationResource: Warning: Text translation conflict for namespace "MessageDialog" and key "UpdateMacOSX_Body".
[2026.09.09-10.26.31:050][  0]LogTextLocalizationResource: The current translation is "최적의 퍼포먼스와 안정성을 위해서는 macOS 최신 버전으로 업데이트하세요." (from "../../../Engine/Content/Localization/Engine/ko/Engine.locres" and source hash 0xca9bef56) and the conflicting translation of "최고의 성능과 안정성을 위해 macOS 최신 버전으로 업데이트하세요." (from "../../../../../../Users/user/Documents/Unreal Projects/LyraStarterGame/Content/Localization/EngineOverrides/ko/EngineOverrides.locres" and source hash 0xca9bef56) will be ignored.
[2026.09.09-10.26.31:050][  0]LogTextLocalizationResource: Warning: Text translation conflict for namespace "MessageDialog" and key "TitleVideoCardDriverIssue".
[2026.09.09-10.26.31:050][  0]LogTextLocalizationResource: The current translation is "경고: 그래픽 드라이버 관련 알려진 문제점이 있습니다." (from "../../../Engine/Content/Localization/Engine/ko/Engine.locres" and source hash 0x83464347) and the conflicting translation of "경고: 그래픽 드라이버 문제" (from "../../../../../../Users/user/Documents/Unreal Projects/LyraStarterGame/Content/Localization/EngineOverrides/ko/EngineOverrides.locres" and source hash 0x83464347) will be ignored.
[2026.09.09-10.26.31:050][  0]LogTextLocalizationResource: Warning: Text translation conflict for namespace "UnrealBuildConfigurations" and key "DebugName".
[2026.09.09-10.26.31:050][  0]LogTextLocalizationResource: The current translation is "Debug" (from "../../../Engine/Content/Localization/Engine/ko/Engine.locres" and source hash 0xb1f0228a) and the conflicting translation of "디버그" (from "../../../../../../Users/user/Documents/Unreal Projects/LyraStarterGame/Content/Localization/EngineOverrides/ko/EngineOverrides.locres" and source hash 0xb1f0228a) will be ignored.
[2026.09.09-10.26.31:050][  0]LogTextLocalizationResource: Warning: Text translation conflict for namespace "UnrealBuildConfigurations" and key "DebugGameName".
[2026.09.09-10.26.31:050][  0]LogTextLocalizationResource: The current translation is "DebugGame" (from "../../../Engine/Content/Localization/Engine/ko/Engine.locres" and source hash 0x5049422b) and the conflicting translation of "디버그게임" (from "../../../../../../Users/user/Documents/Unreal Projects/LyraStarterGame/Content/Localization/EngineOverrides/ko/EngineOverrides.locres" and source hash 0x5049422b) will be ignored.
[2026.09.09-10.26.31:050][  0]LogTextLocalizationResource: Warning: Text translation conflict for namespace "UnrealBuildConfigurations" and key "DevelopmentName".
[2026.09.09-10.26.31:050][  0]LogTextLocalizationResource: The current translation is "Development" (from "../../../Engine/Content/Localization/Engine/ko/Engine.locres" and source hash 0x41913d5e) and the conflicting translation of "개발" (from "../../../../../../Users/user/Documents/Unreal Projects/LyraStarterGame/Content/Localization/EngineOverrides/ko/EngineOverrides.locres" and source hash 0x41913d5e) will be ignored.
[2026.09.09-10.26.31:050][  0]LogTextLocalizationResource: Warning: Text translation conflict for namespace "UnrealBuildConfigurations" and key "ShippingName".
[2026.09.09-10.26.31:050][  0]LogTextLocalizationResource: The current translation is "Shipping" (from "../../../Engine/Content/Localization/Engine/ko/Engine.locres" and source hash 0xa3ab1a8a) and the conflicting translation of "배포" (from "../../../../../../Users/user/Documents/Unreal Projects/LyraStarterGame/Content/Localization/EngineOverrides/ko/EngineOverrides.locres" and source hash 0xa3ab1a8a) will be ignored.
[2026.09.09-10.26.31:050][  0]LogTextLocalizationResource: Warning: Text translation conflict for namespace "UnrealBuildConfigurations" and key "TestName".
[2026.09.09-10.26.31:050][  0]LogTextLocalizationResource: The current translation is "Test" (from "../../../Engine/Content/Localization/Engine/ko/Engine.locres" and source hash 0x86a07516) and the conflicting translation of "테스트" (from "../../../../../../Users/user/Documents/Unreal Projects/LyraStarterGame/Content/Localization/EngineOverrides/ko/EngineOverrides.locres" and source hash 0x86a07516) will be ignored.
[2026.09.09-10.26.31:050][  0]LogTextLocalizationResource: Warning: Text translation conflict for namespace "UnrealBuildConfigurations" and key "UnknownName".
[2026.09.09-10.26.31:050][  0]LogTextLocalizationResource: The current translation is "모름" (from "../../../Engine/Content/Localization/Engine/ko/Engine.locres" and source hash 0x681779b8) and the conflicting translation of "알 수 없음" (from "../../../../../../Users/user/Documents/Unreal Projects/LyraStarterGame/Content/Localization/EngineOverrides/ko/EngineOverrides.locres" and source hash 0x681779b8) will be ignored.
[2026.09.09-10.26.31:050][  0]LogTextLocalizationResource: Warning: Text translation conflict for namespace "WindowsDynamicRHI" and key "RequiredDX11Feature_11_SM5".
[2026.09.09-10.26.31:050][  0]LogTextLocalizationResource: The current translation is "엔진을 실행하려면 D3D11 호환 GPU(피처 레벨 11.0, 셰이더 모델 5.0)가 필요합니다." (from "../../../Engine/Content/Localization/Engine/ko/Engine.locres" and source hash 0x593a6143) and the conflicting translation of "엔진을 구동하기 위해서는 D3D11 호환 GPU(기능 수준 11.0, 셰이더 모델 5.0)가 필요합니다." (from "../../../../../../Users/user/Documents/Unreal Projects/LyraStarterGame/Content/Localization/EngineOverrides/ko/EngineOverrides.locres" and source hash 0x593a6143) will be ignored.
[2026.09.09-10.26.31:050][  0]LogTextLocalizationResource: Warning: Text translation conflict for namespace "WindowsDynamicRHI" and key "RequiredOpenGL".
[2026.09.09-10.26.31:050][  0]LogTextLocalizationResource: The current translation is "엔진 실행을 위해서는 OpenGL 4.3 이 필수입니다." (from "../../../Engine/Content/Localization/Engine/ko/Engine.locres" and source hash 0xc517d6b4) and the conflicting translation of "엔진을 구동하기 위해서는 OpenGL 4.3이 필요합니다." (from "../../../../../../Users/user/Documents/Unreal Projects/LyraStarterGame/Content/Localization/EngineOverrides/ko/EngineOverrides.locres" and source hash 0xc517d6b4) will be ignored.
[2026.09.09-10.26.31:193][  0]LogWindowsTextInputMethodSystem: Available input methods:
[2026.09.09-10.26.31:193][  0]LogWindowsTextInputMethodSystem:   - 한국어(대한민국) - Microsoft 입력기 (TSF IME).
[2026.09.09-10.26.31:193][  0]LogWindowsTextInputMethodSystem:   - 한국어(대한민국) - 한컴 입력기 (TSF IME).
[2026.09.09-10.26.31:194][  0]LogWindowsTextInputMethodSystem: Activated input method: 한국어(대한민국) - Microsoft 입력기 (TSF IME).
[2026.09.09-10.26.31:201][  0]LogWindowsTouchpad: Display: CacheForceMaxTouchpadSensitivityMode SetMaxTouchpadSensitivity
[2026.09.09-10.26.31:205][  0]LogObj: Display: Attempting to load config data for Default__SlateThemeManager before the Class has been constructed/registered/linked (likely during module loading or early startup). This will result in the load silently failing and should be fixed.
[2026.09.09-10.26.31:211][  0]LogSlate: New Slate User Created. Platform User Id 0, User Index 0, Is Virtual User: 0
[2026.09.09-10.26.31:211][  0]LogSlate: Slate User Registered.  User Index 0, Is Virtual User: 0
[2026.09.09-10.26.31:502][  0]LogRHI: Using Default RHI: D3D12
[2026.09.09-10.26.31:502][  0]LogRHI: Using Highest Feature Level of D3D12: SM6
[2026.09.09-10.26.31:502][  0]LogRHI: Loading RHI module D3D12RHI
[2026.09.09-10.26.31:502][  0]LogRHI: Checking if RHI D3D12 with Feature Level SM6 is supported by your system.
[2026.09.09-10.26.31:502][  0]LogRHI: RHI D3D12 with Feature Level SM6 is supported and will be used.
[2026.09.09-10.26.31:502][  0]LogD3D12RHI: Integrated GPU (iGPU): false
[2026.09.09-10.26.31:502][  0]LogD3D12RHI: Display: Creating D3D12 RHI with Max Feature Level SM6
[2026.09.09-10.26.31:503][  0]LogWindows: Attached monitors:
[2026.09.09-10.26.31:503][  0]LogWindows:     resolution: 2560x1440, work area: (0, 0) -> (2560, 1392), device: '\\.\DISPLAY1' [PRIMARY]
[2026.09.09-10.26.31:503][  0]LogWindows: Found 1 attached monitors.
[2026.09.09-10.26.31:503][  0]LogWindows: Gathering driver information using Windows Setup API
[2026.09.09-10.26.31:503][  0]LogRHI: RHI Adapter Info:
[2026.09.09-10.26.31:503][  0]LogRHI:             Name: NVIDIA RTX A4000
[2026.09.09-10.26.31:503][  0]LogRHI:   Driver Version: 595.95 (internal:32.0.15.9595, unified:595.95)
[2026.09.09-10.26.31:503][  0]LogRHI:      Driver Date: 3-15-2026
[2026.09.09-10.26.31:503][  0]LogD3D12RHI:     GPU DeviceId: 0x24b0 (for the marketing name, search the web for "GPU Device Id")
[2026.09.09-10.26.31:503][  0]LogD3D12RHI: InitD3DDevice: -D3DDebug = off -D3D12GPUValidation = off
[2026.09.09-10.26.31:768][  0]LogNvidiaAftermath: Aftermath initialized
[2026.09.09-10.26.31:768][  0]LogD3D12RHI: Emitting draw events for PIX profiling.
[2026.09.09-10.26.31:877][  0]LogNvidiaAftermath: Aftermath enabled. Active feature flags: 
[2026.09.09-10.26.31:878][  0]LogNvidiaAftermath:  - Feature: EnableResourceTracking
[2026.09.09-10.26.31:878][  0]LogD3D12RHI: ID3D12Device1 is supported.
[2026.09.09-10.26.31:878][  0]LogD3D12RHI: ID3D12Device2 is supported.
[2026.09.09-10.26.31:878][  0]LogD3D12RHI: ID3D12Device3 is supported.
[2026.09.09-10.26.31:878][  0]LogD3D12RHI: ID3D12Device4 is supported.
[2026.09.09-10.26.31:878][  0]LogD3D12RHI: ID3D12Device5 is supported.
[2026.09.09-10.26.31:878][  0]LogD3D12RHI: ID3D12Device6 is supported.
[2026.09.09-10.26.31:878][  0]LogD3D12RHI: ID3D12Device7 is supported.
[2026.09.09-10.26.31:878][  0]LogD3D12RHI: ID3D12Device8 is supported.
[2026.09.09-10.26.31:878][  0]LogD3D12RHI: ID3D12Device9 is supported.
[2026.09.09-10.26.31:878][  0]LogD3D12RHI: ID3D12Device10 is supported.
[2026.09.09-10.26.31:878][  0]LogD3D12RHI: ID3D12Device11 is supported.
[2026.09.09-10.26.31:878][  0]LogD3D12RHI: ID3D12Device12 is supported.
[2026.09.09-10.26.31:878][  0]LogD3D12RHI: Bindless resources are supported
[2026.09.09-10.26.31:878][  0]LogD3D12RHI: Stencil ref from pixel shader is not supported
[2026.09.09-10.26.31:878][  0]LogD3D12RHI: Raster order views are supported
[2026.09.09-10.26.31:878][  0]LogD3D12RHI: Wave Operations are supported (wave size: min=32 max=32).
[2026.09.09-10.26.31:878][  0]LogD3D12RHI: D3D12 ray tracing tier 1.1 and bindless resources are supported.
[2026.09.09-10.26.31:878][  0]LogD3D12RHI: Mesh shader tier 1.0 is supported
[2026.09.09-10.26.31:878][  0]LogD3D12RHI: AtomicInt64OnTypedResource is supported
[2026.09.09-10.26.31:878][  0]LogD3D12RHI: AtomicInt64OnGroupShared is supported
[2026.09.09-10.26.31:878][  0]LogD3D12RHI: AtomicInt64OnDescriptorHeapResource is supported
[2026.09.09-10.26.31:878][  0]LogD3D12RHI: Shader Model 6.6 atomic64 is supported
[2026.09.09-10.26.31:878][  0]LogD3D12RHI: Work Graphs are supported
[2026.09.09-10.26.31:987][  0]LogD3D12RHI: [GPUBreadCrumb] Successfully setup breadcrumb resource for DiagnosticBuffer (Queue: 0x000001DDC80182C0)
[2026.09.09-10.26.31:987][  0]LogD3D12RHI: [GPUBreadCrumb] Successfully setup breadcrumb resource for DiagnosticBuffer (Queue: 0x000001DDC8018580)
[2026.09.09-10.26.31:989][  0]LogD3D12RHI: [GPUBreadCrumb] Successfully setup breadcrumb resource for DiagnosticBuffer (Queue: 0x000001DDC8018840)
[2026.09.09-10.26.31:989][  0]LogD3D12RHI: Display: Not using pipeline state disk cache per r.D3D12.PSO.DiskCache=0
[2026.09.09-10.26.31:989][  0]LogD3D12RHI: Display: Not using driver-optimized pipeline state disk cache per r.D3D12.PSO.DriverOptimizedDiskCache=0
[2026.09.09-10.26.32:109][  0]LogD3D12RHI: NVIDIA Shader Execution Reordering NOT supported!
[2026.09.09-10.26.32:109][  0]LogD3D12RHI: Display: Batched command list execution is disabled for async queues due to known bugs in the current driver.
[2026.09.09-10.26.32:109][  0]LogRHI: Texture pool is 9702 MB (70% of 13860 MB)
[2026.09.09-10.26.32:109][  0]LogD3D12RHI: Async texture creation enabled
[2026.09.09-10.26.32:109][  0]LogD3D12RHI: RHI has support for 64 bit atomics
[2026.09.09-10.26.32:130][  0]LogVRS: Current RHI supports per-draw and screenspace Variable Rate Shading
[2026.09.09-10.26.32:134][  0]LogCsvProfiler: Display: Metadata set : verbatimrhiname="D3D12"
[2026.09.09-10.26.32:134][  0]LogCsvProfiler: Display: Metadata set : rhiname="D3D12"
[2026.09.09-10.26.32:134][  0]LogCsvProfiler: Display: Metadata set : rhifeaturelevel="SM6"
[2026.09.09-10.26.32:134][  0]LogCsvProfiler: Display: Metadata set : shaderplatform="PCD3D_SM6"
[2026.09.09-10.26.32:134][  0]LogInit: Initializing FReadOnlyCVARCache
[2026.09.09-10.26.32:150][  0]LogTextureFormatASTC: Display: ASTCEnc version 5.0.1 library loaded
[2026.09.09-10.26.32:150][  0]LogTextureFormatManager: Display: Loaded Base TextureFormat: TextureFormatASTC
[2026.09.09-10.26.32:150][  0]LogTextureFormatManager: Display: Loaded Base TextureFormat: TextureFormatDXT
[2026.09.09-10.26.32:150][  0]LogTextureFormatManager: Display: Loaded Base TextureFormat: TextureFormatETC2
[2026.09.09-10.26.32:150][  0]LogTextureFormatManager: Display: Loaded Base TextureFormat: TextureFormatIntelISPCTexComp
[2026.09.09-10.26.32:150][  0]LogTextureFormatManager: Display: Loaded Base TextureFormat: TextureFormatUncompressed
[2026.09.09-10.26.32:150][  0]LogTextureFormatOodle: Display: Oodle Texture TFO init; latest sdk version = 2.9.13
[2026.09.09-10.26.32:150][  0]LogTextureFormatOodle: Display: Oodle Texture loading DLL: oo2tex_win64_2.9.13.dll
[2026.09.09-10.26.32:151][  0]LogTextureFormatOodle: Display: Oodle Texture loading DLL: oo2tex_win64_2.9.5.dll
[2026.09.09-10.26.32:152][  0]LogTextureFormatManager: Display: Loaded Base TextureFormat: TextureFormatOodle
[2026.09.09-10.26.32:209][  0]LogTargetPlatformManager: Display: Loaded TargetPlatform 'Android'
[2026.09.09-10.26.32:209][  0]LogTargetPlatformManager: Display: Loaded TargetPlatform 'Android_ASTC'
[2026.09.09-10.26.32:209][  0]LogTargetPlatformManager: Display: Loaded TargetPlatform 'Android_DXT'
[2026.09.09-10.26.32:209][  0]LogTargetPlatformManager: Display: Loaded TargetPlatform 'Android_ETC2'
[2026.09.09-10.26.32:209][  0]LogTargetPlatformManager: Display: Loaded TargetPlatform 'Android_OpenXR'
[2026.09.09-10.26.32:209][  0]LogTargetPlatformManager: Display: Loaded TargetPlatform 'AndroidClient'
[2026.09.09-10.26.32:209][  0]LogTargetPlatformManager: Display: Loaded TargetPlatform 'Android_ASTCClient'
[2026.09.09-10.26.32:209][  0]LogTargetPlatformManager: Display: Loaded TargetPlatform 'Android_DXTClient'
[2026.09.09-10.26.32:209][  0]LogTargetPlatformManager: Display: Loaded TargetPlatform 'Android_ETC2Client'
[2026.09.09-10.26.32:209][  0]LogTargetPlatformManager: Display: Loaded TargetPlatform 'Android_OpenXRClient'
[2026.09.09-10.26.32:209][  0]LogTargetPlatformManager: Display: Loaded TargetPlatform 'Android_Multi'
[2026.09.09-10.26.32:209][  0]LogTargetPlatformManager: Display: Loaded TargetPlatform 'Android_MultiClient'
[2026.09.09-10.26.32:250][  0]LogTargetPlatformManager: Display: Loaded TargetPlatform 'IOS'
[2026.09.09-10.26.32:250][  0]LogTargetPlatformManager: Display: Loaded TargetPlatform 'IOSClient'
[2026.09.09-10.26.32:283][  0]LogTargetPlatformManager: Display: Loaded TargetPlatform 'Linux'
[2026.09.09-10.26.32:283][  0]LogTargetPlatformManager: Display: Loaded TargetPlatform 'LinuxEditor'
[2026.09.09-10.26.32:283][  0]LogTargetPlatformManager: Display: Loaded TargetPlatform 'LinuxServer'
[2026.09.09-10.26.32:283][  0]LogTargetPlatformManager: Display: Loaded TargetPlatform 'LinuxClient'
[2026.09.09-10.26.32:316][  0]LogTargetPlatformManager: Display: Loaded TargetPlatform 'Mac'
[2026.09.09-10.26.32:316][  0]LogTargetPlatformManager: Display: Loaded TargetPlatform 'MacEditor'
[2026.09.09-10.26.32:316][  0]LogTargetPlatformManager: Display: Loaded TargetPlatform 'MacServer'
[2026.09.09-10.26.32:316][  0]LogTargetPlatformManager: Display: Loaded TargetPlatform 'MacClient'
[2026.09.09-10.26.32:346][  0]LogTargetPlatformManager: Display: Loaded TargetPlatform 'TVOS'
[2026.09.09-10.26.32:346][  0]LogTargetPlatformManager: Display: Loaded TargetPlatform 'TVOSClient'
[2026.09.09-10.26.32:380][  0]LogTargetPlatformManager: Display: Loaded TargetPlatform 'Windows'
[2026.09.09-10.26.32:380][  0]LogTargetPlatformManager: Display: Loaded TargetPlatform 'WindowsEditor'
[2026.09.09-10.26.32:380][  0]LogTargetPlatformManager: Display: Loaded TargetPlatform 'WindowsServer'
[2026.09.09-10.26.32:380][  0]LogTargetPlatformManager: Display: Loaded TargetPlatform 'WindowsClient'
[2026.09.09-10.26.32:380][  0]LogTargetPlatformManager: Display: Building Assets For WindowsEditor
[2026.09.09-10.26.32:388][  0]LogAudioDebug: Display: Lib vorbis DLL was dynamically loaded.
[2026.09.09-10.26.32:440][  0]LogTargetPlatformManager: Unable to find shader format SF_METAL_ES3_1_IOS from hinted modules, loading all potential format modules to find it
[2026.09.09-10.26.32:450][  0]LogTargetPlatformManager: Loaded format module MetalShaderFormat
[2026.09.09-10.26.32:450][  0]LogTargetPlatformManager:   SF_METAL_ES3_1_IOS
[2026.09.09-10.26.32:450][  0]LogTargetPlatformManager:   SF_METAL_SM5_IOS
[2026.09.09-10.26.32:450][  0]LogTargetPlatformManager:   SF_METAL_ES3_1_TVOS
[2026.09.09-10.26.32:450][  0]LogTargetPlatformManager:   SF_METAL_SM5_TVOS
[2026.09.09-10.26.32:450][  0]LogTargetPlatformManager:   SF_METAL_SM5
[2026.09.09-10.26.32:450][  0]LogTargetPlatformManager:   SF_METAL_SM6
[2026.09.09-10.26.32:450][  0]LogTargetPlatformManager:   SF_METAL_SIM
[2026.09.09-10.26.32:450][  0]LogTargetPlatformManager:   SF_METAL_ES3_1
[2026.09.09-10.26.32:450][  0]LogTargetPlatformManager: Loaded format module ShaderFormatD3D
[2026.09.09-10.26.32:450][  0]LogTargetPlatformManager:   PCD3D_SM6
[2026.09.09-10.26.32:450][  0]LogTargetPlatformManager:   PCD3D_SM5
[2026.09.09-10.26.32:450][  0]LogTargetPlatformManager:   PCD3D_ES31
[2026.09.09-10.26.32:450][  0]LogTargetPlatformManager: Loaded format module ShaderFormatOpenGL
[2026.09.09-10.26.32:450][  0]LogTargetPlatformManager:   GLSL_150_ES31
[2026.09.09-10.26.32:450][  0]LogTargetPlatformManager:   GLSL_ES3_1_ANDROID
[2026.09.09-10.26.32:450][  0]LogTargetPlatformManager: Loaded format module ShaderFormatVectorVM
[2026.09.09-10.26.32:450][  0]LogTargetPlatformManager:   VVM_1_0
[2026.09.09-10.26.32:450][  0]LogTargetPlatformManager: Loaded format module VulkanShaderFormat
[2026.09.09-10.26.32:450][  0]LogTargetPlatformManager:   SF_VULKAN_SM5
[2026.09.09-10.26.32:450][  0]LogTargetPlatformManager:   SF_VULKAN_ES31_ANDROID
[2026.09.09-10.26.32:450][  0]LogTargetPlatformManager:   SF_VULKAN_ES31
[2026.09.09-10.26.32:450][  0]LogTargetPlatformManager:   SF_VULKAN_SM5_ANDROID
[2026.09.09-10.26.32:450][  0]LogTargetPlatformManager:   SF_VULKAN_SM6
[2026.09.09-10.26.32:450][  0]LogRendererCore: Ray tracing is enabled (dynamic). Reason: r.RayTracing=1 and r.RayTracing.EnableOnDemand=1.
[2026.09.09-10.26.32:450][  0]LogRendererCore: Ray tracing shaders are enabled.
[2026.09.09-10.26.32:455][  0]LogDerivedDataCache: Display: Memory: Max Cache Size: -1 MB
[2026.09.09-10.26.32:455][  0]LogDerivedDataCache: FDerivedDataBackendGraph: Pak pak cache file ../../../../../../Users/user/Documents/Unreal Projects/LyraStarterGame/DerivedDataCache/DDC.ddp not found, will not use a pak cache.
[2026.09.09-10.26.32:455][  0]LogDerivedDataCache: Unable to find inner node Pak for hierarchy Hierarchy.
[2026.09.09-10.26.32:535][  0]LogDerivedDataCache: Display: ../../../../../../Users/user/Documents/Unreal Projects/LyraStarterGame/DerivedDataCache/Compressed.ddp: Opened pak cache for reading. (1148 MiB)
[2026.09.09-10.26.32:791][  0]LogDerivedDataCache: Display: ../../../Engine/DerivedDataCache/Compressed.ddp: Opened pak cache for reading. (1350 MiB)
[2026.09.09-10.26.32:792][  0]LogDerivedDataCache: FDerivedDataBackendGraph: EnterprisePak pak cache file ../../../Enterprise/DerivedDataCache/Compressed.ddp not found, will not use a pak cache.
[2026.09.09-10.26.32:792][  0]LogDerivedDataCache: Unable to find inner node EnterprisePak for hierarchy Hierarchy.
[2026.09.09-10.26.32:793][  0]LogZenServiceInstance: Found Zen config default=C:/Users/user/AppData/Local/UnrealEngine/Common/Zen/Data
[2026.09.09-10.26.32:795][  0]LogZenServiceInstance: InTree version at 'C:/Program Files/Epic Games/UE_5.6/Engine/Binaries/Win64/zenserver.exe' is '5.6.6-202504241958-windows-x64-release-f090a03'
[2026.09.09-10.26.32:796][  0]LogZenServiceInstance: Installed version at 'C:/Users/user/AppData/Local/UnrealEngine/Common/Zen/Install/zenserver.exe' is '5.8.13-202605190912-windows-x64-release-094f62c2'
[2026.09.09-10.26.32:798][  0]LogZenServiceInstance: No current process using the data dir found, launching a new instance
[2026.09.09-10.26.32:798][  0]LogZenServiceInstance: Display: Launching executable 'C:/Users/user/AppData/Local/UnrealEngine/Common/Zen/Install/zenserver.exe', working dir 'C:/Users/user/AppData/Local/UnrealEngine/Common/Zen/Install', data dir 'C:/Users/user/AppData/Local/UnrealEngine/Common/Zen/Data', args '--port 8558 --data-dir "C:\Users\user\AppData\Local\UnrealEngine\Common\Zen\Data" --http asio --gc-cache-duration-seconds 1209600 --gc-interval-seconds 21600 --gc-low-diskspace-threshold 2147483648 --quiet --http-forceloopback --owner-pid 41288  --child-id Zen_41288_Startup'
[2026.09.09-10.26.33:171][  0]LogZenServiceInstance: Display: Unreal Zen Storage Server HTTP service at [::1]:8558 status: OK!.
[2026.09.09-10.26.33:171][  0]LogZenServiceInstance: Local ZenServer AutoLaunch initialization completed in 0.378 seconds
[2026.09.09-10.26.33:173][  0]LogDerivedDataCache: Display: ZenLocal: Using ZenServer HTTP service at http://[::1]:8558/ with namespace ue.ddc status: OK!.
[2026.09.09-10.26.33:186][  0]LogDerivedDataCache: C:/Users/user/AppData/Local/UnrealEngine/Common/DerivedDataCache: Speed tests took 0.01 seconds.
[2026.09.09-10.26.33:187][  0]LogDerivedDataCache: Display: C:/Users/user/AppData/Local/UnrealEngine/Common/DerivedDataCache: Performance: Latency=0.08ms. RandomReadSpeed=442.48MBs, RandomWriteSpeed=99.62MBs. Assigned SpeedClass 'Local'
[2026.09.09-10.26.33:190][  0]LogDerivedDataCache: Local: Using data cache path C:/Users/user/AppData/Local/UnrealEngine/Common/DerivedDataCache: DeleteOnly
[2026.09.09-10.26.33:190][  0]LogDerivedDataCache: ZenShared: Disabled because Host is set to 'None'
[2026.09.09-10.26.33:190][  0]LogDerivedDataCache: Unable to find inner node ZenShared for hierarchy Hierarchy.
[2026.09.09-10.26.33:190][  0]LogDerivedDataCache: Shared: Disabled because no path is configured.
[2026.09.09-10.26.33:190][  0]LogDerivedDataCache: Unable to find inner node Shared for hierarchy Hierarchy.
[2026.09.09-10.26.33:190][  0]LogDerivedDataCache: Cloud: Disabled because Host is set to 'None'
[2026.09.09-10.26.33:190][  0]LogDerivedDataCache: Unable to find inner node Cloud for hierarchy Hierarchy.
[2026.09.09-10.26.33:191][  0]LogShaderCompilers: Guid format shader working directory is -26 characters bigger than the processId version (../../../../../../Users/user/Documents/Unreal Projects/LyraStarterGame/Intermediate/Shaders/WorkingDirectory/41288/).
[2026.09.09-10.26.33:191][  0]LogShaderCompilers: Cleaned the shader compiler working directory 'C:/Users/user/AppData/Local/Temp/UnrealShaderWorkingDir/92294A75461916F4EFED91BEC845AD37/'.
[2026.09.09-10.26.33:192][  0]LogXGEController: Cannot use XGE Controller as Incredibuild is not installed on this machine.
[2026.09.09-10.26.33:193][  0]LogUbaHorde: Display: UBA/Horde Configuration [Uba.Provider.Horde]: Not Enabled
[2026.09.09-10.26.33:193][  0]LogShaderCompilers: Display: Using 8 local workers for shader compilation
[2026.09.09-10.26.33:195][  0]LogShaderCompilers: Display: Compiling shader autogen file: ../../../../../../Users/user/Documents/Unreal Projects/LyraStarterGame/Intermediate/ShaderAutogen/PCD3D_SM6/AutogenShaderHeaders.ush
[2026.09.09-10.26.33:195][  0]LogShaderCompilers: Display: Autogen file is unchanged, skipping write.
[2026.09.09-10.26.35:127][  0]LogSlate: Using FreeType 2.10.0
[2026.09.09-10.26.35:128][  0]LogSlate: SlateFontServices - WITH_FREETYPE: 1, WITH_HARFBUZZ: 1
[2026.09.09-10.26.35:136][  0]LogStreaming: Warning: Failed to read file '../../../Engine/Platforms/VisionOS/Content/Editor/Slate/Launcher/Platform_VisionOS_24x.png' error.
[2026.09.09-10.26.35:136][  0]LogStreaming: Warning: Failed to read file '../../../Engine/Platforms/VisionOS/Content/Editor/Slate/Launcher/Platform_VisionOS_128x.png' error.
[2026.09.09-10.26.35:136][  0]LogSlate: Could not load file for Slate resource: [../../../Engine/Platforms/VisionOS/Content/Editor/Slate/Launcher/Platform_VisionOS_24x.png] file: [../../../Engine/Platforms/VisionOS/Content/Editor/Slate/Launcher/Platform_VisionOS_24x.png]
[2026.09.09-10.26.35:136][  0]LogSlate: Could not load file for Slate resource: [../../../Engine/Platforms/VisionOS/Content/Editor/Slate/Launcher/Platform_VisionOS_128x.png] file: [../../../Engine/Platforms/VisionOS/Content/Editor/Slate/Launcher/Platform_VisionOS_128x.png]
[2026.09.09-10.26.35:169][  0]LogAssetRegistry: FAssetRegistry took 0.0035 seconds to start up
[2026.09.09-10.26.35:172][  0]LogEditorDomain: Display: EditorDomain is Disabled
[2026.09.09-10.26.35:232][  0]LogAssetRegistry: Display: AssetDataGatherer spent 0.001s loading caches ../../../../../../Users/user/Documents/Unreal Projects/LyraStarterGame/Intermediate/CachedAssetRegistry_*.bin.
[2026.09.09-10.26.35:478][  0]LogDeviceProfileManager: Display: Deviceprofile LinuxArm64Editor not found.
[2026.09.09-10.26.35:478][  0]LogDeviceProfileManager: Display: Deviceprofile LinuxArm64 not found.
[2026.09.09-10.26.35:507][  0]LogDeviceProfileManager: Active device profile: [000001DDF78E4380][000001DDFE242800 66] WindowsEditor
[2026.09.09-10.26.35:507][  0]LogCsvProfiler: Display: Metadata set : deviceprofile="WindowsEditor"
[2026.09.09-10.26.35:510][  0]LogStreaming: Display: FlushAsyncLoading(1): 1 QueuedPackages, 0 AsyncPackages
[2026.09.09-10.26.35:512][  0]LogTextureEncodingSettings: Display: Texture Encode Speed: FinalIfAvailable (editor).
[2026.09.09-10.26.35:512][  0]LogTextureEncodingSettings: Display: Oodle Texture Encode Speed settings: Fast: RDO Off Lambda=0, Effort=Normal Final: RDO On Lambda=30, Effort=Normal
[2026.09.09-10.26.35:512][  0]LogTextureEncodingSettings: Display: Shared linear texture encoding: Enabled
[2026.09.09-10.26.35:545][  0]LogStreaming: Display: Flushing package /Engine/Functions/Engine_MaterialFunctions01/Shading/PowerToRoughness (state: WaitingForIo) recursively from another package /Engine/EngineMaterials/DefaultTextMaterialOpaque (state: CreateLinkerLoadExports) will result in a partially loaded package to avoid a deadlock.
[2026.09.09-10.26.35:546][  0]LogStreaming: Display: Package /Engine/EngineMaterials/DefaultTextMaterialOpaque is adding a dynamic import to package /Engine/Functions/Engine_MaterialFunctions01/Shading/PowerToRoughness because of a recursive sync load
[2026.09.09-10.26.35:546][  0]LogStreaming: Display: Flushing package /Engine/Functions/Engine_MaterialFunctions01/Shading/PowerToRoughness (state: DeferredPostLoad) recursively from another package /Engine/EngineMaterials/DefaultTextMaterialOpaque (state: CreateLinkerLoadExports) will result in a partially loaded package to avoid a deadlock.
[2026.09.09-10.26.35:546][  0]LogStreaming: Display: Flushing package /Engine/Functions/Engine_MaterialFunctions01/Shading/ConvertFromDiffSpec (state: WaitingForIo) recursively from another package /Engine/EngineMaterials/DefaultTextMaterialOpaque (state: CreateLinkerLoadExports) will result in a partially loaded package to avoid a deadlock.
[2026.09.09-10.26.35:547][  0]LogStreaming: Display: Package /Engine/EngineMaterials/DefaultTextMaterialOpaque is adding a dynamic import to package /Engine/Functions/Engine_MaterialFunctions01/Shading/ConvertFromDiffSpec because of a recursive sync load
[2026.09.09-10.26.35:547][  0]LogStreaming: Display: Flushing package /Engine/Functions/Engine_MaterialFunctions01/Shading/ConvertFromDiffSpec (state: DeferredPostLoad) recursively from another package /Engine/EngineMaterials/DefaultTextMaterialOpaque (state: CreateLinkerLoadExports) will result in a partially loaded package to avoid a deadlock.
[2026.09.09-10.26.35:547][  0]LogStreaming: Display: Flushing package /Engine/EngineMaterials/WorldGridMaterial (state: WaitingForIo) recursively from another package /Engine/EngineMaterials/DefaultTextMaterialOpaque (state: CreateLinkerLoadExports) will result in a partially loaded package to avoid a deadlock.
[2026.09.09-10.26.35:552][  0]LogStreaming: Display: Package /Engine/EngineMaterials/DefaultTextMaterialOpaque is adding a dynamic import to package /Engine/EngineMaterials/T_Default_Material_Grid_M because of a recursive sync load
[2026.09.09-10.26.35:552][  0]LogStreaming: Display: Package /Engine/EngineMaterials/DefaultTextMaterialOpaque is adding a dynamic import to package /Engine/EngineMaterials/T_Default_Material_Grid_N because of a recursive sync load
[2026.09.09-10.26.35:554][  0]LogStreaming: Display: Package /Engine/EngineMaterials/DefaultTextMaterialOpaque is adding a dynamic import to package /Engine/Functions/Engine_MaterialFunctions01/Opacity/CameraDepthFade because of a recursive sync load
[2026.09.09-10.26.35:554][  0]LogStreaming: Display: Flushing package /Engine/EngineMaterials/DefaultDeferredDecalMaterial (state: WaitingForIo) recursively from another package /Engine/EngineMaterials/WorldGridMaterial (state: CreateLinkerLoadExports) will result in a partially loaded package to avoid a deadlock.
[2026.09.09-10.26.35:555][  0]LogStreaming: Display: Flushing package /Engine/EngineMaterials/DefaultLightFunctionMaterial (state: WaitingForIo) recursively from another package /Engine/EngineMaterials/DefaultDeferredDecalMaterial (state: CreateLinkerLoadExports) will result in a partially loaded package to avoid a deadlock.
[2026.09.09-10.26.35:556][  0]LogStreaming: Display: Flushing package /Engine/EngineMaterials/DefaultPostProcessMaterial (state: WaitingForIo) recursively from another package /Engine/EngineMaterials/DefaultLightFunctionMaterial (state: CreateLinkerLoadExports) will result in a partially loaded package to avoid a deadlock.
[2026.09.09-10.26.35:556][  0]LogStreaming: Display: Package /Engine/EngineMaterials/DefaultLightFunctionMaterial is adding a dynamic import to package /Engine/EngineMaterials/DefaultDiffuse because of a recursive sync load
[2026.09.09-10.26.35:557][  0]LogStreaming: Display: Package /Engine/EngineMaterials/DefaultLightFunctionMaterial is adding a dynamic import to package /Engine/Functions/Engine_MaterialFunctions02/Utility/BreakOutFloat2Components because of a recursive sync load
[2026.09.09-10.26.35:558][  0]LogStreaming: Display: Package /Engine/EngineMaterials/DefaultLightFunctionMaterial is adding a dynamic import to package /Engine/EngineMaterials/DefaultPostProcessMaterial because of a recursive sync load
[2026.09.09-10.26.35:558][  0]LogStreaming: Display: Flushing package /Engine/EngineMaterials/DefaultPostProcessMaterial (state: DeferredPostLoad) recursively from another package /Engine/EngineMaterials/DefaultLightFunctionMaterial (state: CreateLinkerLoadExports) will result in a partially loaded package to avoid a deadlock.
[2026.09.09-10.26.35:596][  0]LogStreaming: Display: Package /Engine/EngineMaterials/DefaultDeferredDecalMaterial is adding a dynamic import to package /Engine/EngineMaterials/DefaultLightFunctionMaterial because of a recursive sync load
[2026.09.09-10.26.35:596][  0]LogStreaming: Display: Flushing package /Engine/EngineMaterials/DefaultLightFunctionMaterial (state: DeferredPostLoad) recursively from another package /Engine/EngineMaterials/DefaultDeferredDecalMaterial (state: CreateLinkerLoadExports) will result in a partially loaded package to avoid a deadlock.
[2026.09.09-10.26.35:627][  0]LogStreaming: Display: Package /Engine/EngineMaterials/WorldGridMaterial is adding a dynamic import to package /Engine/EngineMaterials/DefaultDeferredDecalMaterial because of a recursive sync load
[2026.09.09-10.26.35:627][  0]LogStreaming: Display: Flushing package /Engine/EngineMaterials/DefaultDeferredDecalMaterial (state: DeferredPostLoad) recursively from another package /Engine/EngineMaterials/WorldGridMaterial (state: CreateLinkerLoadExports) will result in a partially loaded package to avoid a deadlock.
[2026.09.09-10.26.35:650][  0]LogStreaming: Display: Package /Engine/EngineMaterials/DefaultTextMaterialOpaque is adding a dynamic import to package /Engine/EngineMaterials/WorldGridMaterial because of a recursive sync load
[2026.09.09-10.26.35:650][  0]LogStreaming: Display: Flushing package /Engine/EngineMaterials/WorldGridMaterial (state: DeferredPostLoad) recursively from another package /Engine/EngineMaterials/DefaultTextMaterialOpaque (state: CreateLinkerLoadExports) will result in a partially loaded package to avoid a deadlock.
[2026.09.09-10.26.35:874][  0]LogMeshReduction: Display: Using QuadricMeshReduction for automatic static mesh reduction
[2026.09.09-10.26.35:874][  0]LogMeshReduction: Display: Using SkeletalMeshReduction for automatic skeletal mesh reduction
[2026.09.09-10.26.35:874][  0]LogMeshReduction: Display: Using ProxyLODMeshReduction for automatic mesh merging
[2026.09.09-10.26.35:874][  0]LogMeshReduction: Display: No distributed automatic mesh merging module available
[2026.09.09-10.26.35:874][  0]LogMeshMerging: No distributed automatic mesh merging module available
[2026.09.09-10.26.36:341][  0]LogConfig: Applying CVar settings from Section [/Script/CQTest.CQTestSettings] File [Engine]
[2026.09.09-10.26.36:389][  0]LogVirtualization: Display: VirtualizationSystem name found in ini file: None
[2026.09.09-10.26.36:389][  0]LogVirtualization: Display: FNullVirtualizationSystem mounted, virtualization will be disabled
[2026.09.09-10.26.36:390][  0]LogIris: FNetObjectFactoryRegistry::UnregisterFactory is unregistering factory: NetActorFactory name: NetActorFactory id: 0
[2026.09.09-10.26.36:390][  0]LogIris: FNetObjectFactoryRegistry::UnregisterFactory is unregistering factory: NetSubObjectFactory name: NetSubObjectFactory id: 1
[2026.09.09-10.26.36:413][  0]LogSlate: Border
[2026.09.09-10.26.36:413][  0]LogSlate: BreadcrumbButton
[2026.09.09-10.26.36:413][  0]LogSlate: Brushes.Title
[2026.09.09-10.26.36:413][  0]LogSlate: ColorPicker.ColorThemes
[2026.09.09-10.26.36:413][  0]LogSlate: Default
[2026.09.09-10.26.36:413][  0]LogSlate: Icons.Save
[2026.09.09-10.26.36:413][  0]LogSlate: Icons.Toolbar.Settings
[2026.09.09-10.26.36:413][  0]LogSlate: ListView
[2026.09.09-10.26.36:413][  0]LogSlate: SoftwareCursor_CardinalCross
[2026.09.09-10.26.36:413][  0]LogSlate: SoftwareCursor_Grab
[2026.09.09-10.26.36:413][  0]LogSlate: TableView.DarkRow
[2026.09.09-10.26.36:413][  0]LogSlate: TableView.Row
[2026.09.09-10.26.36:413][  0]LogSlate: TreeView
[2026.09.09-10.26.36:514][  0]LogWorldPartition: Display: FWorldPartitionClassDescRegistry::Initialize started...
[2026.09.09-10.26.36:517][  0]LogWorldPartition: Display: FWorldPartitionClassDescRegistry::Initialize took 3.043 ms
[2026.09.09-10.26.36:549][  0]LogInit: XR: Instanced Stereo Rendering is Disabled
[2026.09.09-10.26.36:549][  0]LogInit: XR: MultiViewport is Disabled
[2026.09.09-10.26.36:549][  0]LogInit: XR: Mobile Multiview is Disabled
[2026.09.09-10.26.36:578][  0]LogStats: UGameplayTagsManager::InitializeManager -  0.002 s
[2026.09.09-10.26.36:636][  0]LogNNERuntimeORT: Available graphics and compute adapters:
[2026.09.09-10.26.36:636][  0]LogNNERuntimeORT: Selecting NPU adapter: NVIDIA RTX A4000
[2026.09.09-10.26.36:636][  0]LogNNERuntimeORT: MakeRuntimeORTDml:
[2026.09.09-10.26.36:636][  0]LogNNERuntimeORT:   DirectML:  yes
[2026.09.09-10.26.36:636][  0]LogNNERuntimeORT:   RHI D3D12: yes
[2026.09.09-10.26.36:636][  0]LogNNERuntimeORT:   D3D12:     yes
[2026.09.09-10.26.36:636][  0]LogNNERuntimeORT:   NPU:       yes
[2026.09.09-10.26.36:636][  0]LogNNERuntimeORT: Interface availability:
[2026.09.09-10.26.36:636][  0]LogNNERuntimeORT:   GPU: yes
[2026.09.09-10.26.36:636][  0]LogNNERuntimeORT:   RDG: yes
[2026.09.09-10.26.36:636][  0]LogNNERuntimeORT:   NPU: yes
[2026.09.09-10.26.36:636][  0]LogNNERuntimeORT: Available graphics and compute adapters:
[2026.09.09-10.26.36:636][  0]LogNNERuntimeORT: Selecting NPU adapter: NVIDIA RTX A4000
[2026.09.09-10.26.36:658][  0]LogAudioModulation: Display: Initialized Audio Modulation Parameter 'BitDepth'
[2026.09.09-10.26.36:658][  0]LogAudioModulation: Display: Initialized Audio Modulation Parameter 'HPFCutoffFrequency'
[2026.09.09-10.26.36:659][  0]LogAudioModulation: Display: Initialized Audio Modulation Parameter 'LowRateFrequency'
[2026.09.09-10.26.36:659][  0]LogAudioModulation: Display: Initialized Audio Modulation Parameter 'LPFCutoffFrequency'
[2026.09.09-10.26.36:660][  0]LogAudioModulation: Display: Initialized Audio Modulation Parameter 'Pan'
[2026.09.09-10.26.36:660][  0]LogAudioModulation: Display: Initialized Audio Modulation Parameter 'Pitch'
[2026.09.09-10.26.36:660][  0]LogAudioModulation: Display: Initialized Audio Modulation Parameter 'SampleRate'
[2026.09.09-10.26.36:661][  0]LogAudioModulation: Display: Initialized Audio Modulation Parameter 'TimeOfDay'
[2026.09.09-10.26.36:661][  0]LogAudioModulation: Display: Initialized Audio Modulation Parameter 'Volume'
[2026.09.09-10.26.36:661][  0]LogAudioModulation: Registering Modulation MetaSound Nodes...
[2026.09.09-10.26.36:679][  0]LogMetaSound: Display: MetaSound Page Target Initialized to 'Default'
[2026.09.09-10.26.36:809][  0]LogAudio: Display: Registering Engine Module Parameter Interfaces...
[2026.09.09-10.26.36:810][  0]LogMetaSound: MetaSound Engine Initialized
[2026.09.09-10.26.36:810][  0]LogAudioModulation: Audio Modulation Initialized
[2026.09.09-10.26.36:875][  0]LogTextureFormatOodle: Display: Oodle Texture loading DLL: oo2tex_win64_2.9.10.dll
[2026.09.09-10.26.37:370][  0]LogNiagaraDebuggerClient: Niagara Debugger Client Initialized | Session: E44CB30A57E9418F8000000000007100 | Instance: 5376FD9F4CD3AEC2576440A79C21E685 (V304-18-41288).
[2026.09.09-10.26.37:421][  0]LogTcpMessaging: Initializing TcpMessaging bridge
[2026.09.09-10.26.37:427][  0]LogUdpMessaging: Display: Work queue size set to 1024.
[2026.09.09-10.26.37:427][  0]LogUdpMessaging: Initializing bridge on interface 0.0.0.0:0 to multicast group 230.0.0.1:6666.
[2026.09.09-10.26.37:427][  0]LogUdpMessaging: Display: Unicast socket bound to '0.0.0.0:57560'.
[2026.09.09-10.26.37:435][  0]LogUdpMessaging: Display: Added local interface '172.16.11.43' to multicast group '230.0.0.1:6666'
[2026.09.09-10.26.37:435][  0]LogUdpMessaging: Display: Added local interface '172.21.48.1' to multicast group '230.0.0.1:6666'
[2026.09.09-10.26.37:438][  0]LogUdpMessaging: Display: Using asynchronous task graph for message deserialization.
[2026.09.09-10.26.37:506][  0]LogCsvProfiler: Config enabled category LyraPerformance
[2026.09.09-10.26.37:608][  0]AudioGameplayLog: FAudioGameplayModule::StartupModule
[2026.09.09-10.26.37:656][  0]LogChaosVDEditor: [FChaosVDExtensionsManager::RegisterExtension] Registering CVD Extension [FChaosVDGenericDebugDrawExtension] ...
[2026.09.09-10.26.37:656][  0]LogChaosVDEditor: [FChaosVDExtensionsManager::RegisterExtension] Registering CVD Extension [FChaosVDAccelerationStructuresExtension] ...
[2026.09.09-10.26.37:664][  0]LogTimingProfiler: Initialize
[2026.09.09-10.26.37:664][  0]LogTimingProfiler: OnSessionChanged
[2026.09.09-10.26.37:664][  0]LoadingProfiler: Initialize
[2026.09.09-10.26.37:664][  0]LoadingProfiler: OnSessionChanged
[2026.09.09-10.26.37:664][  0]LogNetworkingProfiler: Initialize
[2026.09.09-10.26.37:664][  0]LogNetworkingProfiler: OnSessionChanged
[2026.09.09-10.26.37:664][  0]LogMemoryProfiler: Initialize
[2026.09.09-10.26.37:664][  0]LogMemoryProfiler: OnSessionChanged
[2026.09.09-10.26.37:710][  0]LogConfig: Applying CVar settings from Section [/Script/NNEDenoiser.NNEDenoiserSettings] File [Engine]
[2026.09.09-10.26.37:739][  0]LogAndroidPermission: UAndroidPermissionCallbackProxy::GetInstance
[2026.09.09-10.26.37:745][  0]LogAudioCaptureCore: Display: No Audio Capture implementations found. Audio input will be silent.
[2026.09.09-10.26.37:745][  0]LogAudioCaptureCore: Display: No Audio Capture implementations found. Audio input will be silent.
[2026.09.09-10.26.37:935][  0]SourceControl: 리비전 컨트롤이 비활성화되어 있습니다.
[2026.09.09-10.26.37:947][  0]LogStreaming: Warning: Failed to read file '../../../Engine/Content/Slate/Common/ButtonHoverHint.png' error.
[2026.09.09-10.26.37:947][  0]LogSlate: Could not load file for Slate resource: [../../../Engine/Content/Slate/Common/ButtonHoverHint.png] file: [../../../Engine/Content/Slate/Common/ButtonHoverHint.png]
[2026.09.09-10.26.37:947][  0]LogStreaming: Warning: Failed to read file '../../../Engine/Content/Slate/Icons/doc_16x.png' error.
[2026.09.09-10.26.37:947][  0]LogSlate: Could not load file for Slate resource: [../../../Engine/Content/Slate/Icons/doc_16x.png] file: [../../../Engine/Content/Slate/Icons/doc_16x.png]
[2026.09.09-10.26.37:952][  0]SourceControl: 리비전 컨트롤이 비활성화되어 있습니다.
[2026.09.09-10.26.37:985][  0]LogSQLiteDatabase: Opened database 'C:/Users/user/Documents/Unreal Projects/LyraStarterGame/Saved/Search/FileInfo.db'
[2026.09.09-10.26.37:995][  0]LogSQLiteDatabase: Opened database 'C:/Users/user/Documents/Unreal Projects/LyraStarterGame/Saved/Search/AssetSearch.db'
[2026.09.09-10.26.38:257][  0]LogWindows: Attached monitors:
[2026.09.09-10.26.38:257][  0]LogWindows:     resolution: 2560x1440, work area: (0, 0) -> (2560, 1392), device: '\\.\DISPLAY1' [PRIMARY]
[2026.09.09-10.26.38:257][  0]LogWindows: Found 1 attached monitors.
[2026.09.09-10.26.38:257][  0]LogWindows: Gathering driver information using Windows Setup API
[2026.09.09-10.26.38:327][  0]LogSockets: SteamSockets: Disabled due to no Steam OSS running.
[2026.09.09-10.26.38:353][  0]LogCollectionManager: Loaded 0 collections in 0.001800 seconds
[2026.09.09-10.26.38:357][  0]LogFileCache: Scanning file cache for directory 'C:/Users/user/Documents/Unreal Projects/LyraStarterGame/Saved/Collections/' took 0.00s
[2026.09.09-10.26.38:363][  0]LogFileCache: Scanning file cache for directory 'C:/Users/user/Documents/Unreal Projects/LyraStarterGame/Content/Developers/user/Collections/' took 0.01s
[2026.09.09-10.26.38:368][  0]LogFileCache: Scanning file cache for directory 'C:/Users/user/Documents/Unreal Projects/LyraStarterGame/Content/Collections/' took 0.00s
[2026.09.09-10.26.38:441][  0]LogStreaming: Warning: Failed to read file '../../../Engine/Platforms/VisionOS/Content/Editor/Slate/Launcher/Platform_VisionOS_128x.png' error.
[2026.09.09-10.26.38:441][  0]LogStreaming: Warning: Failed to read file '../../../Engine/Platforms/VisionOS/Content/Editor/Slate/Launcher/Platform_VisionOS_24x.png' error.
[2026.09.09-10.26.38:441][  0]LogSlate: Could not load file for Slate resource: [../../../Engine/Platforms/VisionOS/Content/Editor/Slate/Launcher/Platform_VisionOS_24x.png] file: [../../../Engine/Platforms/VisionOS/Content/Editor/Slate/Launcher/Platform_VisionOS_24x.png]
[2026.09.09-10.26.38:441][  0]LogSlate: Could not load file for Slate resource: [../../../Engine/Platforms/VisionOS/Content/Editor/Slate/Launcher/Platform_VisionOS_128x.png] file: [../../../Engine/Platforms/VisionOS/Content/Editor/Slate/Launcher/Platform_VisionOS_128x.png]
[2026.09.09-10.26.38:505][  0]LogStreaming: Warning: Failed to read file '../../../Engine/Content/Slate/Common/ButtonHoverHint.png' error.
[2026.09.09-10.26.38:505][  0]LogSlate: Could not load file for Slate resource: [../../../Engine/Content/Slate/Common/ButtonHoverHint.png] file: [../../../Engine/Content/Slate/Common/ButtonHoverHint.png]
[2026.09.09-10.26.38:505][  0]LogStreaming: Warning: Failed to read file '../../../Engine/Content/Slate/Icons/doc_16x.png' error.
[2026.09.09-10.26.38:505][  0]LogSlate: Could not load file for Slate resource: [../../../Engine/Content/Slate/Icons/doc_16x.png] file: [../../../Engine/Content/Slate/Icons/doc_16x.png]
[2026.09.09-10.26.38:520][  0]LogEOSSDK: LogEOS: [Boot] EOSSDK Version 1.17.0-41373641 booting at 2026-09-09T10:26:38.519Z using C
[2026.09.09-10.26.38:520][  0]LogEOSSDK: LogEOS: [Boot] EOSSDK Platform Properties [OS=Windows/10.0.26100.8972.64bit, ClientId=xyza7891REBVsEqSJRRNXmlS7EQHM459, ProductId=86f32f1151354e7cb39c12f8ab2c22a3, SandboxId=a01927f7421a4d4995673fe30ef46945, DeploymentId=a652a72ea1664dcab3a467891eea5f30, ProductName=LyraStarterGame, ProductVersion=++UE5+Release-5.6-CL-44394996, IsServer=false, Flags=DisableOverlay]
[2026.09.09-10.26.38:520][  0]LogEOSSDK: LogEOSAnalytics: Start Session (User: ...)
[2026.09.09-10.26.38:521][  0]LogEOSSDK: LogEOSOverlay: Overlay will not load, because it was explicitly disabled when creating the platform
[2026.09.09-10.26.38:526][  0]LogEOSSDK: LogEOSAntiCheat: [AntiCheatClient] Anti-cheat client not available. Verify that the game was started using the anti-cheat bootstrapper if you intend to use it.
[2026.09.09-10.26.38:526][  0]LogEOSSDK: LogEOS: SetApplicationStatus - OldStatus: EOS_AS_Foreground, NewStatus: EOS_AS_Foreground, Current Time: 0001.01.01-00.00.00
[2026.09.09-10.26.38:526][  0]LogEOSSDK: LogEOS: SetNetworkStatus - OldStatus: EOS_NS_Online, NewStatus: EOS_NS_Online
[2026.09.09-10.26.38:526][  0]LogEOSSDK: LogEOS: Updating Platform SDK Config, Time: 0.000060
[2026.09.09-10.26.38:526][  0]LogFab: Plugin initialized. VersionName: 0.0.9 (Version: 9) - Engine Version 5.6.1-44394996+++UE5+Release-5.6
[2026.09.09-10.26.38:578][  0]LogUObjectArray: 51467 objects as part of root set at end of initial load.
[2026.09.09-10.26.38:578][  0]LogUObjectArray: CloseDisregardForGC: 0/0 objects in disregard for GC pool
[2026.09.09-10.26.38:711][  0]LogAutomationTest: Error: Condition failed
[2026.09.09-10.26.38:711][  0]LogAutomationTest: Error: Condition failed
[2026.09.09-10.26.38:711][  0]LogAutomationTest: Error: Condition failed
[2026.09.09-10.26.38:713][  0]LogEngine: Initializing Engine...
[2026.09.09-10.26.38:831][  0]LogGameFeatures: Initializing game features subsystem
[2026.09.09-10.26.38:858][  0]LogTedsSettings: UTedsSettingsEditorSubsystem::Initialize
[2026.09.09-10.26.39:047][  0]LogTextureFormatOodle: Display: Oodle Texture loading DLL: oo2tex_win64_2.9.11.dll
[2026.09.09-10.26.39:059][  0]LogTextureFormatOodle: Display: Oodle Texture loading DLL: oo2tex_win64_2.9.12.dll
[2026.09.09-10.26.39:068][  0]LogGameFeatures: Scanning for built-in game feature plugins
[2026.09.09-10.26.39:068][  0]LogGameFeatures: Loading 297 builtins. Not Amortized
[2026.09.09-10.26.39:074][  0]LogShaderLibrary: Display: Opening a chunked shader library for plugin 'TopDownArena' is ignored. Chunked libraries for plugins are not supported.
[2026.09.09-10.26.39:075][  0]LogAbilitySystem: Display: Processing InitializeRuntimeObjectLibrary.
[2026.09.09-10.26.39:086][  0]LogAbilitySystem: Display: Processing InitializeRuntimeObjectLibrary.
[2026.09.09-10.26.39:089][  0]LogGameFeatures: Display: Game feature 'TopDownArena' transitioned successfully. Ending state: Registered [Registered, Active]
[2026.09.09-10.26.39:094][  0]LogShaderLibrary: Display: Opening a chunked shader library for plugin 'ShooterCore' is ignored. Chunked libraries for plugins are not supported.
[2026.09.09-10.26.39:098][  0]LogAbilitySystem: Display: Processing InitializeRuntimeObjectLibrary.
[2026.09.09-10.26.39:110][  0]LogGameFeatures: OnGameFeatureRegistering /ShooterCore/ShooterCore.ShooterCore:GameFeatureAction_DataRegistry_0: Preloading DataRegistry /ShooterCore/Accolades/AccoladeDataRegistry.AccoladeDataRegistry for editor preview
[2026.09.09-10.26.39:110][  0]LogGameFeatures: Display: Game feature 'ShooterCore' transitioned successfully. Ending state: Registered [Registered, Active]
[2026.09.09-10.26.39:111][  0]LogShaderLibrary: Display: Opening a chunked shader library for plugin 'ShooterExplorer' is ignored. Chunked libraries for plugins are not supported.
[2026.09.09-10.26.39:113][  0]LogGameFeatures: Display: Game feature 'ShooterExplorer' transitioned successfully. Ending state: Registered [Registered, Active]
[2026.09.09-10.26.39:117][  0]LogShaderLibrary: Display: Opening a chunked shader library for plugin 'ShooterTests' is ignored. Chunked libraries for plugins are not supported.
[2026.09.09-10.26.39:118][  0]LogGameFeatures: Display: Game feature 'ShooterTests' transitioned successfully. Ending state: Registered [Registered, Active]
[2026.09.09-10.26.39:119][  0]LogShaderLibrary: Display: Opening a chunked shader library for plugin 'ShooterMaps' is ignored. Chunked libraries for plugins are not supported.
[2026.09.09-10.26.39:120][  0]LogAbilitySystem: Display: Processing InitializeRuntimeObjectLibrary.
[2026.09.09-10.26.39:124][  0]LogGameFeatures: Display: Game feature 'ShooterMaps' transitioned successfully. Ending state: Registered [Registered, Active]
[2026.09.09-10.26.39:124][  0]LogGameFeatures: Display: Total built in plugin load time 0.0567s
[2026.09.09-10.26.39:124][  0]LogStats: BuiltInGameFeaturePlugins loaded. -  0.057 s
[2026.09.09-10.26.39:124][  0]LogLyra: Display: Startup job "InitializeGameplayCueManager()" starting
[2026.09.09-10.26.39:124][  0]LogLyra: Display: Startup job "InitializeGameplayCueManager()" took 0.00 seconds to complete
[2026.09.09-10.26.39:124][  0]LogLyra: Display: Startup job "GetGameData()" starting
[2026.09.09-10.26.39:124][  0]LogLyra: Loading GameData: /Game/DefaultGameData.DefaultGameData ...
[2026.09.09-10.26.39:124][  0]LogStats:             ... GameData loaded! -  0.001 s
[2026.09.09-10.26.39:124][  0]LogLyra: Display: Startup job "GetGameData()" took 0.00 seconds to complete
[2026.09.09-10.26.39:124][  0]LogLyra: Display: All startup jobs took 0.00 seconds to complete
[2026.09.09-10.26.39:129][  0]LogChaosDD: Creating Chaos Debug Draw Scene for world Untitled
[2026.09.09-10.26.39:140][  0]LogNetVersion: Set ProjectVersion to 1.0.0.0. Version Checksum will be recalculated on next use.
[2026.09.09-10.26.39:140][  0]LogInit: Texture streaming: Enabled
[2026.09.09-10.26.39:148][  0]LogAnalytics: Display: [UEEditor.Rocket.Release] AnalyticsET::StartSession ( APIServer = https://datarouter.ol.epicgames.com/datarouter/api/v1/public/data. AppVersion = 5.6.1-44394996+++UE5+Release-5.6 )
[2026.09.09-10.26.39:162][  0]LogCsvProfiler: Display: Metadata set : largeworldcoordinates="1"
[2026.09.09-10.26.39:166][  0]LogInit: Undo buffer set to 256 MB
[2026.09.09-10.26.39:166][  0]LogInit: Transaction tracking system initialized
[2026.09.09-10.26.39:229][  0]LocalizationService: 현지화 서비스가 비활성화되었습니다.
[2026.09.09-10.26.39:279][  0]LogConsoleResponse: Enabled 2 Latency Marker Module(s)
[2026.09.09-10.26.39:284][  0]LogConsoleResponse: Enabled 2 Latency Marker Module(s)
[2026.09.09-10.26.39:459][  0]LogPython: Python enabled via CVar 'Engine.Python.IsEnabledByDefault'
[2026.09.09-10.26.39:459][  0]LogPython: Using Python 3.11.8
[2026.09.09-10.26.39:507][  0]LogPython: Display: No pip-enabled plugins with python dependencies found, skipping
[2026.09.09-10.26.39:961][  0]LogLevelSequenceEditor: LevelSequenceEditor subsystem initialized.
[2026.09.09-10.26.39:980][  0]LogEditorDataStorage: Initializing
[2026.09.09-10.26.39:983][  0]LogEditorDataStorage: Initialized
[2026.09.09-10.26.39:992][  0]LogStats: UGameplayCueManager::InitializeEditorObjectLibrary -  0.003 s
[2026.09.09-10.26.40:008][  0]LogCore: Display: GameplayInsights module auto-connecting to local trace server...
[2026.09.09-10.26.40:065][  0]LogAssetRegistry: Display: Triggering cache save on discovery complete
[2026.09.09-10.26.40:096][  0]LogGameplayAbilityAudit: Selected GameplayAbilityAuditRow as the best Gameplay Ability Audit Functionality
[2026.09.09-10.26.40:098][  0]LogInit: Display: Engine is initialized. Leaving FEngineLoop::Init()
[2026.09.09-10.26.40:102][  0]SourceControl: 리비전 컨트롤이 비활성화되어 있습니다.
[2026.09.09-10.26.40:102][  0]LogUnrealEdMisc: Loading editor; pre map load, took 11.647
[2026.09.09-10.26.40:103][  0]Cmd: MAP LOAD FILE="../../../../../../Users/user/Documents/Unreal Projects/LyraStarterGame/Content/System/DefaultEditorMap/L_DefaultEditorOverview.umap" TEMPLATE=0 SHOWPROGRESS=1 FEATURELEVEL=4
[2026.09.09-10.26.40:106][  0]LogWorld: UWorld::CleanupWorld for Untitled, bSessionEnded=true, bCleanupResources=true
[2026.09.09-10.26.40:106][  0]LogSlate: InvalidateAllWidgets triggered.  All widgets were invalidated
[2026.09.09-10.26.40:133][  0]LogUObjectHash: Compacting FUObjectHashTables data took   1.14ms
[2026.09.09-10.26.40:537][  0]LogMetaSound: Display: Resave recommended: Asset 'sfx_RandomStereo_nl_meta' at '/Game/Audio/MetaSounds/sfx_RandomStereo_nl_meta.sfx_RandomStereo_nl_meta' successfully migrated editor data in target document version 'v1.12'.
[2026.09.09-10.26.40:609][  0]LogMetaSound: Display: Resave recommended: Asset 'sfx_UI_Lobby_Highlight_nl_meta_Preset' at '/Game/Audio/Sounds/UI/sfx_UI_Lobby_Highlight_nl_meta_Preset.sfx_UI_Lobby_Highlight_nl_meta_Preset' successfully migrated editor data in target document version 'v1.12'.
[2026.09.09-10.26.40:611][  0]LogMetaSound: Display: Resave recommended: Asset 'sfx_UI_Lobby_Select_nl_meta_Preset' at '/Game/Audio/Sounds/UI/sfx_UI_Lobby_Select_nl_meta_Preset.sfx_UI_Lobby_Select_nl_meta_Preset' successfully migrated editor data in target document version 'v1.12'.
[2026.09.09-10.26.40:861][  0]LogChaosDD: Creating Chaos Debug Draw Scene for world L_DefaultEditorOverview
[2026.09.09-10.26.40:895][  0]LogEditorServer: Finished looking for orphan Actors (0.000 secs)
[2026.09.09-10.26.40:933][  0]LogUObjectHash: Compacting FUObjectHashTables data took   0.79ms
[2026.09.09-10.26.40:934][  0]Cmd: MAP CHECKDEP NOCLEARLOG
[2026.09.09-10.26.40:934][  0]MapCheck: 맵 체크 완료: 오류 0 회, 경고 0 회, 소요 시간 0.073ms.
[2026.09.09-10.26.40:977][  0]LogUnrealEdMisc: Total Editor Startup Time, took 12.522
[2026.09.09-10.26.41:060][  0]LogPlacementMode: Display: The Asset Registry is not yet fully loaded so some placeable classes might be missing.
[2026.09.09-10.26.41:170][  0]LogSlate: Updating window title bar state: overlay mode, drag disabled, window buttons hidden, title bar hidden
[2026.09.09-10.26.41:254][  0]LogSlate: Updating window title bar state: overlay mode, drag disabled, window buttons hidden, title bar hidden
[2026.09.09-10.26.41:331][  0]LogSlate: Updating window title bar state: overlay mode, drag disabled, window buttons hidden, title bar hidden
[2026.09.09-10.26.41:408][  0]LogSlate: Updating window title bar state: overlay mode, drag disabled, window buttons hidden, title bar hidden
[2026.09.09-10.26.41:432][  0]LogAssetReferenceRestrictions: Display: Updating asset referencing domain DB due to plugin or rule changes
[2026.09.09-10.26.41:475][  0]LogPakFile: Initializing PakPlatformFile
[2026.09.09-10.26.41:475][  0]LogPakFile: Display: Mounted Pak file 'C:/Program Files/Epic Games/UE_5.6/FeaturePacks/StarterContent.upack', mount point: 'root:/'
[2026.09.09-10.26.41:476][  0]LogPakFile: Initializing PakPlatformFile
[2026.09.09-10.26.41:476][  0]LogPakFile: Display: Mounted Pak file 'C:/Program Files/Epic Games/UE_5.6/FeaturePacks/TP_FirstPerson.upack', mount point: 'root:/'
[2026.09.09-10.26.41:476][  0]LogPakFile: Initializing PakPlatformFile
[2026.09.09-10.26.41:477][  0]LogPakFile: Display: Mounted Pak file 'C:/Program Files/Epic Games/UE_5.6/FeaturePacks/TP_FirstPersonBP.upack', mount point: 'root:/'
[2026.09.09-10.26.41:477][  0]LogPakFile: Initializing PakPlatformFile
[2026.09.09-10.26.41:477][  0]LogPakFile: Display: Mounted Pak file 'C:/Program Files/Epic Games/UE_5.6/FeaturePacks/TP_HandheldARBP.upack', mount point: 'root:/'
[2026.09.09-10.26.41:478][  0]LogPakFile: Initializing PakPlatformFile
[2026.09.09-10.26.41:478][  0]LogPakFile: Display: Mounted Pak file 'C:/Program Files/Epic Games/UE_5.6/FeaturePacks/TP_ThirdPerson.upack', mount point: 'root:/'
[2026.09.09-10.26.41:478][  0]LogPakFile: Initializing PakPlatformFile
[2026.09.09-10.26.41:479][  0]LogPakFile: Display: Mounted Pak file 'C:/Program Files/Epic Games/UE_5.6/FeaturePacks/TP_ThirdPersonBP.upack', mount point: 'root:/'
[2026.09.09-10.26.41:479][  0]LogPakFile: Initializing PakPlatformFile
[2026.09.09-10.26.41:479][  0]LogPakFile: Display: Mounted Pak file 'C:/Program Files/Epic Games/UE_5.6/FeaturePacks/TP_TopDown.upack', mount point: 'root:/'
[2026.09.09-10.26.41:480][  0]LogPakFile: Initializing PakPlatformFile
[2026.09.09-10.26.41:480][  0]LogPakFile: Display: Mounted Pak file 'C:/Program Files/Epic Games/UE_5.6/FeaturePacks/TP_TopDownBP.upack', mount point: 'root:/'
[2026.09.09-10.26.41:480][  0]LogPakFile: Initializing PakPlatformFile
[2026.09.09-10.26.41:480][  0]LogPakFile: Display: Mounted Pak file 'C:/Program Files/Epic Games/UE_5.6/FeaturePacks/TP_VehicleAdvBP.upack', mount point: 'root:/'
[2026.09.09-10.26.41:481][  0]LogPakFile: Initializing PakPlatformFile
[2026.09.09-10.26.41:481][  0]LogPakFile: Display: Mounted Pak file 'C:/Program Files/Epic Games/UE_5.6/FeaturePacks/TP_VirtualRealityBP.upack', mount point: 'root:/'
[2026.09.09-10.26.41:493][  0]LogAssetRegistry: Display: Asset registry cache written as 118.9 MiB to ../../../../../../Users/user/Documents/Unreal Projects/LyraStarterGame/Intermediate/CachedAssetRegistry_*.bin
[2026.09.09-10.26.41:741][  0]LogFab: Display: Logging in using persist
[2026.09.09-10.26.42:123][  0]LogWebBrowser: Loaded CEF3 version 90.6.7.2358 from C:/Program Files/Epic Games/UE_5.6/Engine/Binaries/ThirdParty/CEF3/Win64/
[2026.09.09-10.26.42:125][  0]LogCEFBrowser: CEF GPU acceleration enabled
[2026.09.09-10.26.42:251][  0]LogStall: Startup...
[2026.09.09-10.26.42:256][  0]LogStall: Startup complete.
[2026.09.09-10.26.42:276][  0]LogLoad: (Engine Initialization) Total time: 13.82 seconds
[2026.09.09-10.26.42:662][  0]LogContentStreaming: Texture pool size now 1000 MB
[2026.09.09-10.26.42:662][  0]LogCsvProfiler: Display: Metadata set : streamingpoolsizemb="1000"
[2026.09.09-10.26.42:685][  0]LogSlate: Took 0.001874 seconds to synchronously load lazily loaded font '../../../Engine/Content/Editor/Slate/Fonts/NanumGothicBold.ttf' (4188K)
[2026.09.09-10.26.42:685][  0]LogSlate: Took 0.000186 seconds to synchronously load lazily loaded font '../../../Engine/Content/Slate/Fonts/Roboto-Bold.ttf' (160K)
[2026.09.09-10.26.42:687][  0]LogSlate: Took 0.002140 seconds to synchronously load lazily loaded font '../../../Engine/Content/Editor/Slate/Fonts/NanumGothic.ttf' (4243K)
[2026.09.09-10.26.42:688][  0]LogSlate: Took 0.000220 seconds to synchronously load lazily loaded font '../../../Engine/Content/Slate/Fonts/Roboto-Regular.ttf' (155K)
[2026.09.09-10.26.42:724][  0]LogSlate: Took 0.000267 seconds to synchronously load lazily loaded font '../../../Engine/Content/Slate/Fonts/Roboto-Italic.ttf' (157K)
[2026.09.09-10.26.42:726][  0]LogSlate: Took 0.000190 seconds to synchronously load lazily loaded font '../../../Engine/Content/Slate/Fonts/DroidSansMono.ttf' (77K)
[2026.09.09-10.26.42:727][  0]LogSlate: Took 0.001597 seconds to synchronously load lazily loaded font '../../../Engine/Content/Editor/Slate/Fonts/NanumGothicExtraBold.ttf' (4074K)
[2026.09.09-10.26.42:774][  0]LogStreaming: Display: FlushAsyncLoading(424): 1 QueuedPackages, 65 AsyncPackages
[2026.09.09-10.26.42:852][  0]LogRenderer: Recreating Persistent SBTs due to initializer changes: 
		NumShaderSlotsPerGeometrySegment changed: current: 1 - new: 2
		NumGeometrySegments changed: current: 0 - new: 512
[2026.09.09-10.26.43:332][  0]LogPSOHitching: Encountered 50 PSO creation hitches so far (12 graphics, 38 compute). 0 of them were precached.
[2026.09.09-10.26.43:685][  0]LogPSOHitching: Encountered 100 PSO creation hitches so far (17 graphics, 83 compute). 0 of them were precached.
[2026.09.09-10.26.44:181][  0]LogSlate: InvalidateAllWidgets triggered.  All widgets were invalidated
[2026.09.09-10.26.44:184][  0]LogPython: Display: 스타트업 스크립트 C:/Program Files/Epic Games/UE_5.6/Engine/Plugins/MovieScene/MovieRenderPipeline/Content/Python/init_unreal.py 실행 중... started...
[2026.09.09-10.26.44:226][  0]LogPython: Display: 스타트업 스크립트 C:/Program Files/Epic Games/UE_5.6/Engine/Plugins/MovieScene/MovieRenderPipeline/Content/Python/init_unreal.py 실행 중... took 41.818 ms
[2026.09.09-10.26.44:226][  0]LogPython: Display: 스타트업 스크립트 C:/Program Files/Epic Games/UE_5.6/Engine/Plugins/Animation/ControlRig/Content/Python/init_unreal.py 실행 중... started...
[2026.09.09-10.26.44:247][  0]LogPython: registering <class 'ControlRigWorkflows.workflow_deformation_rig_preset.provider'>

[2026.09.09-10.26.44:255][  0]LogPython: Display: 스타트업 스크립트 C:/Program Files/Epic Games/UE_5.6/Engine/Plugins/Animation/ControlRig/Content/Python/init_unreal.py 실행 중... took 28.935 ms (total: 70.753 ms)
[2026.09.09-10.26.44:267][  0]Cmd: Automation RunTests Project.Functional Tests.ShooterTests.Actor.Replication
[2026.09.09-10.26.44:267][  0]Automation: RunTests='Project.Functional Tests.ShooterTests.Actor.Replication' Queued.
[2026.09.09-10.26.44:597][  1]LogAssetRegistry: AssetRegistryGather time 0.3297s: AssetDataDiscovery 0.0542s, AssetDataGather 0.1028s, StoreResults 0.1727s. Wall time 9.4310s.
	NumCachedDirectories 8247. NumUncachedDirectories 30. NumCachedFiles 17280. NumUncachedFiles 0.
	BackgroundTickInterruptions 0.
[2026.09.09-10.26.44:632][  1]LogStats: UGameplayCueManager::InitializeEditorObjectLibrary -  0.001 s
[2026.09.09-10.26.44:637][  1]LogPlacementMode: Display: The Asset Registry is done with its initial scan, the list of placeable classes has been updated.
[2026.09.09-10.26.44:649][  1]LogCollectionManager: Fixed up redirectors for 0 collections in 0.000000 seconds (updated 0 objects)
[2026.09.09-10.26.44:651][  1]LogSourceControl: Uncontrolled asset discovery started...
[2026.09.09-10.26.44:738][  1]LogEngineAutomationLatentCommand: FWaitForInteractiveFrameRate: Starting wait for framerate of >= 10 FPS
[2026.09.09-10.26.45:695][  2]LogPSOHitching: Encountered 150 PSO creation hitches so far (34 graphics, 116 compute). 0 of them were precached.
[2026.09.09-10.26.45:966][  2]LogSourceControl: Uncontrolled asset discovery finished in 1.313921 seconds (Found 17256 uncontrolled assets)
[2026.09.09-10.26.46:051][  2]LogD3D12RHI: Compiled LumenReflectionHardwareRayTracingRGS for RTPSO in 1067.02 ms.
[2026.09.09-10.26.46:052][  2]LogD3D12RHI: Compiled LumenReflectionHardwareRayTracingRGS for RTPSO in 1068.05 ms.
[2026.09.09-10.26.46:206][  2]LogD3D12RHI: Compiled LumenReflectionHardwareRayTracingRGS for RTPSO in 1222.34 ms.
[2026.09.09-10.26.46:219][  2]LogD3D12RHI: Creating RTPSO with 25 shaders (0 cached, 25 new) took 1556.12 ms. Compile time 1542.11 ms, link time 13.78 ms.
[2026.09.09-10.26.46:346][  2]LogRenderer: Using fallback RTPSO
[2026.09.09-10.26.46:467][  2]LogRenderer: Using fallback RTPSO
[2026.09.09-10.26.46:480][  2]LogD3D12RHI: Creating RTPSO with 27 shaders (0 cached, 2 new) took 134.64 ms. Compile time 133.60 ms, link time 1.02 ms.
[2026.09.09-10.26.46:581][  2]LogEOSSDK: LogEOS: SDK Config Platform Update Request Successful, Time: 6.178916
[2026.09.09-10.26.46:585][  2]LogEOSSDK: LogEOSAnalytics: EOS SDK Analytics disabled for route [1].
[2026.09.09-10.26.46:587][  2]LogEOSSDK: LogEOS: Updating Product SDK Config, Time: 8.055462
[2026.09.09-10.26.47:264][ 25]LogEOSSDK: LogEOSAnalytics: Start Session (User: ...)
[2026.09.09-10.26.47:504][ 49]LogEOSSDK: LogEOS: SDK Config Product Update Request Successful, Time: 8.968550
[2026.09.09-10.26.47:507][ 49]LogEOSSDK: LogEOS: SDK Config Data - Watermark: -1805940196
[2026.09.09-10.26.47:507][ 49]LogEOSSDK: LogEOS: ScheduleNextSDKConfigDataUpdate - Time: 8.968550, Update Interval: 336.525146
[2026.09.09-10.26.47:770][ 73]LogNiagaraEditor: Niagara graph NiagaraGraph /Niagara/Modules/Update/Material/DynamicMaterialParameters.DynamicMaterialParameters:NiagaraScriptSource_3.NiagaraGraph_0: The default value declaration for the variable 'Module.Index0Float3Write' is not consistent between the graph and the metadata.
  Either change the default mode to 'custom' or check the input pins in the parameter map get node in the graph.
[2026.09.09-10.26.47:770][ 73]LogNiagaraEditor: Niagara graph NiagaraGraph /Niagara/Modules/Update/Material/DynamicMaterialParameters.DynamicMaterialParameters:NiagaraScriptSource_3.NiagaraGraph_0: The default value declaration for the variable 'Module.Index1Float3Write' is not consistent between the graph and the metadata.
  Either change the default mode to 'custom' or check the input pins in the parameter map get node in the graph.
[2026.09.09-10.26.47:790][ 74]LogEOSSDK: LogEOSAuth: UpdateUserAuthToken: User ClientId: xyz...459 AccountId: ac6...144 Access[Expires: 2026.09.09-12.26.47 Remaining: 7200.59] Refresh[Expires: 2027-03-08T09:40:40.207Z Remaining: 15549233.21] State: Valid
[2026.09.09-10.26.47:802][ 75]LogEOSSDK: LogEOSAuth: UserAuthGenerated: Received FUserAuthToken
[2026.09.09-10.26.48:082][ 96]LogEOSSDK: LogEOSAuth: UserAuthGenerated: Login complete: EOS_Success
[2026.09.09-10.26.48:082][ 96]LogFab: Display: User logged in
[2026.09.09-10.26.48:082][ 96]LogFab: Display: User client id: xyza7891REBVsEqSJRRNXmlS7EQHM459
[2026.09.09-10.26.48:317][113]LogEOSSDK: Warning: LogEOS: Error response received from backend. ServiceName=[Friend], OperationName=[GetBlockList], Url=[<Redacted>], HttpStatus=[403], ErrorCode=[errors.com.epicgames.common.insufficient_scopes], NumericErrorCode=[1056], ErrorMessage=[Insufficient access scopes. Expected: [friends_list]], CorrId=[EOS-FFPQaariY0i2kMJuvBBSfw-9WKzUC51TUaq6O1SxRNk6A]
[2026.09.09-10.26.49:890][237]LogLinker: Conditionally flushing loading for linker(s) (/Game/Effects/Particles/Impacts/NS_ImactSparksCharacter)
[2026.09.09-10.26.49:890][237]LogStreaming: Display: FlushAsyncLoading(431): 1 QueuedPackages, 940 AsyncPackages
[2026.09.09-10.26.52:652][380]LogEngineAutomationLatentCommand: FWaitForInteractiveFrameRate: Hit 25.27 FPS for 5 seconds after 8 seconds of waiting
[2026.09.09-10.26.52:652][381]LogAutomationCommandLine: Display: Ready to start automation
[2026.09.09-10.26.55:216][534]LogLinker: Conditionally flushing loading for linker(s) (/Game/Effects/Particles/Impacts/NS_ImpactConcrete)
[2026.09.09-10.26.55:216][534]LogStreaming: Display: FlushAsyncLoading(432): 1 QueuedPackages, 295 AsyncPackages
[2026.09.09-10.26.57:008][589]LogLinker: Conditionally flushing loading for linker(s) (/Game/Effects/Particles/Impacts/NS_ImpactGlass)
[2026.09.09-10.26.57:008][589]LogStreaming: Display: FlushAsyncLoading(433): 1 QueuedPackages, 54 AsyncPackages
[2026.09.09-10.26.58:027][591]LogAutomationWorker: Received FindWorkersMessage from 6ABA8B6D46FE01CCCEF2F19B78A421BC
[2026.09.09-10.26.58:028][591]LogAutomationController: Received FindWorkersResponseMessage from 94F364AE4DA97C39FB1773A614074E3D
[2026.09.09-10.26.58:028][591]LogAutomationController: Requesting test list from 94F364AE4DA97C39FB1773A614074E3D
[2026.09.09-10.26.58:053][592]LogAutomationWorker: Received RequestTestsMessage from 6ABA8B6D46FE01CCCEF2F19B78A421BC
[2026.09.09-10.26.58:094][592]LogAutomationWorker: Set 5399 tests to 6ABA8B6D46FE01CCCEF2F19B78A421BC
[2026.09.09-10.26.58:094][592]LogAutomationController: Received RequestTestsReplyCompleteMessage from 94F364AE4DA97C39FB1773A614074E3D
[2026.09.09-10.26.58:099][592]LogAutomationController: 5399 tests available on 94F364AE4DA97C39FB1773A614074E3D
[2026.09.09-10.26.58:137][592]LogAutomationCommandLine: Display: Found 4 automation tests based on 'Project.Functional Tests.ShooterTests.Actor.Replication'
[2026.09.09-10.26.58:137][592]LogAutomationCommandLine: Display: 	Project.Functional Tests.ShooterTests.Actor.Replication.InputAnimationTest.ClientPlayer_QuinnMovement
[2026.09.09-10.26.58:137][592]LogAutomationCommandLine: Display: 	Project.Functional Tests.ShooterTests.Actor.Replication.InputAnimationTest.NetworkPlayers_Crouch
[2026.09.09-10.26.58:137][592]LogAutomationCommandLine: Display: 	Project.Functional Tests.ShooterTests.Actor.Replication.InputAnimationTest.NetworkPlayers_Jump
[2026.09.09-10.26.58:137][592]LogAutomationCommandLine: Display: 	Project.Functional Tests.ShooterTests.Actor.Replication.InputAnimationTest.ServerPlayer_MannyMovement
[2026.09.09-10.26.58:137][592]LogAutomationController: Sending StopTests to 94F364AE4DA97C39FB1773A614074E3D
[2026.09.09-10.26.58:141][592]LogAutomationController: Display: Loading results html template...
[2026.09.09-10.26.58:143][592]LogAutomationController: Display: Successfully wrote html results file!
[2026.09.09-10.26.58:143][592]LogAutomationController: Sending StartTestSession to 94F364AE4DA97C39FB1773A614074E3D
[2026.09.09-10.26.58:143][592]LogAutomationController: Display: Clearing ../../../../../../Users/user/Documents/Unreal Projects/LyraStarterGame/Saved/Automation/Logs/ and ../../../../../../Users/user/Documents/Unreal Projects/LyraStarterGame/Saved/Automation/Tmp/
[2026.09.09-10.26.58:143][592]AutomationTestingLog: -----Test Run 3----
[2026.09.09-10.26.58:144][592]LogAutomationController: Sending RunTest ClientPlayer_QuinnMovement to 94F364AE4DA97C39FB1773A614074E3D
[2026.09.09-10.26.58:144][592]LogAutomationController: Display: Test Started. Name={ClientPlayer_QuinnMovement} Path={Project.Functional Tests.ShooterTests.Actor.Replication.InputAnimationTest.ClientPlayer_QuinnMovement}
[2026.09.09-10.26.58:156][593]LogAutomationWorker: Received StopTests from 6ABA8B6D46FE01CCCEF2F19B78A421BC
[2026.09.09-10.26.58:156][593]LogAutomationWorker: Received StartTestSession from 6ABA8B6D46FE01CCCEF2F19B78A421BC
[2026.09.09-10.26.58:157][593]LogAutomationWorker: Received RunTests ClientPlayer_QuinnMovement from 6ABA8B6D46FE01CCCEF2F19B78A421BC
[2026.09.09-10.26.58:157][593]LogCqTest: Before Test
[2026.09.09-10.26.58:157][593]Cmd: MAP LOAD FILE="../../../../../../Users/user/Documents/Unreal Projects/LyraStarterGame/Plugins/GameFeatures/ShooterTests/Content/Maps/L_ShooterTest_Basic.umap" TEMPLATE=0 SHOWPROGRESS=0 FEATURELEVEL=4
[2026.09.09-10.26.58:198][593]LogWorld: UWorld::CleanupWorld for L_DefaultEditorOverview, bSessionEnded=true, bCleanupResources=true
[2026.09.09-10.26.58:198][593]LogSlate: InvalidateAllWidgets triggered.  All widgets were invalidated
[2026.09.09-10.26.58:337][593]LogUObjectHash: Compacting FUObjectHashTables data took   3.01ms
[2026.09.09-10.26.58:339][593]LogStreaming: Display: FlushAsyncLoading(434): 1 QueuedPackages, 25 AsyncPackages
[2026.09.09-10.26.58:345][593]LogChaosDD: Creating Chaos Debug Draw Scene for world L_ShooterTest_Basic
[2026.09.09-10.26.58:361][593]LogEditorServer: Finished looking for orphan Actors (0.000 secs)
[2026.09.09-10.26.58:407][593]LogUObjectHash: Compacting FUObjectHashTables data took   1.37ms
[2026.09.09-10.26.58:415][593]Cmd: MAP CHECKDEP NOCLEARLOG
[2026.09.09-10.26.58:415][593]MapCheck: 맵 체크 완료: 오류 0 회, 경고 0 회, 소요 시간 0.059ms.
[2026.09.09-10.26.58:436][594]LogCqTest: Running Starting Network Component server
[2026.09.09-10.26.58:437][594]LogUMGEditor: Disabling Slate Post Buffers for multi-window PIE session, currently not supported.
[2026.09.09-10.26.58:438][594]LogStats: PreBeginPIE asset preloading complete -  0.000 s
[2026.09.09-10.26.58:438][594]LogStreaming: Display: FlushAsyncLoading(): 0 QueuedPackages, 25 AsyncPackages
[2026.09.09-10.26.58:529][594]LogNiagaraEditor: Niagara graph NiagaraGraph /Game/Effects/Particles/Environmental/NS_WallPortal.NS_WallPortal:SystemDisturbed.NiagaraScriptSource_0.NiagaraGraph_0: The default value declaration for the variable 'Module.ActiveTime' is not consistent between the graph and the metadata.
  Either change the default mode to 'custom' or check the input pins in the parameter map get node in the graph.
[2026.09.09-10.26.58:544][594]LogPlayLevel: PlayLevel: No blueprints needed recompiling
[2026.09.09-10.26.58:553][594]LogOnline: OSS: Created online subsystem instance for: NULL
[2026.09.09-10.26.58:553][594]LogOnline: OSS: TryLoadSubsystemAndSetDefault: Loaded subsystem for type [NULL]
[2026.09.09-10.26.58:553][594]LogPlayLevel: Creating play world package: /ShooterTests/Maps/UEDPIE_0_L_ShooterTest_Basic
[2026.09.09-10.26.58:557][594]LogPlayLevel: PIE: StaticDuplicateObject took: (0.002923s)
[2026.09.09-10.26.58:557][594]LogPlayLevel: PIE: Created PIE world by copying editor world from /ShooterTests/Maps/L_ShooterTest_Basic.L_ShooterTest_Basic to /ShooterTests/Maps/UEDPIE_0_L_ShooterTest_Basic.L_ShooterTest_Basic (0.003892s)
[2026.09.09-10.26.58:622][594]LogUObjectHash: Compacting FUObjectHashTables data took   1.29ms
[2026.09.09-10.26.58:630][594]LogOnline: OSS: Created online subsystem instance for: :Context_1
[2026.09.09-10.26.58:630][594]LogChartCreation: Started creating FPS charts at 18112426.620910 seconds
[2026.09.09-10.26.58:633][594]LogChaosDD: Creating Chaos Debug Draw Scene for world L_ShooterTest_Basic
[2026.09.09-10.26.58:638][594]LogPlayLevel: PIE: World Init took: (0.005475s)
[2026.09.09-10.26.58:642][594]LogUIActionRouter: Display: Found 0 derived classes when attemping to create action router (CommonUIActionRouterBase)
[2026.09.09-10.26.58:704][594]LogMetaSound: Display: Resave recommended: Asset 'sfx_UI_MainMenu_Highlight_nl_meta_Preset' at '/Game/Audio/Sounds/UI/sfx_UI_MainMenu_Highlight_nl_meta_Preset.sfx_UI_MainMenu_Highlight_nl_meta_Preset' successfully migrated editor data in target document version 'v1.12'.
[2026.09.09-10.26.58:705][594]LogMetaSound: Display: Resave recommended: Asset 'sfx_UI_MainMenu_Select_nl_meta_Preset' at '/Game/Audio/Sounds/UI/sfx_UI_MainMenu_Select_nl_meta_Preset.sfx_UI_MainMenu_Select_nl_meta_Preset' successfully migrated editor data in target document version 'v1.12'.
[2026.09.09-10.26.58:707][594]LogMetaSound: Display: Resave recommended: Asset 'sfx_UI_SubMenu_Highlight_nl_meta_Preset' at '/Game/Audio/Sounds/UI/sfx_UI_SubMenu_Highlight_nl_meta_Preset.sfx_UI_SubMenu_Highlight_nl_meta_Preset' successfully migrated editor data in target document version 'v1.12'.
[2026.09.09-10.26.58:708][594]LogMetaSound: Display: Resave recommended: Asset 'sfx_UI_SubMenu_Select_nl_meta_Preset' at '/Game/Audio/Sounds/UI/sfx_UI_SubMenu_Select_nl_meta_Preset.sfx_UI_SubMenu_Select_nl_meta_Preset' successfully migrated editor data in target document version 'v1.12'.
[2026.09.09-10.26.58:730][594]LogCommonGame: AddLocalPlayer: Set LyraLocalPlayer_0 to Primary Player
[2026.09.09-10.26.58:739][594]LogLoad: Game class is 'LyraGameMode'
[2026.09.09-10.26.58:742][594]LogWorld: Bringing World /ShooterTests/Maps/UEDPIE_0_L_ShooterTest_Basic.L_ShooterTest_Basic up for play (max tick rate 0) at 2026.09.09-19.26.58
[2026.09.09-10.26.58:743][594]LogWorld: Bringing up level for play took: 0.003468
[2026.09.09-10.26.58:745][594]LogWindows: WindowsPlatformFeatures enabled
[2026.09.09-10.26.58:746][594]LogEnhancedInput: Enhanced Input local player subsystem has initalized the user settings!
[2026.09.09-10.26.58:756][594]LogCommonGame: [B_LyraUIPolicy_C_0] is adding player [LyraLocalPlayer_0]'s root layout [W_OverallUILayout_C_0] to the viewport
[2026.09.09-10.26.58:759][594]LogCsvProfiler: Display: Metadata set : iris="0"
[2026.09.09-10.26.58:759][594]LogLyraRepGraph: Display: Replication graph is disabled via LyraReplicationGraphSettings.
[2026.09.09-10.26.58:759][594]LogNetCore: DDoS detection status: detection enabled: 0 analytics enabled: 0
[2026.09.09-10.26.58:759][594]LogNet: Applying EmulationProfile Average
[2026.09.09-10.26.58:759][594]LogPushModel: PushModel HandleCreation is now enabled
[2026.09.09-10.26.58:759][594]LogNet: InitBase GameNetDriver (NetDriverDefinition GameNetDriver) using replication model Generic
[2026.09.09-10.26.58:760][594]LogInit: WinSock: Socket queue. Rx: 131072 (config 131072) Tx: 131072 (config 131072)
[2026.09.09-10.26.58:760][594]LogNet: Created socket for bind address: 0.0.0.0:17777
[2026.09.09-10.26.58:760][594]PacketHandlerLog: Loaded PacketHandler component: Engine.EngineHandlerComponentFactory (StatelessConnectHandlerComponent)
[2026.09.09-10.26.58:760][594]LogNet: Name:GameNetDriver Def:GameNetDriver IpNetDriver_0 IpNetDriver listening on port 17777
[2026.09.09-10.26.58:761][594]LogHttpServerModule: Starting all listeners...
[2026.09.09-10.26.58:761][594]LogHttpServerModule: All listeners started
[2026.09.09-10.26.58:762][594]PIE: 서버가 로그인했습니다.
[2026.09.09-10.26.58:765][594]PIE: 에디터에서 플레이 총 시작 시간 0.328초입니다.
[2026.09.09-10.26.58:771][594]LogOnline: OSS: Created online subsystem instance for: :Context_2
[2026.09.09-10.26.58:771][594]LogChaosDD: Creating Chaos Debug Draw Scene for world Untitled
[2026.09.09-10.26.58:773][594]LogPlayLevel: PIE: World Init took: (0.002596s)
[2026.09.09-10.26.58:775][594]LogUIActionRouter: Display: Found 0 derived classes when attemping to create action router (CommonUIActionRouterBase)
[2026.09.09-10.26.58:775][594]LogCommonGame: AddLocalPlayer: Set LyraLocalPlayer_1 to Primary Player
[2026.09.09-10.26.58:831][594]LogSlate: Updating window title bar state: overlay mode, drag disabled, window buttons hidden, title bar hidden
[2026.09.09-10.26.58:831][594]LogGlobalStatus: UEngine::Browse Started Browse: "127.0.0.1:17777/Game/System/FrontEnd/Maps/L_LyraFrontEnd"
[2026.09.09-10.26.58:831][594]LogNet: Browse: 127.0.0.1:17777/Game/System/FrontEnd/Maps/L_LyraFrontEnd
[2026.09.09-10.26.58:831][594]LogPushModel: PushModel HandleCreation is now enabled
[2026.09.09-10.26.58:831][594]LogNet: InitBase PendingNetDriver (NetDriverDefinition GameNetDriver) using replication model Generic
[2026.09.09-10.26.58:833][594]LogInit: WinSock: Socket queue. Rx: 32768 (config 32768) Tx: 32768 (config 32768)
[2026.09.09-10.26.58:833][594]LogNet: Created socket for bind address: 0.0.0.0:0
[2026.09.09-10.26.58:833][594]LogNet: IpConnection_0 setting maximum channels to: 32767
[2026.09.09-10.26.58:833][594]PacketHandlerLog: Loaded PacketHandler component: Engine.EngineHandlerComponentFactory (StatelessConnectHandlerComponent)
[2026.09.09-10.26.58:833][594]LogHandshake: Stateless Handshake: NetDriverDefinition 'GameNetDriver' CachedClientID: 2
[2026.09.09-10.26.58:834][594]LogNet: Game client on port 17777, rate 200000
[2026.09.09-10.26.58:834][594]LogNetVersion: LyraStarterGame 1.0.0.0, NetCL: 43139311, EngineNetworkVersion: 42, GameNetworkVersion: 0 (Checksum: 1262299559)
[2026.09.09-10.26.58:837][594]PIE: 클라이언트가 로그인했습니다.
[2026.09.09-10.26.58:839][594]PIE: 에디터에서 플레이 총 시작 시간 0.402초입니다.
[2026.09.09-10.26.58:845][594]LogBackChannel: Listening on FBackChannelConnection Client Socket (localport: 2049)
[2026.09.09-10.26.58:845][594]LogRemoteSession: Started listening on port 2049
[2026.09.09-10.26.58:847][594]LogSlate: InvalidateAllWidgets triggered.  All widgets were invalidated
[2026.09.09-10.26.58:847][595]LogCsvProfiler: Display: Metadata set : systemresolution.resx="640"
[2026.09.09-10.26.58:847][595]LogCsvProfiler: Display: Metadata set : systemresolution.resy="480"
[2026.09.09-10.26.58:857][595]LogLyraExperience: Identified experience LyraExperienceDefinition:B_AutomatedShooterTest (Source: WorldSettings)
[2026.09.09-10.27.00:833][595]LogMetaSound: Display: Resave recommended: Asset 'sfx_MeleeWhoosh_nl_meta_Preset' at '/Game/Audio/MetaSounds/sfx_MeleeWhoosh_nl_meta_Preset.sfx_MeleeWhoosh_nl_meta_Preset' successfully migrated editor data in target document version 'v1.12'.
[2026.09.09-10.27.00:846][595]LogMetaSound: Display: Resave recommended: Asset 'sfx_WeaponSwap_nl_meta_Preset' at '/Game/Audio/MetaSounds/sfx_WeaponSwap_nl_meta_Preset.sfx_WeaponSwap_nl_meta_Preset' successfully migrated editor data in target document version 'v1.12'.
[2026.09.09-10.27.00:849][595]LogMetaSound: Display: Resave recommended: Asset 'sfx_ZoomIn_nl_meta_Preset' at '/Game/Audio/MetaSounds/sfx_ZoomIn_nl_meta_Preset.sfx_ZoomIn_nl_meta_Preset' successfully migrated editor data in target document version 'v1.12'.
[2026.09.09-10.27.00:851][595]LogMetaSound: Display: Resave recommended: Asset 'sfx_ZoomOut_nl_meta_Preset' at '/Game/Audio/MetaSounds/sfx_ZoomOut_nl_meta_Preset.sfx_ZoomOut_nl_meta_Preset' successfully migrated editor data in target document version 'v1.12'.
[2026.09.09-10.27.01:311][595]LogMetaSound: Display: Resave recommended: Asset 'sfx_Emote_FingerGuns_nl_meta_Preset' at '/Game/Audio/MetaSounds/sfx_Emote_FingerGuns_nl_meta_Preset.sfx_Emote_FingerGuns_nl_meta_Preset' successfully migrated editor data in target document version 'v1.12'.
[2026.09.09-10.27.03:408][595]LogLyraExperience: EXPERIENCE: StartExperienceLoad(CurrentExperience = LyraExperienceDefinition:B_AutomatedShooterTest, Server)
[2026.09.09-10.27.03:408][595]LogLoadingScreen: Showing loading screen when 'IsShowingInitialLoadingScreen()' is false.
[2026.09.09-10.27.03:408][595]LogLoadingScreen: Experience still loading
[2026.09.09-10.27.03:441][595]LogLoadingScreen: Loading screen showing: 1. Reason: Experience still loading
[2026.09.09-10.27.03:445][595]LogLoadingScreen: Showing loading screen when 'IsShowingInitialLoadingScreen()' is false.
[2026.09.09-10.27.03:445][595]LogLoadingScreen: GameState hasn't yet replicated (it's null)
[2026.09.09-10.27.03:446][595]LogLoadingScreen: Loading screen showing: 1. Reason: GameState hasn't yet replicated (it's null)
[2026.09.09-10.27.03:511][595]LogAutomationController: Ignoring very large delta of 4.66 seconds in calls to FAutomationControllerManager::Tick() and not penalizing unresponsive tests
[2026.09.09-10.27.03:511][595]LogCqTest: Starting Collect PIE Worlds
[2026.09.09-10.27.03:613][596]LogRenderer: Recreating Persistent SBTs due to initializer changes: 
		NumShaderSlotsPerGeometrySegment changed: current: 1 - new: 2
		NumGeometrySegments changed: current: 0 - new: 512
[2026.09.09-10.27.03:702][597]LogNet: NotifyAcceptingConnection accepted from: 127.0.0.1:54991
[2026.09.09-10.27.03:703][597]LogHandshake: SendConnectChallenge. Timestamp: 5.253719, Cookie: 086089221192051195059054141155085077151098110014251102105011
[2026.09.09-10.27.03:729][597]LogHandshake: Cached server SessionID: 0
[2026.09.09-10.27.03:729][597]LogHandshake: SendChallengeResponse. Timestamp: 5.253719, Cookie: 086089221192051195059054141155085077151098110014251102105011
[2026.09.09-10.27.03:882][598]LogNet: NotifyAcceptingConnection accepted from: 127.0.0.1:54991
[2026.09.09-10.27.03:882][598]LogHandshake: SendChallengeAck. InCookie: 086089221192051195059054141155085077151098110014251102105011
[2026.09.09-10.27.03:882][598]LogNet: Server accepting post-challenge connection from: 127.0.0.1:54991
[2026.09.09-10.27.03:882][598]LogNet: IpConnection_1 setting maximum channels to: 32767
[2026.09.09-10.27.03:882][598]PacketHandlerLog: Loaded PacketHandler component: Engine.EngineHandlerComponentFactory (StatelessConnectHandlerComponent)
[2026.09.09-10.27.03:882][598]LogNet: NotifyAcceptedConnection: Name: L_ShooterTest_Basic, TimeStamp: 09/09/26 19:27:03, [UNetConnection] RemoteAddr: 127.0.0.1:54991, Name: IpConnection_1, Driver: Name:GameNetDriver Def:GameNetDriver IpNetDriver_0, IsServer: YES, PC: NULL, Owner: NULL, UniqueId: INVALID
[2026.09.09-10.27.03:882][598]LogNet: AddClientConnection: Added client connection: [UNetConnection] RemoteAddr: 127.0.0.1:54991, Name: IpConnection_1, Driver: Name:GameNetDriver Def:GameNetDriver IpNetDriver_0, IsServer: YES, PC: NULL, Owner: NULL, UniqueId: INVALID
[2026.09.09-10.27.03:896][598]LogPSOHitching: Encountered 200 PSO creation hitches so far (60 graphics, 140 compute). 0 of them were precached.
[2026.09.09-10.27.03:911][598]LogNet: UPendingNetGame::SendInitialJoin: Sending hello. [UNetConnection] RemoteAddr: 127.0.0.1:17777, Name: IpConnection_0, Driver: Name:PendingNetDriver Def:GameNetDriver IpNetDriver_1, IsServer: NO, PC: NULL, Owner: NULL, UniqueId: INVALID
[2026.09.09-10.27.04:094][600]LogNet: NotifyAcceptingChannel Control 0 server World /ShooterTests/Maps/UEDPIE_0_L_ShooterTest_Basic.L_ShooterTest_Basic: Accepted
[2026.09.09-10.27.04:094][600]LogNet: Remote platform little endian=1
[2026.09.09-10.27.04:094][600]LogNet: This platform little endian=1
[2026.09.09-10.27.04:323][603]LogNet: Login request: ?Name=V304-18-E558F15B4A6FB7B52FD73098CFF37B98 userId: NULL:V304-18-E558F15B4A6FB7B52FD73098CFF37B98 platform: NULL
[2026.09.09-10.27.04:383][604]LogMetaSound: Display: Resave recommended: Asset 'sfx_EndOfRound-LowScore_nl_meta' at '/Game/Audio/MetaSounds/sfx_EndOfRound-LowScore_nl_meta.sfx_EndOfRound-LowScore_nl_meta' successfully migrated editor data in target document version 'v1.12'.
[2026.09.09-10.27.04:384][604]LogMetaSound: Display: Resave recommended: Asset 'sfx_EndOfRound-Tick_nl_meta' at '/Game/Audio/MetaSounds/sfx_EndOfRound-Tick_nl_meta.sfx_EndOfRound-Tick_nl_meta' successfully migrated editor data in target document version 'v1.12'.
[2026.09.09-10.27.04:387][604]LogNet: Welcomed by server (Level: /ShooterTests/Maps/UEDPIE_0_L_ShooterTest_Basic, Game: /Script/LyraGame.LyraGameMode)
[2026.09.09-10.27.04:387][604]LogStreaming: Display: FlushAsyncLoading(): 0 QueuedPackages, 240 AsyncPackages
[2026.09.09-10.27.04:561][604]LogMetaSound: Display: Resave recommended: Asset 'sfx_Character_RespawnTimer_meta' at '/Game/Audio/MetaSounds/sfx_Character_RespawnTimer_meta.sfx_Character_RespawnTimer_meta' successfully migrated editor data in target document version 'v1.12'.
[2026.09.09-10.27.05:397][604]LogSkeletalMesh: Building Skeletal Mesh SKM_Manny...
[2026.09.09-10.27.05:402][604]LogSkeletalMesh: Building Skeletal Mesh SKM_Quinn...
[2026.09.09-10.27.05:480][604]LogLoad: LoadMap: 127.0.0.1:17777/ShooterTests/Maps/L_ShooterTest_Basic?game=/Script/LyraGame.LyraGameMode
[2026.09.09-10.27.05:480][604]LogWorld: BeginTearingDown for /Temp/Untitled_1
[2026.09.09-10.27.05:480][604]LogWorld: UWorld::CleanupWorld for Untitled, bSessionEnded=true, bCleanupResources=true
[2026.09.09-10.27.05:480][604]LogSlate: InvalidateAllWidgets triggered.  All widgets were invalidated
[2026.09.09-10.27.05:506][604]LogSkeletalMesh: Display: 스킨 입힌 에셋이 준비 되기를 기다리는 중 0/2 (SKM_Manny)...
[2026.09.09-10.27.06:021][604]LogStaticMesh: Adjacency [0.01s], tris: 92178, UVs 1
[2026.09.09-10.27.06:098][604]LogStaticMesh: Clustering [0.08s]. Ratio: 1.015257
[2026.09.09-10.27.06:117][604]LogStaticMesh: Leaves [0.02s]
[2026.09.09-10.27.06:235][604]LogStaticMesh: Adjacency [0.07s], tris: 87280, UVs 1
[2026.09.09-10.27.06:299][604]LogStaticMesh: Clustering [0.06s]. Ratio: 1.014663
[2026.09.09-10.27.06:348][604]LogStaticMesh: Leaves [0.05s]
[2026.09.09-10.27.07:282][604]LogStaticMesh: Reduce [1.17s]
[2026.09.09-10.27.07:302][604]LogStaticMesh: ConstrainClusters:
[2026.09.09-10.27.07:302][604]LogStaticMesh:   Input: 1516 Clusters, 190928 Triangles and 131880 Vertices
[2026.09.09-10.27.07:302][604]LogStaticMesh:   Output without splits: 1516 Clusters, 190928 Triangles and 135263 Vertices
[2026.09.09-10.27.07:302][604]LogStaticMesh:   Output with splits: 1516 Clusters, 190928 Triangles and 135263 Vertices
[2026.09.09-10.27.07:307][604]LogStaticMesh: Material Stats - Unique Materials: 2, Fast Path Clusters: 1516, Slow Path Clusters: 0, 1 Material: 1299, 2 Materials: 217, 3 Materials: 0, At Least 4 Materials: 0
[2026.09.09-10.27.07:326][604]LogStaticMesh: WritePages:
[2026.09.09-10.27.07:326][604]LogStaticMesh:   Root: GPU size: 29884 bytes. 1 Pages. 29884.000 bytes per page (91.199% utilization).
[2026.09.09-10.27.07:326][604]LogStaticMesh:   Streaming: GPU size: 3054372 bytes. 24 Pages (24 with relative encoding). 127265.500 bytes per page (97.096% utilization).
[2026.09.09-10.27.07:326][604]LogStaticMesh:   Page data disk size: 2836852 bytes. Fixup data size: 10776 bytes.
[2026.09.09-10.27.07:326][604]LogStaticMesh:   Total GPU size: 3084256 bytes, Total disk size: 2847628 bytes.
[2026.09.09-10.27.07:326][604]LogStaticMesh: Encode [0.04s]
[2026.09.09-10.27.07:327][604]LogStaticMesh: NaniteBuild [1.32s]
[2026.09.09-10.27.07:502][604]LogStaticMesh: Reduce [1.15s]
[2026.09.09-10.27.07:675][604]LogStaticMesh: ConstrainClusters:
[2026.09.09-10.27.07:675][604]LogStaticMesh:   Input: 1427 Clusters, 179860 Triangles and 247852 Vertices
[2026.09.09-10.27.07:675][604]LogStaticMesh:   Output without splits: 1427 Clusters, 179860 Triangles and 249453 Vertices
[2026.09.09-10.27.07:675][604]LogStaticMesh:   Output with splits: 2063 Clusters, 179860 Triangles and 250022 Vertices
[2026.09.09-10.27.07:685][604]LogStaticMesh: Material Stats - Unique Materials: 2, Fast Path Clusters: 2063, Slow Path Clusters: 0, 1 Material: 1874, 2 Materials: 189, 3 Materials: 0, At Least 4 Materials: 0
[2026.09.09-10.27.07:716][604]LogStaticMesh: WritePages:
[2026.09.09-10.27.07:716][604]LogStaticMesh:   Root: GPU size: 30628 bytes. 1 Pages. 30628.000 bytes per page (93.469% utilization).
[2026.09.09-10.27.07:716][604]LogStaticMesh:   Streaming: GPU size: 4797360 bytes. 38 Pages (37 with relative encoding). 126246.312 bytes per page (96.318% utilization).
[2026.09.09-10.27.07:716][604]LogStaticMesh:   Page data disk size: 4027844 bytes. Fixup data size: 12080 bytes.
[2026.09.09-10.27.07:716][604]LogStaticMesh:   Total GPU size: 4827988 bytes, Total disk size: 4039924 bytes.
[2026.09.09-10.27.07:717][604]LogStaticMesh: Encode [0.21s]
[2026.09.09-10.27.07:721][604]LogStaticMesh: NaniteBuild [1.57s]
[2026.09.09-10.27.07:958][604]LogSkeletalMeshReduction: Reducing skeletal mesh for LOD 2 
[2026.09.09-10.27.07:959][604]LogSkeletalMeshReduction: Reducing skeletal mesh for LOD 3 
[2026.09.09-10.27.09:195][604]LogSkeletalMeshReduction: Reducing skeletal mesh for LOD 2 
[2026.09.09-10.27.09:195][604]LogSkeletalMeshReduction: Reducing skeletal mesh for LOD 3 
[2026.09.09-10.27.13:487][604]LogSkeletalMesh: Skeletal mesh [/Game/Characters/Heroes/Mannequin/Meshes/SKM_Manny.SKM_Manny]: The derived data key is different after the build. Save the asset to avoid rebuilding it everytime the editor load it.
[2026.09.09-10.27.13:517][604]LogSkeletalMesh: Built Skeletal Mesh [8.12s] /Game/Characters/Heroes/Mannequin/Meshes/SKM_Manny.SKM_Manny
[2026.09.09-10.27.13:525][604]LogSkeletalMesh: Display: 스킨 입힌 에셋이 준비 되기를 기다리는 중 1/2 (SKM_Quinn)...
[2026.09.09-10.27.14:360][604]LogSkeletalMesh: Skeletal mesh [/Game/Characters/Heroes/Mannequin/Meshes/SKM_Quinn.SKM_Quinn]: The derived data key is different after the build. Save the asset to avoid rebuilding it everytime the editor load it.
[2026.09.09-10.27.14:410][604]LogSkeletalMesh: Built Skeletal Mesh [9.01s] /Game/Characters/Heroes/Mannequin/Meshes/SKM_Quinn.SKM_Quinn
[2026.09.09-10.27.14:489][604]LogUObjectHash: Compacting FUObjectHashTables data took   1.78ms
[2026.09.09-10.27.14:495][604]LogChaosDD: Creating Chaos Debug Draw Scene for world L_ShooterTest_Basic
[2026.09.09-10.27.14:498][604]LogPlayLevel: PIE: World Init took: (0.003518s)
[2026.09.09-10.27.14:518][604]LogWorld: Bringing World /ShooterTests/Maps/UEDPIE_1_L_ShooterTest_Basic.L_ShooterTest_Basic up for play (max tick rate 0) at 2026.09.09-19.27.14
[2026.09.09-10.27.14:518][604]LogWorld: Bringing up level for play took: 0.000755
[2026.09.09-10.27.14:519][604]LogLoad: Took 9.039265 seconds to LoadMap(/ShooterTests/Maps/L_ShooterTest_Basic)
[2026.09.09-10.27.14:519][604]LogGlobalStatus: UEngine::LoadMap Load map complete /ShooterTests/Maps/L_ShooterTest_Basic
[2026.09.09-10.27.14:519][604]LogGlobalStatus: UPendingNetGame::TravelCompleted Pending net game travel completed
[2026.09.09-10.27.14:519][604]LogLyraExperience: EXPERIENCE: OnExperienceLoadComplete(CurrentExperience = LyraExperienceDefinition:B_AutomatedShooterTest, Server)
[2026.09.09-10.27.14:626][604]LogLyraGamePhase: Beginning Phase 'ShooterGame.GamePhase.Warmup' (Phase_Warmup_C_0)
[2026.09.09-10.27.14:626][604]LogLyraGamePhase: Beginning Phase 'ShooterGame.GamePhase.Playing' (Phase_Playing_C_0)
[2026.09.09-10.27.14:626][604]LogLyraGamePhase: 	Ending Phase 'ShooterGame.GamePhase.Warmup' (Default__Phase_Warmup_C)
[2026.09.09-10.27.14:626][604]LogLyraGamePhase: Ended Phase 'ShooterGame.GamePhase.Warmup' (Phase_Warmup_C_0)
[2026.09.09-10.27.14:626][604]LogBlueprintUserMessages: [Phase_Warmup_C_0] Server: Warmup Phase Ended
[2026.09.09-10.27.14:626][604]LogBlueprintUserMessages: [Phase_Playing_C_0] Server: Playing Phase
[2026.09.09-10.27.14:653][604]LogMetaSound: Display: Resave recommended: Asset 'sfx_Character_FS_Base_nl_meta' at '/Game/Audio/MetaSounds/sfx_Character_FS_Base_nl_meta.sfx_Character_FS_Base_nl_meta' successfully migrated editor data in target document version 'v1.12'.
[2026.09.09-10.27.14:654][604]LogMetaSound: Display: Resave recommended: Asset 'sfx_Character_FS_Concrete_nl_meta' at '/Game/Audio/MetaSounds/sfx_Character_FS_Concrete_nl_meta.sfx_Character_FS_Concrete_nl_meta' successfully migrated editor data in target document version 'v1.12'.
[2026.09.09-10.27.14:661][604]LogMetaSound: Display: Resave recommended: Asset 'sfx_Character_FS_Glass_nl_meta' at '/Game/Audio/MetaSounds/sfx_Character_FS_Glass_nl_meta.sfx_Character_FS_Glass_nl_meta' successfully migrated editor data in target document version 'v1.12'.
[2026.09.09-10.27.14:664][604]LogMetaSound: Display: Resave recommended: Asset 'sfx_Character_Land_Concrete_nl_meta' at '/Game/Audio/MetaSounds/sfx_Character_Land_Concrete_nl_meta.sfx_Character_Land_Concrete_nl_meta' successfully migrated editor data in target document version 'v1.12'.
[2026.09.09-10.27.14:668][604]LogMetaSound: Display: Resave recommended: Asset 'sfx_Character_Land_Glass_nl_meta' at '/Game/Audio/MetaSounds/sfx_Character_Land_Glass_nl_meta.sfx_Character_Land_Glass_nl_meta' successfully migrated editor data in target document version 'v1.12'.
[2026.09.09-10.27.14:795][604]LogNiagara: Compiling System NiagaraSystem /Game/Effects/Particles/Environmental/NS_CharacterSpawnIn2.NS_CharacterSpawnIn2 took 0.118418 sec (time since issued).
[2026.09.09-10.27.14:795][604]LogNiagara: UNiagaraComponent> System /Game/Effects/Particles/Environmental/NS_CharacterSpawnIn2.NS_CharacterSpawnIn2 initialized.
[2026.09.09-10.27.14:806][604]LogGameFeatures: Display: Game feature 'ShooterCore' transitioned successfully. Ending state: Active [Active, Active]
[2026.09.09-10.27.14:840][604]LogAutomationController: Ignoring very large delta of 10.48 seconds in calls to FAutomationControllerManager::Tick() and not penalizing unresponsive tests
[2026.09.09-10.27.14:840][604]LogCqTest: Finished Collect PIE Worlds after 11329 milliseconds
[2026.09.09-10.27.14:841][604]LogHotfixManager: Display: Hotfix manager re-calling PatchAssetsFromIniFiles due to new plugins
[2026.09.09-10.27.14:841][604]LogHotfixManager: Display: Checking for assets to be patched using data from 'AssetHotfix' section in the Game .ini file
[2026.09.09-10.27.14:841][604]LogHotfixManager: Display: No assets were found in the 'AssetHotfix' section in the Game .ini file. No patching needed.
[2026.09.09-10.27.14:907][605]LogNet: UNetDriver::TickDispatch: Very long time between ticks. DeltaTime: 10.48, Realtime: 0.00. IpNetDriver_0
[2026.09.09-10.27.14:913][605]LogLoadingScreen: Hiding loading screen when 'IsShowingInitialLoadingScreen()' is false.
[2026.09.09-10.27.14:914][605]LogLoadingScreen: (nothing wants to show it anymore)
[2026.09.09-10.27.14:914][605]LogLoadingScreen: Garbage Collecting before dropping load screen
[2026.09.09-10.27.14:914][605]LogLoadingScreen: LoadingScreen was visible for 11.51s
[2026.09.09-10.27.14:914][605]LogNet: UNetDriver::TickDispatch: Very long time between ticks. DeltaTime: 10.48, Realtime: 0.00. IpNetDriver_1
[2026.09.09-10.27.14:933][605]LogCqTest: Starting Await connections
[2026.09.09-10.27.14:998][606]LogRenderer: Recreating Persistent SBTs due to initializer changes: 
		NumShaderSlotsPerGeometrySegment changed: current: 1 - new: 2
		NumGeometrySegments changed: current: 0 - new: 512
[2026.09.09-10.27.15:182][606]LogD3D12RHI: Waited for PSO creation for 100.000000ms
[2026.09.09-10.27.15:182][606]LogD3D12RHI: Waited for PSO creation for 100.000000ms
[2026.09.09-10.27.15:282][606]LogD3D12RHI: Waited for PSO creation for 200.000000ms
[2026.09.09-10.27.15:782][606]LogUObjectHash: Compacting FUObjectHashTables data took   3.35ms
[2026.09.09-10.27.15:788][606]LogNet: Client netspeed is 200000
[2026.09.09-10.27.15:789][606]LogNet: Join request: /Game/System/FrontEnd/Maps/L_LyraFrontEnd?Name=V304-18-E558F15B4A6FB7B52FD73098CFF37B98?SplitscreenCount=1
[2026.09.09-10.27.15:790][606]LogHttpServerModule: Starting all listeners...
[2026.09.09-10.27.15:790][606]LogHttpServerModule: All listeners started
[2026.09.09-10.27.15:800][606]LogGameplayTags: NetworkGameplayTagNodeIndexHash is 2c5c3309
[2026.09.09-10.27.15:814][606]LogPSOHitching: Encountered 250 PSO creation hitches so far (80 graphics, 170 compute). 0 of them were precached.
[2026.09.09-10.27.15:920][606]LogNiagara: Compiling System NiagaraSystem /Game/Effects/Particles/Environmental/NS_CharacterSpawnIn.NS_CharacterSpawnIn took 0.111263 sec (time since issued).
[2026.09.09-10.27.15:920][606]LogNiagara: UNiagaraComponent> System /Game/Effects/Particles/Environmental/NS_CharacterSpawnIn.NS_CharacterSpawnIn initialized.
[2026.09.09-10.27.15:920][606]LogNet: Join succeeded: V304-18-E558F15B4A6F
[2026.09.09-10.27.15:929][606]LogEnhancedInput: Enhanced Input local player subsystem has initalized the user settings!
[2026.09.09-10.27.15:929][606]LogCommonGame: [B_LyraUIPolicy_C_0] is adding player [LyraLocalPlayer_1]'s root layout [W_OverallUILayout_C_0] to the viewport
[2026.09.09-10.27.15:954][606]LogCqTest: Finished Await connections after 1021 milliseconds
[2026.09.09-10.27.16:068][607]LogAbilitySystem: Warning: UAbilityTask_PlayMontageAndWait call to PlayMontage failed!
[2026.09.09-10.27.16:068][607]LogAbilitySystem: Warning: UAbilityTask_PlayMontageAndWait called in Ability GA_SpawnEffect_C_0 failed to play montage AM_MM_Pistol_Spawn; Task Instance Name None.
[2026.09.09-10.27.16:069][607]LogD3D12RHI: Waited for PSO creation for 100.000000ms
[2026.09.09-10.27.16:069][607]LogD3D12RHI: Waited for PSO creation for 100.000000ms
[2026.09.09-10.27.16:069][607]LogD3D12RHI: Waited for PSO creation for 100.000000ms
[2026.09.09-10.27.16:102][607]LogCqTest: Running Server running
[2026.09.09-10.27.16:106][607]LogD3D12RHI: Waited for PSO creation for 100.000000ms
[2026.09.09-10.27.16:267][607]LogD3D12RHI: Waited for PSO creation for 100.000000ms
[2026.09.09-10.27.16:267][607]LogD3D12RHI: Waited for PSO creation for 100.000000ms
[2026.09.09-10.27.16:267][607]LogD3D12RHI: Waited for PSO creation for 100.000000ms
[2026.09.09-10.27.16:268][607]LogD3D12RHI: Waited for PSO creation for 100.000000ms
[2026.09.09-10.27.16:596][608]LogCqTest: Starting Check if world is loaded
[2026.09.09-10.27.16:598][608]LogCqTest: Finished Check if world is loaded after 0 milliseconds
[2026.09.09-10.27.16:646][609]LogHttpServerModule: Starting all listeners...
[2026.09.09-10.27.16:646][609]LogHttpServerModule: All listeners started
[2026.09.09-10.27.16:647][609]LogLyraExperience: EXPERIENCE: StartExperienceLoad(CurrentExperience = LyraExperienceDefinition:B_AutomatedShooterTest, Client)
[2026.09.09-10.27.16:668][609]LogLyraExperience: EXPERIENCE: OnExperienceLoadComplete(CurrentExperience = LyraExperienceDefinition:B_AutomatedShooterTest, Client)
[2026.09.09-10.27.16:729][609]LogCqTest: Starting Check if player is loaded
[2026.09.09-10.27.16:729][609]LogCqTest: Finished Check if player is loaded after 0 milliseconds
[2026.09.09-10.27.16:940][609]LogUIActionRouter: Display: Applying input config for leaf-most node [W_ShooterHUDLayout_C_0]
[2026.09.09-10.27.16:940][609]LogUIActionRouter: Display: UIInputConfig being changed. bForceRefresh: 1
[2026.09.09-10.27.16:940][609]LogUIActionRouter: Display: 	InputMode: Previous (None), New (ECommonInputMode::All)
[2026.09.09-10.27.16:940][609]LogViewport: Display: Viewport MouseCaptureMode Changed, CapturePermanently_IncludingInitialMouseDown -> CapturePermanently
[2026.09.09-10.27.16:941][609]LogViewport: Display: Viewport HideCursorDuringCapture Changed, False -> True
[2026.09.09-10.27.16:941][609]LogUIActionRouter: Display: [User 0] No focus target for leaf-most node [W_ShooterHUDLayout_C_0], and the widget isn't focusable - focusing the game viewport.
[2026.09.09-10.27.16:962][610]LogNiagara: UNiagaraComponent> System /Game/Effects/Particles/Environmental/NS_CharacterSpawnIn.NS_CharacterSpawnIn initialized.
[2026.09.09-10.27.18:081][610]LogNiagara: Compiling System NiagaraSystem /Game/Effects/Particles/Footsteps/NS_Footsteps.NS_Footsteps took 1.113342 sec (time since issued).
[2026.09.09-10.27.18:081][610]LogNiagara: UNiagaraComponent> System /Game/Effects/Particles/Footsteps/NS_Footsteps.NS_Footsteps initialized.
[2026.09.09-10.27.18:084][610]LogLoadingScreen: Hiding loading screen when 'IsShowingInitialLoadingScreen()' is false.
[2026.09.09-10.27.18:085][610]LogLoadingScreen: (nothing wants to show it anymore)
[2026.09.09-10.27.18:085][610]LogLoadingScreen: Garbage Collecting before dropping load screen
[2026.09.09-10.27.18:085][610]LogLoadingScreen: LoadingScreen was visible for 14.64s
[2026.09.09-10.27.18:106][610]LogCqTest: Running Prepare player
[2026.09.09-10.27.18:161][611]LogUObjectHash: Compacting FUObjectHashTables data took   1.20ms
[2026.09.09-10.27.18:174][611]LogRenderer: Recreating Persistent SBTs due to initializer changes: 
		NumShaderSlotsPerGeometrySegment changed: current: 1 - new: 2
		NumGeometrySegments changed: current: 0 - new: 512
[2026.09.09-10.27.18:244][611]LogPSOHitching: Encountered 300 PSO creation hitches so far (105 graphics, 195 compute). 0 of them were precached.
[2026.09.09-10.27.18:368][611]LogCqTest: Starting Wait until player is fully spawned
[2026.09.09-10.27.18:790][634]LogCqTest: Finished Wait until player is fully spawned after 422 milliseconds
[2026.09.09-10.27.18:808][635]LogCqTest: Starting Check if world is loaded
[2026.09.09-10.27.18:808][635]LogCqTest: Finished Check if world is loaded after 0 milliseconds
[2026.09.09-10.27.18:829][636]LogCqTest: Starting Check if player is loaded
[2026.09.09-10.27.18:829][636]LogCqTest: Finished Check if player is loaded after 0 milliseconds
[2026.09.09-10.27.18:846][637]LogCqTest: Running Prepare player
[2026.09.09-10.27.18:864][638]LogCqTest: Starting Wait until player is fully spawned
[2026.09.09-10.27.19:242][660]LogAbilitySystem: Warning: GameplayCueNotify_Actor GCNL_Spawning_C_0 had active timelines when it was recycled.
[2026.09.09-10.27.19:254][660]LogCqTest: Finished Wait until player is fully spawned after 390 milliseconds
[2026.09.09-10.27.19:270][661]LogCqTest: Running Fetch the connected client pawn
[2026.09.09-10.27.19:289][662]LogCqTest: Running Fetch the connected server pawn
[2026.09.09-10.27.19:306][663]LogCqTest: RunTest
[2026.09.09-10.27.19:323][664]LogCqTest: Running ၀䙔ǟ
[2026.09.09-10.27.19:339][665]LogCqTest: Running ǟ
[2026.09.09-10.27.19:355][666]LogCqTest: Running Performing input action on the local client player.
[2026.09.09-10.27.19:372][667]LogCqTest: Starting Check if the local player on the client is playing the expected animation.
[2026.09.09-10.27.19:666][676]LogNiagara: UNiagaraComponent> System /Game/Effects/Particles/Footsteps/NS_Footsteps.NS_Footsteps initialized.
[2026.09.09-10.27.19:873][687]LogCqTest: Finished Check if the local player on the client is playing the expected animation. after 501 milliseconds
[2026.09.09-10.27.19:889][688]LogCqTest: Starting Check if the connected player on the server is playing the expected animation.
[2026.09.09-10.27.19:973][693]LogCqTest: Finished Check if the connected player on the server is playing the expected animation. after 85 milliseconds
[2026.09.09-10.27.19:989][694]LogCqTest: Running Stopping all input actions on the local client player.
[2026.09.09-10.27.20:005][695]LogCqTest: Running 䚵
[2026.09.09-10.27.20:025][696]LogCqTest: Running ꌀǟ
[2026.09.09-10.27.20:041][697]LogCqTest: Running Performing input action on the local client player.
[2026.09.09-10.27.20:058][698]LogCqTest: Starting Check if the local player on the client is playing the expected animation.
[2026.09.09-10.27.21:099][760]LogCqTest: Finished Check if the local player on the client is playing the expected animation. after 1041 milliseconds
[2026.09.09-10.27.21:115][761]LogCqTest: Starting Check if the connected player on the server is playing the expected animation.
[2026.09.09-10.27.21:198][766]LogCqTest: Finished Check if the connected player on the server is playing the expected animation. after 83 milliseconds
[2026.09.09-10.27.21:219][767]LogCqTest: Running Stopping all input actions on the local client player.
[2026.09.09-10.27.21:236][768]LogCqTest: Running 䙔ǟ
[2026.09.09-10.27.21:253][769]LogCqTest: Running 넀ǟ
[2026.09.09-10.27.21:268][770]LogCqTest: Running Performing input action on the local client player.
[2026.09.09-10.27.21:285][771]LogCqTest: Starting Check if the local player on the client is playing the expected animation.
[2026.09.09-10.27.21:386][777]LogCqTest: Finished Check if the local player on the client is playing the expected animation. after 101 milliseconds
[2026.09.09-10.27.21:403][778]LogCqTest: Starting Check if the connected player on the server is playing the expected animation.
[2026.09.09-10.27.21:456][781]LogCqTest: Finished Check if the connected player on the server is playing the expected animation. after 53 milliseconds
[2026.09.09-10.27.21:474][782]LogCqTest: Running Stopping all input actions on the local client player.
[2026.09.09-10.27.21:492][783]LogCqTest: Running 
[2026.09.09-10.27.21:508][784]LogCqTest: Running ＀ǟ
[2026.09.09-10.27.21:527][785]LogCqTest: Running Performing input action on the local client player.
[2026.09.09-10.27.21:544][786]LogCqTest: Starting Check if the local player on the client is playing the expected animation.
[2026.09.09-10.27.22:679][852]LogNiagara: UNiagaraComponent> System /Game/Effects/Particles/Environmental/NS_CharacterSpawnIn2.NS_CharacterSpawnIn2 completed.
[2026.09.09-10.27.23:044][873]LogCqTest: Finished Check if the local player on the client is playing the expected animation. after 1500 milliseconds
[2026.09.09-10.27.23:062][874]LogCqTest: Starting Check if the connected player on the server is playing the expected animation.
[2026.09.09-10.27.23:086][876]LogNiagara: UNiagaraComponent> System /Game/Effects/Particles/Environmental/NS_CharacterSpawnIn.NS_CharacterSpawnIn completed.
[2026.09.09-10.27.23:132][879]LogNiagara: UNiagaraComponent> System /Game/Effects/Particles/Environmental/NS_CharacterSpawnIn.NS_CharacterSpawnIn completed.
[2026.09.09-10.27.23:160][880]LogCqTest: Finished Check if the connected player on the server is playing the expected animation. after 98 milliseconds
[2026.09.09-10.27.23:176][881]LogCqTest: Running Stopping all input actions on the local client player.
[2026.09.09-10.27.23:192][882]LogCqTest: Running After Test
[2026.09.09-10.27.23:208][883]LogCqTest: Running TearDown Network Component
[2026.09.09-10.27.23:217][884]LogBackChannel: Closing connection FBackChannelConnection Client Socket
[2026.09.09-10.27.23:218][884]LogCommonGame: RemoveLocalPlayer: Unsetting Primary Player from LyraLocalPlayer_1
[2026.09.09-10.27.23:218][884]LogCommonGame: [B_LyraUIPolicy_C_0] is removing player [LyraLocalPlayer_1]'s root layout [W_OverallUILayout_C_0] from the viewport
[2026.09.09-10.27.23:220][884]LogSlate: Updating window title bar state: overlay mode, drag disabled, window buttons hidden, title bar hidden
[2026.09.09-10.27.23:220][884]LogWorld: BeginTearingDown for /ShooterTests/Maps/UEDPIE_1_L_ShooterTest_Basic
[2026.09.09-10.27.23:221][884]LogSlate: Window 'LyraStarterGame 프리뷰 [NetMode: Client 1]  (64-bit/PC D3D SM6)' being destroyed
[2026.09.09-10.27.23:246][884]LogBlueprintUserMessages: [NameplateManagerComponent_C] Client -1: NameplateManager Shutdown
[2026.09.09-10.27.23:249][884]LogWorld: UWorld::CleanupWorld for L_ShooterTest_Basic, bSessionEnded=true, bCleanupResources=true
[2026.09.09-10.27.23:250][884]LogNiagara: UNiagaraComponent> System /Game/Effects/Particles/Footsteps/NS_Footsteps.NS_Footsteps completed.
[2026.09.09-10.27.23:250][884]LogNiagara: UNiagaraComponent> System /Game/Effects/Particles/Footsteps/NS_Footsteps.NS_Footsteps completed.
[2026.09.09-10.27.23:250][884]LogSlate: InvalidateAllWidgets triggered.  All widgets were invalidated
[2026.09.09-10.27.23:252][884]LogNet: World NetDriver shutdown IpNetDriver_1 [GameNetDriver]
[2026.09.09-10.27.23:252][884]LogNet: DestroyNamedNetDriver: Name:GameNetDriver Def:GameNetDriver IpNetDriver_1 
[2026.09.09-10.27.23:252][884]LogNet: UNetConnection::Close: [UNetConnection] RemoteAddr: 127.0.0.1:17777, Name: IpConnection_0, Driver: Name:GameNetDriver Def:GameNetDriver IpNetDriver_1, IsServer: NO, PC: LyraPlayerController_0, Owner: LyraPlayerController_0, UniqueId: NULL:V304-18-E558F15B4A6FB7B52FD73098CFF37B98, Channels: 18, Time: 2026.09.09-10.27.23
[2026.09.09-10.27.23:252][884]LogNet: UChannel::Close: Sending CloseBunch. ChIndex == 0. Name: [UChannel] ChIndex: 0, Closing: 0 [UNetConnection] RemoteAddr: 127.0.0.1:17777, Name: IpConnection_0, Driver: Name:GameNetDriver Def:GameNetDriver IpNetDriver_1, IsServer: NO, PC: LyraPlayerController_0, Owner: LyraPlayerController_0, UniqueId: NULL:V304-18-E558F15B4A6FB7B52FD73098CFF37B98
[2026.09.09-10.27.23:253][884]LogExit: Name:GameNetDriver Def:GameNetDriver IpNetDriver_1 shut down
[2026.09.09-10.27.23:253][884]LogWorld: BeginTearingDown for /ShooterTests/Maps/UEDPIE_0_L_ShooterTest_Basic
[2026.09.09-10.27.23:254][884]LogCommonGame: RemoveLocalPlayer: Unsetting Primary Player from LyraLocalPlayer_0
[2026.09.09-10.27.23:258][884]LogBlueprintUserMessages: [NameplateManagerComponent_C] Server: NameplateManager Shutdown
[2026.09.09-10.27.23:258][884]LogSlate: Updating window title bar state: overlay mode, drag disabled, window buttons hidden, title bar hidden
[2026.09.09-10.27.23:263][884]LogChartCreation: Stopped creating FPS charts at 18112451.254533 seconds
[2026.09.09-10.27.23:263][884]LogWorld: UWorld::CleanupWorld for L_ShooterTest_Basic, bSessionEnded=true, bCleanupResources=true
[2026.09.09-10.27.23:263][884]LogLyraGamePhase: Ended Phase 'ShooterGame.GamePhase.Playing' (Phase_Playing_C_0)
[2026.09.09-10.27.23:263][884]LogBlueprintUserMessages: [Phase_Playing_C_0] Server: Playing Phase Ended
[2026.09.09-10.27.23:264][884]LogSlate: InvalidateAllWidgets triggered.  All widgets were invalidated
[2026.09.09-10.27.23:265][884]LogNet: World NetDriver shutdown IpNetDriver_0 [GameNetDriver]
[2026.09.09-10.27.23:265][884]LogNet: DestroyNamedNetDriver: Name:GameNetDriver Def:GameNetDriver IpNetDriver_0 
[2026.09.09-10.27.23:265][884]LogNet: UNetConnection::SendCloseReason:
[2026.09.09-10.27.23:265][884]LogNet:  - Result=HostClosedConnection, ErrorContext="HostClosedConnection"
[2026.09.09-10.27.23:265][884]LogNet: UNetConnection::Cleanup: Closing open connection. [UNetConnection] RemoteAddr: 127.0.0.1:54991, Name: IpConnection_1, Driver: Name:GameNetDriver Def:GameNetDriver IpNetDriver_0, IsServer: YES, PC: LyraPlayerController_1, Owner: LyraPlayerController_1, UniqueId: NULL:V304-18-E558F15B4A6FB7B52FD73098CFF37B98
[2026.09.09-10.27.23:265][884]LogNet: UNetConnection::Close: [UNetConnection] RemoteAddr: 127.0.0.1:54991, Name: IpConnection_1, Driver: Name:GameNetDriver Def:GameNetDriver IpNetDriver_0, IsServer: YES, PC: LyraPlayerController_1, Owner: LyraPlayerController_1, UniqueId: NULL:V304-18-E558F15B4A6FB7B52FD73098CFF37B98, Channels: 18, Time: 2026.09.09-10.27.23
[2026.09.09-10.27.23:265][884]LogNet: UNetConnection::SendCloseReason:
[2026.09.09-10.27.23:265][884]LogNet:  - Result=Cleanup, ErrorContext="Cleanup"
[2026.09.09-10.27.23:265][884]LogNet: UChannel::Close: Sending CloseBunch. ChIndex == 0. Name: [UChannel] ChIndex: 0, Closing: 0 [UNetConnection] RemoteAddr: 127.0.0.1:54991, Name: IpConnection_1, Driver: Name:GameNetDriver Def:GameNetDriver IpNetDriver_0, IsServer: YES, PC: LyraPlayerController_1, Owner: LyraPlayerController_1, UniqueId: NULL:V304-18-E558F15B4A6FB7B52FD73098CFF37B98
[2026.09.09-10.27.23:266][884]LogNet: UNetDriver::RemoveClientConnection - Removed address 127.0.0.1:54991 from MappedClientConnections for: [UNetConnection] RemoteAddr: 127.0.0.1:54991, Name: IpConnection_1, Driver: Name:GameNetDriver Def:GameNetDriver IpNetDriver_0, IsServer: YES, PC: LyraPlayerController_1, Owner: LyraPlayerController_1, UniqueId: NULL:V304-18-E558F15B4A6FB7B52FD73098CFF37B98
[2026.09.09-10.27.23:266][884]LogExit: Name:GameNetDriver Def:GameNetDriver IpNetDriver_0 shut down
[2026.09.09-10.27.23:266][884]LogPlayLevel: Display: Shutting down PIE online subsystems
[2026.09.09-10.27.23:278][884]LogSlate: InvalidateAllWidgets triggered.  All widgets were invalidated
[2026.09.09-10.27.23:313][884]LogSlate: Updating window title bar state: overlay mode, drag disabled, window buttons hidden, title bar hidden
[2026.09.09-10.27.23:326][884]LogUObjectHash: Compacting FUObjectHashTables data took   1.06ms
[2026.09.09-10.27.23:354][884]LogCqTest: Tearing Down Test
[2026.09.09-10.27.23:357][884]LogSlate: InvalidateAllWidgets triggered.  All widgets were invalidated
[2026.09.09-10.27.23:357][884]LogGameFeatures: Display: Game feature 'ShooterCore' transitioned successfully. Ending state: Loaded [Terminal, Loaded]
[2026.09.09-10.27.23:360][885]LogPlayLevel: Display: Destroying online subsystem :Context_2
[2026.09.09-10.27.23:362][885]LogPlayLevel: Display: Destroying online subsystem :Context_1
[2026.09.09-10.27.23:369][885]LogAutomationController: Display: Test Completed. Result={Success} Name={ClientPlayer_QuinnMovement} Path={Project.Functional Tests.ShooterTests.Actor.Replication.InputAnimationTest.ClientPlayer_QuinnMovement}
[2026.09.09-10.27.23:369][885]LogAutomationController: BeginEvents: Project.Functional Tests.ShooterTests.Actor.Replication.InputAnimationTest.ClientPlayer_QuinnMovement
[2026.09.09-10.27.23:369][885]LogAutomationController: EndEvents: Project.Functional Tests.ShooterTests.Actor.Replication.InputAnimationTest.ClientPlayer_QuinnMovement
[2026.09.09-10.27.23:370][885]LogAutomationController: Sending RunTest NetworkPlayers_Crouch to 94F364AE4DA97C39FB1773A614074E3D
[2026.09.09-10.27.23:370][886]LogAutomationController: Display: Test Started. Name={NetworkPlayers_Crouch} Path={Project.Functional Tests.ShooterTests.Actor.Replication.InputAnimationTest.NetworkPlayers_Crouch}
[2026.09.09-10.27.23:375][886]LogAutomationWorker: Received RunTests NetworkPlayers_Crouch from 6ABA8B6D46FE01CCCEF2F19B78A421BC
[2026.09.09-10.27.23:375][886]LogCqTest: Before Test
[2026.09.09-10.27.23:376][886]Cmd: MAP LOAD FILE="../../../../../../Users/user/Documents/Unreal Projects/LyraStarterGame/Plugins/GameFeatures/ShooterTests/Content/Maps/L_ShooterTest_Basic.umap" TEMPLATE=0 SHOWPROGRESS=0 FEATURELEVEL=4
[2026.09.09-10.27.23:413][886]LogWorld: UWorld::CleanupWorld for L_ShooterTest_Basic, bSessionEnded=true, bCleanupResources=true
[2026.09.09-10.27.23:413][886]LogSlate: InvalidateAllWidgets triggered.  All widgets were invalidated
[2026.09.09-10.27.23:446][886]LogUObjectHash: Compacting FUObjectHashTables data took   1.15ms
[2026.09.09-10.27.23:449][886]LogStreaming: Display: FlushAsyncLoading(492): 1 QueuedPackages, 0 AsyncPackages
[2026.09.09-10.27.23:453][886]LogChaosDD: Creating Chaos Debug Draw Scene for world L_ShooterTest_Basic
[2026.09.09-10.27.23:470][886]LogEditorServer: Finished looking for orphan Actors (0.000 secs)
[2026.09.09-10.27.23:504][886]LogUObjectHash: Compacting FUObjectHashTables data took   0.94ms
[2026.09.09-10.27.23:517][886]Cmd: MAP CHECKDEP NOCLEARLOG
[2026.09.09-10.27.23:517][886]MapCheck: 맵 체크 완료: 오류 0 회, 경고 0 회, 소요 시간 0.078ms.
[2026.09.09-10.27.23:526][887]LogRenderer: Recreating Persistent SBTs due to initializer changes: 
		NumShaderSlotsPerGeometrySegment changed: current: 1 - new: 2
		NumGeometrySegments changed: current: 0 - new: 512
[2026.09.09-10.27.23:535][887]LogCqTest: Running Starting Network Component server
[2026.09.09-10.27.23:536][887]LogUMGEditor: Disabling Slate Post Buffers for multi-window PIE session, currently not supported.
[2026.09.09-10.27.23:536][887]LogStats: PreBeginPIE asset preloading complete -  0.000 s
[2026.09.09-10.27.23:537][887]LogPlayLevel: PlayLevel: No blueprints needed recompiling
[2026.09.09-10.27.23:537][887]LogPlayLevel: Creating play world package: /ShooterTests/Maps/UEDPIE_0_L_ShooterTest_Basic
[2026.09.09-10.27.23:541][887]LogPlayLevel: PIE: StaticDuplicateObject took: (0.003476s)
[2026.09.09-10.27.23:541][887]LogPlayLevel: PIE: Created PIE world by copying editor world from /ShooterTests/Maps/L_ShooterTest_Basic.L_ShooterTest_Basic to /ShooterTests/Maps/UEDPIE_0_L_ShooterTest_Basic.L_ShooterTest_Basic (0.003535s)
[2026.09.09-10.27.23:571][887]LogUObjectHash: Compacting FUObjectHashTables data took   1.01ms
[2026.09.09-10.27.23:576][887]LogOnline: OSS: Created online subsystem instance for: :Context_3
[2026.09.09-10.27.23:577][887]LogChartCreation: Started creating FPS charts at 18112451.568253 seconds
[2026.09.09-10.27.23:577][887]LogChaosDD: Creating Chaos Debug Draw Scene for world L_ShooterTest_Basic
[2026.09.09-10.27.23:580][887]LogPlayLevel: PIE: World Init took: (0.002785s)
[2026.09.09-10.27.23:582][887]LogUIActionRouter: Display: Found 0 derived classes when attemping to create action router (CommonUIActionRouterBase)
[2026.09.09-10.27.23:582][887]LogCommonGame: AddLocalPlayer: Set LyraLocalPlayer_2 to Primary Player
[2026.09.09-10.27.23:591][887]LogLoad: Game class is 'LyraGameMode'
[2026.09.09-10.27.23:592][887]LogWorld: Bringing World /ShooterTests/Maps/UEDPIE_0_L_ShooterTest_Basic.L_ShooterTest_Basic up for play (max tick rate 0) at 2026.09.09-19.27.23
[2026.09.09-10.27.23:592][887]LogWorld: Bringing up level for play took: 0.001576
[2026.09.09-10.27.23:594][887]LogEnhancedInput: Enhanced Input local player subsystem has initalized the user settings!
[2026.09.09-10.27.23:594][887]LogCommonGame: [B_LyraUIPolicy_C_0] is adding player [LyraLocalPlayer_2]'s root layout [W_OverallUILayout_C_0] to the viewport
[2026.09.09-10.27.23:595][887]LogLyraRepGraph: Display: Replication graph is disabled via LyraReplicationGraphSettings.
[2026.09.09-10.27.23:596][887]LogNetCore: DDoS detection status: detection enabled: 0 analytics enabled: 0
[2026.09.09-10.27.23:596][887]LogNet: Applying EmulationProfile Average
[2026.09.09-10.27.23:596][887]LogPushModel: PushModel HandleCreation is now enabled
[2026.09.09-10.27.23:596][887]LogNet: InitBase GameNetDriver (NetDriverDefinition GameNetDriver) using replication model Generic
[2026.09.09-10.27.23:596][887]LogInit: WinSock: Socket queue. Rx: 131072 (config 131072) Tx: 131072 (config 131072)
[2026.09.09-10.27.23:597][887]LogNet: Created socket for bind address: 0.0.0.0:17777
[2026.09.09-10.27.23:597][887]PacketHandlerLog: Loaded PacketHandler component: Engine.EngineHandlerComponentFactory (StatelessConnectHandlerComponent)
[2026.09.09-10.27.23:597][887]LogNet: Name:GameNetDriver Def:GameNetDriver IpNetDriver_2 IpNetDriver listening on port 17777
[2026.09.09-10.27.23:597][887]LogHttpServerModule: Starting all listeners...
[2026.09.09-10.27.23:597][887]LogHttpServerModule: All listeners started
[2026.09.09-10.27.23:598][887]PIE: 서버가 로그인했습니다.
[2026.09.09-10.27.23:602][887]PIE: 에디터에서 플레이 총 시작 시간 0.067초입니다.
[2026.09.09-10.27.23:607][887]LogOnline: OSS: Created online subsystem instance for: :Context_4
[2026.09.09-10.27.23:607][887]LogChaosDD: Creating Chaos Debug Draw Scene for world Untitled
[2026.09.09-10.27.23:611][887]LogPlayLevel: PIE: World Init took: (0.003634s)
[2026.09.09-10.27.23:613][887]LogUIActionRouter: Display: Found 0 derived classes when attemping to create action router (CommonUIActionRouterBase)
[2026.09.09-10.27.23:614][887]LogCommonGame: AddLocalPlayer: Set LyraLocalPlayer_3 to Primary Player
[2026.09.09-10.27.23:666][887]LogSlate: Updating window title bar state: overlay mode, drag disabled, window buttons hidden, title bar hidden
[2026.09.09-10.27.23:667][887]LogGlobalStatus: UEngine::Browse Started Browse: "127.0.0.1:17777/Game/System/FrontEnd/Maps/L_LyraFrontEnd"
[2026.09.09-10.27.23:667][887]LogNet: Browse: 127.0.0.1:17777/Game/System/FrontEnd/Maps/L_LyraFrontEnd
[2026.09.09-10.27.23:667][887]LogPushModel: PushModel HandleCreation is now enabled
[2026.09.09-10.27.23:667][887]LogNet: InitBase PendingNetDriver (NetDriverDefinition GameNetDriver) using replication model Generic
[2026.09.09-10.27.23:668][887]LogInit: WinSock: Socket queue. Rx: 32768 (config 32768) Tx: 32768 (config 32768)
[2026.09.09-10.27.23:668][887]LogNet: Created socket for bind address: 0.0.0.0:0
[2026.09.09-10.27.23:668][887]LogNet: IpConnection_2 setting maximum channels to: 32767
[2026.09.09-10.27.23:668][887]PacketHandlerLog: Loaded PacketHandler component: Engine.EngineHandlerComponentFactory (StatelessConnectHandlerComponent)
[2026.09.09-10.27.23:668][887]LogHandshake: Stateless Handshake: NetDriverDefinition 'GameNetDriver' CachedClientID: 3
[2026.09.09-10.27.23:668][887]LogNet: Game client on port 17777, rate 200000
[2026.09.09-10.27.23:675][887]PIE: 클라이언트가 로그인했습니다.
[2026.09.09-10.27.23:678][887]PIE: 에디터에서 플레이 총 시작 시간 0.142초입니다.
[2026.09.09-10.27.23:678][887]LogBackChannel: Listening on FBackChannelConnection Client Socket (localport: 2049)
[2026.09.09-10.27.23:678][887]LogRemoteSession: Started listening on port 2049
[2026.09.09-10.27.23:680][887]LogSlate: InvalidateAllWidgets triggered.  All widgets were invalidated
[2026.09.09-10.27.23:691][888]LogLyraExperience: Identified experience LyraExperienceDefinition:B_AutomatedShooterTest (Source: WorldSettings)
[2026.09.09-10.27.23:691][888]LogLyraExperience: EXPERIENCE: StartExperienceLoad(CurrentExperience = LyraExperienceDefinition:B_AutomatedShooterTest, Server)
[2026.09.09-10.27.23:691][888]LogLoadingScreen: Showing loading screen when 'IsShowingInitialLoadingScreen()' is false.
[2026.09.09-10.27.23:691][888]LogLoadingScreen: Experience still loading
[2026.09.09-10.27.23:692][888]LogLoadingScreen: Loading screen showing: 1. Reason: Experience still loading
[2026.09.09-10.27.23:693][888]LogLoadingScreen: Showing loading screen when 'IsShowingInitialLoadingScreen()' is false.
[2026.09.09-10.27.23:693][888]LogLoadingScreen: GameState hasn't yet replicated (it's null)
[2026.09.09-10.27.23:696][888]LogLoadingScreen: Loading screen showing: 1. Reason: GameState hasn't yet replicated (it's null)
[2026.09.09-10.27.23:696][888]LogLyraExperience: EXPERIENCE: OnExperienceLoadComplete(CurrentExperience = LyraExperienceDefinition:B_AutomatedShooterTest, Server)
[2026.09.09-10.27.23:717][888]LogLyraGamePhase: Beginning Phase 'ShooterGame.GamePhase.Warmup' (Phase_Warmup_C_0)
[2026.09.09-10.27.23:717][888]LogLyraGamePhase: Beginning Phase 'ShooterGame.GamePhase.Playing' (Phase_Playing_C_0)
[2026.09.09-10.27.23:717][888]LogLyraGamePhase: 	Ending Phase 'ShooterGame.GamePhase.Warmup' (Default__Phase_Warmup_C)
[2026.09.09-10.27.23:717][888]LogLyraGamePhase: Ended Phase 'ShooterGame.GamePhase.Warmup' (Phase_Warmup_C_0)
[2026.09.09-10.27.23:717][888]LogBlueprintUserMessages: [Phase_Warmup_C_0] Server: Warmup Phase Ended
[2026.09.09-10.27.23:717][888]LogBlueprintUserMessages: [Phase_Playing_C_0] Server: Playing Phase
[2026.09.09-10.27.23:732][888]LogNiagara: UNiagaraComponent> System /Game/Effects/Particles/Environmental/NS_CharacterSpawnIn.NS_CharacterSpawnIn initialized.
[2026.09.09-10.27.23:738][888]LogGameFeatures: Display: Game feature 'ShooterCore' transitioned successfully. Ending state: Active [Active, Active]
[2026.09.09-10.27.23:772][888]LogCqTest: Starting Collect PIE Worlds
[2026.09.09-10.27.23:816][889]LogUIActionRouter: Cleaned out [2] inactive UI action bindings
[2026.09.09-10.27.23:824][889]LogLoadingScreen: Hiding loading screen when 'IsShowingInitialLoadingScreen()' is false.
[2026.09.09-10.27.23:824][889]LogLoadingScreen: (nothing wants to show it anymore)
[2026.09.09-10.27.23:824][889]LogLoadingScreen: Garbage Collecting before dropping load screen
[2026.09.09-10.27.23:824][889]LogLoadingScreen: LoadingScreen was visible for 0.13s
[2026.09.09-10.27.23:865][890]LogRenderer: Recreating Persistent SBTs due to initializer changes: 
		NumShaderSlotsPerGeometrySegment changed: current: 1 - new: 2
		NumGeometrySegments changed: current: 0 - new: 512
[2026.09.09-10.27.23:929][890]LogUObjectHash: Compacting FUObjectHashTables data took   1.02ms
[2026.09.09-10.27.24:683][949]LogNet: NotifyAcceptingConnection accepted from: 127.0.0.1:50435
[2026.09.09-10.27.24:684][949]LogHandshake: SendConnectChallenge. Timestamp: 1.161697, Cookie: 069093089195141215120163186250060222020173245232077013003146
[2026.09.09-10.27.24:688][949]LogHandshake: Cached server SessionID: 0
[2026.09.09-10.27.24:688][949]LogHandshake: SendChallengeResponse. Timestamp: 1.161697, Cookie: 069093089195141215120163186250060222020173245232077013003146
[2026.09.09-10.27.24:700][950]LogNet: NotifyAcceptingConnection accepted from: 127.0.0.1:50435
[2026.09.09-10.27.24:700][950]LogHandshake: SendChallengeAck. InCookie: 069093089195141215120163186250060222020173245232077013003146
[2026.09.09-10.27.24:700][950]LogNet: Server accepting post-challenge connection from: 127.0.0.1:50435
[2026.09.09-10.27.24:700][950]LogNet: IpConnection_3 setting maximum channels to: 32767
[2026.09.09-10.27.24:700][950]PacketHandlerLog: Loaded PacketHandler component: Engine.EngineHandlerComponentFactory (StatelessConnectHandlerComponent)
[2026.09.09-10.27.24:700][950]LogNet: NotifyAcceptedConnection: Name: L_ShooterTest_Basic, TimeStamp: 09/09/26 19:27:24, [UNetConnection] RemoteAddr: 127.0.0.1:50435, Name: IpConnection_3, Driver: Name:GameNetDriver Def:GameNetDriver IpNetDriver_2, IsServer: YES, PC: NULL, Owner: NULL, UniqueId: INVALID
[2026.09.09-10.27.24:700][950]LogNet: AddClientConnection: Added client connection: [UNetConnection] RemoteAddr: 127.0.0.1:50435, Name: IpConnection_3, Driver: Name:GameNetDriver Def:GameNetDriver IpNetDriver_2, IsServer: YES, PC: NULL, Owner: NULL, UniqueId: INVALID
[2026.09.09-10.27.24:703][950]LogNet: UPendingNetGame::SendInitialJoin: Sending hello. [UNetConnection] RemoteAddr: 127.0.0.1:17777, Name: IpConnection_2, Driver: Name:PendingNetDriver Def:GameNetDriver IpNetDriver_3, IsServer: NO, PC: NULL, Owner: NULL, UniqueId: INVALID
[2026.09.09-10.27.24:769][956]LogNet: NotifyAcceptingChannel Control 0 server World /ShooterTests/Maps/UEDPIE_0_L_ShooterTest_Basic.L_ShooterTest_Basic: Accepted
[2026.09.09-10.27.24:770][956]LogNet: Remote platform little endian=1
[2026.09.09-10.27.24:770][956]LogNet: This platform little endian=1
[2026.09.09-10.27.24:869][964]LogNet: Login request: ?Name=V304-18-A359E55D424223F92496C4AD5B3F1D94 userId: NULL:V304-18-A359E55D424223F92496C4AD5B3F1D94 platform: NULL
[2026.09.09-10.27.24:918][967]LogNet: Welcomed by server (Level: /ShooterTests/Maps/UEDPIE_0_L_ShooterTest_Basic, Game: /Script/LyraGame.LyraGameMode)
[2026.09.09-10.27.24:919][967]LogLoad: LoadMap: 127.0.0.1:17777/ShooterTests/Maps/L_ShooterTest_Basic?game=/Script/LyraGame.LyraGameMode
[2026.09.09-10.27.24:919][967]LogWorld: BeginTearingDown for /Temp/Untitled_2
[2026.09.09-10.27.24:919][967]LogWorld: UWorld::CleanupWorld for Untitled, bSessionEnded=true, bCleanupResources=true
[2026.09.09-10.27.24:919][967]LogSlate: InvalidateAllWidgets triggered.  All widgets were invalidated
[2026.09.09-10.27.24:955][967]LogUObjectHash: Compacting FUObjectHashTables data took   0.96ms
[2026.09.09-10.27.24:960][967]LogChaosDD: Creating Chaos Debug Draw Scene for world L_ShooterTest_Basic
[2026.09.09-10.27.24:962][967]LogPlayLevel: PIE: World Init took: (0.002835s)
[2026.09.09-10.27.24:963][967]LogWorld: Bringing World /ShooterTests/Maps/UEDPIE_1_L_ShooterTest_Basic.L_ShooterTest_Basic up for play (max tick rate 0) at 2026.09.09-19.27.24
[2026.09.09-10.27.24:963][967]LogWorld: Bringing up level for play took: 0.000605
[2026.09.09-10.27.24:964][967]LogLoad: Took 0.045299 seconds to LoadMap(/ShooterTests/Maps/L_ShooterTest_Basic)
[2026.09.09-10.27.24:964][967]LogGlobalStatus: UEngine::LoadMap Load map complete /ShooterTests/Maps/L_ShooterTest_Basic
[2026.09.09-10.27.24:964][967]LogGlobalStatus: UPendingNetGame::TravelCompleted Pending net game travel completed
[2026.09.09-10.27.24:974][967]LogCqTest: Finished Collect PIE Worlds after 1202 milliseconds
[2026.09.09-10.27.24:985][968]LogCqTest: Starting Await connections
[2026.09.09-10.27.25:020][971]LogNet: Client netspeed is 200000
[2026.09.09-10.27.25:031][972]LogNet: Join request: /Game/System/FrontEnd/Maps/L_LyraFrontEnd?Name=V304-18-A359E55D424223F92496C4AD5B3F1D94?SplitscreenCount=1
[2026.09.09-10.27.25:032][972]LogHttpServerModule: Starting all listeners...
[2026.09.09-10.27.25:032][972]LogHttpServerModule: All listeners started
[2026.09.09-10.27.25:048][972]LogNiagara: UNiagaraComponent> System /Game/Effects/Particles/Environmental/NS_CharacterSpawnIn2.NS_CharacterSpawnIn2 initialized.
[2026.09.09-10.27.25:048][972]LogNet: Join succeeded: V304-18-A359E55D4242
[2026.09.09-10.27.25:061][972]LogCqTest: Finished Await connections after 76 milliseconds
[2026.09.09-10.27.25:077][973]LogCqTest: Running Server running
[2026.09.09-10.27.25:084][974]LogEnhancedInput: Enhanced Input local player subsystem has initalized the user settings!
[2026.09.09-10.27.25:084][974]LogCommonGame: [B_LyraUIPolicy_C_0] is adding player [LyraLocalPlayer_3]'s root layout [W_OverallUILayout_C_0] to the viewport
[2026.09.09-10.27.25:096][974]LogCqTest: Starting Check if world is loaded
[2026.09.09-10.27.25:096][974]LogCqTest: Finished Check if world is loaded after 0 milliseconds
[2026.09.09-10.27.25:104][975]LogAbilitySystem: Warning: UAbilityTask_PlayMontageAndWait call to PlayMontage failed!
[2026.09.09-10.27.25:104][975]LogAbilitySystem: Warning: UAbilityTask_PlayMontageAndWait called in Ability GA_SpawnEffect_C_0 failed to play montage AM_MM_Pistol_Spawn; Task Instance Name None.
[2026.09.09-10.27.25:110][975]LogCqTest: Starting Check if player is loaded
[2026.09.09-10.27.25:110][975]LogCqTest: Finished Check if player is loaded after 0 milliseconds
[2026.09.09-10.27.25:136][976]LogCqTest: Running Prepare player
[2026.09.09-10.27.25:144][977]LogHttpServerModule: Starting all listeners...
[2026.09.09-10.27.25:144][977]LogHttpServerModule: All listeners started
[2026.09.09-10.27.25:145][977]LogLyraExperience: EXPERIENCE: StartExperienceLoad(CurrentExperience = LyraExperienceDefinition:B_AutomatedShooterTest, Client)
[2026.09.09-10.27.25:163][977]LogLyraExperience: EXPERIENCE: OnExperienceLoadComplete(CurrentExperience = LyraExperienceDefinition:B_AutomatedShooterTest, Client)
[2026.09.09-10.27.25:210][977]LogCqTest: Starting Wait until player is fully spawned
[2026.09.09-10.27.25:210][977]LogUIActionRouter: Display: Applying input config for leaf-most node [W_ShooterHUDLayout_C_0]
[2026.09.09-10.27.25:210][977]LogUIActionRouter: Display: UIInputConfig being changed. bForceRefresh: 1
[2026.09.09-10.27.25:210][977]LogUIActionRouter: Display: 	InputMode: Previous (None), New (ECommonInputMode::All)
[2026.09.09-10.27.25:210][977]LogViewport: Display: Viewport MouseCaptureMode Changed, CapturePermanently_IncludingInitialMouseDown -> CapturePermanently
[2026.09.09-10.27.25:210][977]LogViewport: Display: Viewport HideCursorDuringCapture Changed, False -> True
[2026.09.09-10.27.25:210][977]LogUIActionRouter: Display: [User 0] No focus target for leaf-most node [W_ShooterHUDLayout_C_0], and the widget isn't focusable - focusing the game viewport.
[2026.09.09-10.27.25:224][978]LogNiagara: UNiagaraComponent> System /Game/Effects/Particles/Environmental/NS_CharacterSpawnIn.NS_CharacterSpawnIn initialized.
[2026.09.09-10.27.25:226][978]LogLoadingScreen: Hiding loading screen when 'IsShowingInitialLoadingScreen()' is false.
[2026.09.09-10.27.25:226][978]LogLoadingScreen: (nothing wants to show it anymore)
[2026.09.09-10.27.25:226][978]LogLoadingScreen: Garbage Collecting before dropping load screen
[2026.09.09-10.27.25:226][978]LogLoadingScreen: LoadingScreen was visible for 1.53s
[2026.09.09-10.27.25:282][979]LogRenderer: Recreating Persistent SBTs due to initializer changes: 
		NumShaderSlotsPerGeometrySegment changed: current: 1 - new: 2
		NumGeometrySegments changed: current: 0 - new: 512
[2026.09.09-10.27.25:320][979]LogUObjectHash: Compacting FUObjectHashTables data took   1.40ms
[2026.09.09-10.27.25:353][980]LogNiagara: UNiagaraComponent> System /Game/Effects/Particles/Footsteps/NS_Footsteps.NS_Footsteps initialized.
[2026.09.09-10.27.25:382][981]LogNiagara: UNiagaraComponent> System /Game/Effects/Particles/Footsteps/NS_Footsteps.NS_Footsteps initialized.
[2026.09.09-10.27.26:462][ 44]LogCqTest: Finished Wait until player is fully spawned after 1252 milliseconds
[2026.09.09-10.27.26:478][ 45]LogCqTest: Starting Check if world is loaded
[2026.09.09-10.27.26:478][ 45]LogCqTest: Finished Check if world is loaded after 0 milliseconds
[2026.09.09-10.27.26:495][ 46]LogCqTest: Starting Check if player is loaded
[2026.09.09-10.27.26:495][ 46]LogCqTest: Finished Check if player is loaded after 0 milliseconds
[2026.09.09-10.27.26:509][ 47]LogCqTest: Running Prepare player
[2026.09.09-10.27.26:530][ 48]LogCqTest: Starting Wait until player is fully spawned
[2026.09.09-10.27.27:850][132]LogCqTest: Finished Wait until player is fully spawned after 1320 milliseconds
[2026.09.09-10.27.27:866][133]LogCqTest: Running Fetch the connected client pawn
[2026.09.09-10.27.27:882][134]LogCqTest: Running Fetch the connected server pawn
[2026.09.09-10.27.27:898][135]LogCqTest: RunTest
[2026.09.09-10.27.27:913][136]LogCqTest: Running ŀ쪠ǟ
[2026.09.09-10.27.27:927][137]LogCqTest: Running 딀ཌྷǟ
[2026.09.09-10.27.27:943][138]LogCqTest: Running Performing input action on the local client player.
[2026.09.09-10.27.27:962][139]LogCqTest: Starting Check if the local player on the client is playing the expected animation.
[2026.09.09-10.27.28:452][169]LogCqTest: Finished Check if the local player on the client is playing the expected animation. after 490 milliseconds
[2026.09.09-10.27.28:468][170]LogCqTest: Starting Check if the connected player on the server is playing the expected animation.
[2026.09.09-10.27.28:594][178]LogCqTest: Finished Check if the connected player on the server is playing the expected animation. after 126 milliseconds
[2026.09.09-10.27.28:609][179]LogCqTest: Running 焀ཌྷǟ
[2026.09.09-10.27.28:627][180]LogCqTest: Running ᕀ쪠ǟ
[2026.09.09-10.27.28:642][181]LogCqTest: Running Performing the input action on the local server player.
[2026.09.09-10.27.28:658][182]LogCqTest: Starting Check if the local player on the server is playing the expected animation.
[2026.09.09-10.27.29:157][212]LogCqTest: Finished Check if the local player on the server is playing the expected animation. after 499 milliseconds
[2026.09.09-10.27.29:174][213]LogCqTest: Starting Check if the connected player on the client is playing the expected animation.
[2026.09.09-10.27.29:207][215]LogCqTest: Finished Check if the connected player on the client is playing the expected animation. after 33 milliseconds
[2026.09.09-10.27.29:225][216]LogCqTest: Running After Test
[2026.09.09-10.27.29:242][217]LogCqTest: Running TearDown Network Component
[2026.09.09-10.27.29:252][218]LogBackChannel: Closing connection FBackChannelConnection Client Socket
[2026.09.09-10.27.29:252][218]LogCommonGame: RemoveLocalPlayer: Unsetting Primary Player from LyraLocalPlayer_3
[2026.09.09-10.27.29:252][218]LogCommonGame: [B_LyraUIPolicy_C_0] is removing player [LyraLocalPlayer_3]'s root layout [W_OverallUILayout_C_0] from the viewport
[2026.09.09-10.27.29:254][218]LogSlate: Updating window title bar state: overlay mode, drag disabled, window buttons hidden, title bar hidden
[2026.09.09-10.27.29:254][218]LogWorld: BeginTearingDown for /ShooterTests/Maps/UEDPIE_1_L_ShooterTest_Basic
[2026.09.09-10.27.29:255][218]LogSlate: Window 'LyraStarterGame 프리뷰 [NetMode: Client 1]  (64-bit/PC D3D SM6)' being destroyed
[2026.09.09-10.27.29:281][218]LogBlueprintUserMessages: [NameplateManagerComponent_C] Client -1: NameplateManager Shutdown
[2026.09.09-10.27.29:283][218]LogNiagara: UNiagaraComponent> System /Game/Effects/Particles/Environmental/NS_CharacterSpawnIn.NS_CharacterSpawnIn completed.
[2026.09.09-10.27.29:284][218]LogWorld: UWorld::CleanupWorld for L_ShooterTest_Basic, bSessionEnded=true, bCleanupResources=true
[2026.09.09-10.27.29:284][218]LogNiagara: UNiagaraComponent> System /Game/Effects/Particles/Footsteps/NS_Footsteps.NS_Footsteps completed.
[2026.09.09-10.27.29:284][218]LogNiagara: UNiagaraComponent> System /Game/Effects/Particles/Footsteps/NS_Footsteps.NS_Footsteps completed.
[2026.09.09-10.27.29:285][218]LogSlate: InvalidateAllWidgets triggered.  All widgets were invalidated
[2026.09.09-10.27.29:287][218]LogNet: World NetDriver shutdown IpNetDriver_3 [GameNetDriver]
[2026.09.09-10.27.29:287][218]LogNet: DestroyNamedNetDriver: Name:GameNetDriver Def:GameNetDriver IpNetDriver_3 
[2026.09.09-10.27.29:287][218]LogNet: UNetConnection::Close: [UNetConnection] RemoteAddr: 127.0.0.1:17777, Name: IpConnection_2, Driver: Name:GameNetDriver Def:GameNetDriver IpNetDriver_3, IsServer: NO, PC: LyraPlayerController_0, Owner: LyraPlayerController_0, UniqueId: NULL:V304-18-A359E55D424223F92496C4AD5B3F1D94, Channels: 18, Time: 2026.09.09-10.27.29
[2026.09.09-10.27.29:287][218]LogNet: UChannel::Close: Sending CloseBunch. ChIndex == 0. Name: [UChannel] ChIndex: 0, Closing: 0 [UNetConnection] RemoteAddr: 127.0.0.1:17777, Name: IpConnection_2, Driver: Name:GameNetDriver Def:GameNetDriver IpNetDriver_3, IsServer: NO, PC: LyraPlayerController_0, Owner: LyraPlayerController_0, UniqueId: NULL:V304-18-A359E55D424223F92496C4AD5B3F1D94
[2026.09.09-10.27.29:287][218]LogExit: Name:GameNetDriver Def:GameNetDriver IpNetDriver_3 shut down
[2026.09.09-10.27.29:287][218]LogWorld: BeginTearingDown for /ShooterTests/Maps/UEDPIE_0_L_ShooterTest_Basic
[2026.09.09-10.27.29:289][218]LogCommonGame: RemoveLocalPlayer: Unsetting Primary Player from LyraLocalPlayer_2
[2026.09.09-10.27.29:290][218]LogNiagara: UNiagaraComponent> System /Game/Effects/Particles/Environmental/NS_CharacterSpawnIn.NS_CharacterSpawnIn completed.
[2026.09.09-10.27.29:292][218]LogBlueprintUserMessages: [NameplateManagerComponent_C] Server: NameplateManager Shutdown
[2026.09.09-10.27.29:292][218]LogSlate: Updating window title bar state: overlay mode, drag disabled, window buttons hidden, title bar hidden
[2026.09.09-10.27.29:295][218]LogNiagara: UNiagaraComponent> System /Game/Effects/Particles/Environmental/NS_CharacterSpawnIn2.NS_CharacterSpawnIn2 completed.
[2026.09.09-10.27.29:298][218]LogChartCreation: Stopped creating FPS charts at 18112457.289022 seconds
[2026.09.09-10.27.29:298][218]LogWorld: UWorld::CleanupWorld for L_ShooterTest_Basic, bSessionEnded=true, bCleanupResources=true
[2026.09.09-10.27.29:298][218]LogLyraGamePhase: Ended Phase 'ShooterGame.GamePhase.Playing' (Phase_Playing_C_0)
[2026.09.09-10.27.29:298][218]LogBlueprintUserMessages: [Phase_Playing_C_0] Server: Playing Phase Ended
[2026.09.09-10.27.29:299][218]LogSlate: InvalidateAllWidgets triggered.  All widgets were invalidated
[2026.09.09-10.27.29:300][218]LogNet: World NetDriver shutdown IpNetDriver_2 [GameNetDriver]
[2026.09.09-10.27.29:300][218]LogNet: DestroyNamedNetDriver: Name:GameNetDriver Def:GameNetDriver IpNetDriver_2 
[2026.09.09-10.27.29:300][218]LogNet: UNetConnection::SendCloseReason:
[2026.09.09-10.27.29:300][218]LogNet:  - Result=HostClosedConnection, ErrorContext="HostClosedConnection"
[2026.09.09-10.27.29:301][218]LogNet: UNetConnection::Cleanup: Closing open connection. [UNetConnection] RemoteAddr: 127.0.0.1:50435, Name: IpConnection_3, Driver: Name:GameNetDriver Def:GameNetDriver IpNetDriver_2, IsServer: YES, PC: LyraPlayerController_1, Owner: LyraPlayerController_1, UniqueId: NULL:V304-18-A359E55D424223F92496C4AD5B3F1D94
[2026.09.09-10.27.29:301][218]LogNet: UNetConnection::Close: [UNetConnection] RemoteAddr: 127.0.0.1:50435, Name: IpConnection_3, Driver: Name:GameNetDriver Def:GameNetDriver IpNetDriver_2, IsServer: YES, PC: LyraPlayerController_1, Owner: LyraPlayerController_1, UniqueId: NULL:V304-18-A359E55D424223F92496C4AD5B3F1D94, Channels: 18, Time: 2026.09.09-10.27.29
[2026.09.09-10.27.29:301][218]LogNet: UNetConnection::SendCloseReason:
[2026.09.09-10.27.29:301][218]LogNet:  - Result=Cleanup, ErrorContext="Cleanup"
[2026.09.09-10.27.29:301][218]LogNet: UChannel::Close: Sending CloseBunch. ChIndex == 0. Name: [UChannel] ChIndex: 0, Closing: 0 [UNetConnection] RemoteAddr: 127.0.0.1:50435, Name: IpConnection_3, Driver: Name:GameNetDriver Def:GameNetDriver IpNetDriver_2, IsServer: YES, PC: LyraPlayerController_1, Owner: LyraPlayerController_1, UniqueId: NULL:V304-18-A359E55D424223F92496C4AD5B3F1D94
[2026.09.09-10.27.29:301][218]LogNet: UNetDriver::RemoveClientConnection - Removed address 127.0.0.1:50435 from MappedClientConnections for: [UNetConnection] RemoteAddr: 127.0.0.1:50435, Name: IpConnection_3, Driver: Name:GameNetDriver Def:GameNetDriver IpNetDriver_2, IsServer: YES, PC: LyraPlayerController_1, Owner: LyraPlayerController_1, UniqueId: NULL:V304-18-A359E55D424223F92496C4AD5B3F1D94
[2026.09.09-10.27.29:301][218]LogExit: Name:GameNetDriver Def:GameNetDriver IpNetDriver_2 shut down
[2026.09.09-10.27.29:302][218]LogPlayLevel: Display: Shutting down PIE online subsystems
[2026.09.09-10.27.29:314][218]LogSlate: InvalidateAllWidgets triggered.  All widgets were invalidated
[2026.09.09-10.27.29:349][218]LogSlate: Updating window title bar state: overlay mode, drag disabled, window buttons hidden, title bar hidden
[2026.09.09-10.27.29:359][218]LogUObjectHash: Compacting FUObjectHashTables data took   1.13ms
[2026.09.09-10.27.29:389][218]LogCqTest: Tearing Down Test
[2026.09.09-10.27.29:390][218]LogSlate: InvalidateAllWidgets triggered.  All widgets were invalidated
[2026.09.09-10.27.29:390][218]LogGameFeatures: Display: Game feature 'ShooterCore' transitioned successfully. Ending state: Loaded [Terminal, Loaded]
[2026.09.09-10.27.29:394][219]LogPlayLevel: Display: Destroying online subsystem :Context_4
[2026.09.09-10.27.29:398][219]LogPlayLevel: Display: Destroying online subsystem :Context_3
[2026.09.09-10.27.29:403][219]LogAutomationController: Display: Test Completed. Result={Success} Name={NetworkPlayers_Crouch} Path={Project.Functional Tests.ShooterTests.Actor.Replication.InputAnimationTest.NetworkPlayers_Crouch}
[2026.09.09-10.27.29:403][219]LogAutomationController: BeginEvents: Project.Functional Tests.ShooterTests.Actor.Replication.InputAnimationTest.NetworkPlayers_Crouch
[2026.09.09-10.27.29:403][219]LogAutomationController: EndEvents: Project.Functional Tests.ShooterTests.Actor.Replication.InputAnimationTest.NetworkPlayers_Crouch
[2026.09.09-10.27.29:404][219]LogAutomationController: Sending RunTest NetworkPlayers_Jump to 94F364AE4DA97C39FB1773A614074E3D
[2026.09.09-10.27.29:404][219]LogAutomationController: Display: Test Started. Name={NetworkPlayers_Jump} Path={Project.Functional Tests.ShooterTests.Actor.Replication.InputAnimationTest.NetworkPlayers_Jump}
[2026.09.09-10.27.29:410][220]LogAutomationWorker: Received RunTests NetworkPlayers_Jump from 6ABA8B6D46FE01CCCEF2F19B78A421BC
[2026.09.09-10.27.29:410][220]LogCqTest: Before Test
[2026.09.09-10.27.29:410][220]Cmd: MAP LOAD FILE="../../../../../../Users/user/Documents/Unreal Projects/LyraStarterGame/Plugins/GameFeatures/ShooterTests/Content/Maps/L_ShooterTest_Basic.umap" TEMPLATE=0 SHOWPROGRESS=0 FEATURELEVEL=4
[2026.09.09-10.27.29:446][220]LogWorld: UWorld::CleanupWorld for L_ShooterTest_Basic, bSessionEnded=true, bCleanupResources=true
[2026.09.09-10.27.29:446][220]LogSlate: InvalidateAllWidgets triggered.  All widgets were invalidated
[2026.09.09-10.27.29:484][220]LogUObjectHash: Compacting FUObjectHashTables data took   1.18ms
[2026.09.09-10.27.29:487][220]LogStreaming: Display: FlushAsyncLoading(493): 1 QueuedPackages, 0 AsyncPackages
[2026.09.09-10.27.29:491][220]LogChaosDD: Creating Chaos Debug Draw Scene for world L_ShooterTest_Basic
[2026.09.09-10.27.29:509][220]LogEditorServer: Finished looking for orphan Actors (0.000 secs)
[2026.09.09-10.27.29:544][220]LogUObjectHash: Compacting FUObjectHashTables data took   1.05ms
[2026.09.09-10.27.29:559][220]Cmd: MAP CHECKDEP NOCLEARLOG
[2026.09.09-10.27.29:559][220]MapCheck: 맵 체크 완료: 오류 0 회, 경고 0 회, 소요 시간 0.085ms.
[2026.09.09-10.27.29:568][221]LogRenderer: Recreating Persistent SBTs due to initializer changes: 
		NumShaderSlotsPerGeometrySegment changed: current: 1 - new: 2
		NumGeometrySegments changed: current: 0 - new: 512
[2026.09.09-10.27.29:577][221]LogCqTest: Running Starting Network Component server
[2026.09.09-10.27.29:578][221]LogUMGEditor: Disabling Slate Post Buffers for multi-window PIE session, currently not supported.
[2026.09.09-10.27.29:578][221]LogStats: PreBeginPIE asset preloading complete -  0.000 s
[2026.09.09-10.27.29:578][221]LogPlayLevel: PlayLevel: No blueprints needed recompiling
[2026.09.09-10.27.29:579][221]LogPlayLevel: Creating play world package: /ShooterTests/Maps/UEDPIE_0_L_ShooterTest_Basic
[2026.09.09-10.27.29:581][221]LogPlayLevel: PIE: StaticDuplicateObject took: (0.002670s)
[2026.09.09-10.27.29:581][221]LogPlayLevel: PIE: Created PIE world by copying editor world from /ShooterTests/Maps/L_ShooterTest_Basic.L_ShooterTest_Basic to /ShooterTests/Maps/UEDPIE_0_L_ShooterTest_Basic.L_ShooterTest_Basic (0.002724s)
[2026.09.09-10.27.29:615][221]LogUObjectHash: Compacting FUObjectHashTables data took   1.11ms
[2026.09.09-10.27.29:621][221]LogOnline: OSS: Created online subsystem instance for: :Context_5
[2026.09.09-10.27.29:621][221]LogChartCreation: Started creating FPS charts at 18112457.612945 seconds
[2026.09.09-10.27.29:621][221]LogChaosDD: Creating Chaos Debug Draw Scene for world L_ShooterTest_Basic
[2026.09.09-10.27.29:625][221]LogPlayLevel: PIE: World Init took: (0.003411s)
[2026.09.09-10.27.29:627][221]LogUIActionRouter: Display: Found 0 derived classes when attemping to create action router (CommonUIActionRouterBase)
[2026.09.09-10.27.29:627][221]LogCommonGame: AddLocalPlayer: Set LyraLocalPlayer_4 to Primary Player
[2026.09.09-10.27.29:636][221]LogLoad: Game class is 'LyraGameMode'
[2026.09.09-10.27.29:637][221]LogWorld: Bringing World /ShooterTests/Maps/UEDPIE_0_L_ShooterTest_Basic.L_ShooterTest_Basic up for play (max tick rate 0) at 2026.09.09-19.27.29
[2026.09.09-10.27.29:638][221]LogWorld: Bringing up level for play took: 0.001417
[2026.09.09-10.27.29:639][221]LogEnhancedInput: Enhanced Input local player subsystem has initalized the user settings!
[2026.09.09-10.27.29:639][221]LogCommonGame: [B_LyraUIPolicy_C_0] is adding player [LyraLocalPlayer_4]'s root layout [W_OverallUILayout_C_0] to the viewport
[2026.09.09-10.27.29:641][221]LogLyraRepGraph: Display: Replication graph is disabled via LyraReplicationGraphSettings.
[2026.09.09-10.27.29:641][221]LogNetCore: DDoS detection status: detection enabled: 0 analytics enabled: 0
[2026.09.09-10.27.29:641][221]LogNet: Applying EmulationProfile Average
[2026.09.09-10.27.29:641][221]LogPushModel: PushModel HandleCreation is now enabled
[2026.09.09-10.27.29:641][221]LogNet: InitBase GameNetDriver (NetDriverDefinition GameNetDriver) using replication model Generic
[2026.09.09-10.27.29:642][221]LogInit: WinSock: Socket queue. Rx: 131072 (config 131072) Tx: 131072 (config 131072)
[2026.09.09-10.27.29:642][221]LogNet: Created socket for bind address: 0.0.0.0:17777
[2026.09.09-10.27.29:642][221]PacketHandlerLog: Loaded PacketHandler component: Engine.EngineHandlerComponentFactory (StatelessConnectHandlerComponent)
[2026.09.09-10.27.29:642][221]LogNet: Name:GameNetDriver Def:GameNetDriver IpNetDriver_4 IpNetDriver listening on port 17777
[2026.09.09-10.27.29:642][221]LogHttpServerModule: Starting all listeners...
[2026.09.09-10.27.29:642][221]LogHttpServerModule: All listeners started
[2026.09.09-10.27.29:644][221]PIE: 서버가 로그인했습니다.
[2026.09.09-10.27.29:647][221]PIE: 에디터에서 플레이 총 시작 시간 0.07초입니다.
[2026.09.09-10.27.29:652][221]LogOnline: OSS: Created online subsystem instance for: :Context_6
[2026.09.09-10.27.29:652][221]LogChaosDD: Creating Chaos Debug Draw Scene for world Untitled
[2026.09.09-10.27.29:655][221]LogPlayLevel: PIE: World Init took: (0.003461s)
[2026.09.09-10.27.29:659][221]LogUIActionRouter: Display: Found 0 derived classes when attemping to create action router (CommonUIActionRouterBase)
[2026.09.09-10.27.29:659][221]LogCommonGame: AddLocalPlayer: Set LyraLocalPlayer_5 to Primary Player
[2026.09.09-10.27.29:721][221]LogSlate: Updating window title bar state: overlay mode, drag disabled, window buttons hidden, title bar hidden
[2026.09.09-10.27.29:721][221]LogGlobalStatus: UEngine::Browse Started Browse: "127.0.0.1:17777/Game/System/FrontEnd/Maps/L_LyraFrontEnd"
[2026.09.09-10.27.29:721][221]LogNet: Browse: 127.0.0.1:17777/Game/System/FrontEnd/Maps/L_LyraFrontEnd
[2026.09.09-10.27.29:721][221]LogPushModel: PushModel HandleCreation is now enabled
[2026.09.09-10.27.29:721][221]LogNet: InitBase PendingNetDriver (NetDriverDefinition GameNetDriver) using replication model Generic
[2026.09.09-10.27.29:722][221]LogInit: WinSock: Socket queue. Rx: 32768 (config 32768) Tx: 32768 (config 32768)
[2026.09.09-10.27.29:722][221]LogNet: Created socket for bind address: 0.0.0.0:0
[2026.09.09-10.27.29:722][221]LogNet: IpConnection_4 setting maximum channels to: 32767
[2026.09.09-10.27.29:722][221]PacketHandlerLog: Loaded PacketHandler component: Engine.EngineHandlerComponentFactory (StatelessConnectHandlerComponent)
[2026.09.09-10.27.29:723][221]LogHandshake: Stateless Handshake: NetDriverDefinition 'GameNetDriver' CachedClientID: 4
[2026.09.09-10.27.29:723][221]LogNet: Game client on port 17777, rate 200000
[2026.09.09-10.27.29:727][221]PIE: 클라이언트가 로그인했습니다.
[2026.09.09-10.27.29:730][221]PIE: 에디터에서 플레이 총 시작 시간 0.153초입니다.
[2026.09.09-10.27.29:731][221]LogBackChannel: Listening on FBackChannelConnection Client Socket (localport: 2049)
[2026.09.09-10.27.29:731][221]LogRemoteSession: Started listening on port 2049
[2026.09.09-10.27.29:733][221]LogSlate: InvalidateAllWidgets triggered.  All widgets were invalidated
[2026.09.09-10.27.29:742][222]LogLyraExperience: Identified experience LyraExperienceDefinition:B_AutomatedShooterTest (Source: WorldSettings)
[2026.09.09-10.27.29:742][222]LogLyraExperience: EXPERIENCE: StartExperienceLoad(CurrentExperience = LyraExperienceDefinition:B_AutomatedShooterTest, Server)
[2026.09.09-10.27.29:742][222]LogLoadingScreen: Showing loading screen when 'IsShowingInitialLoadingScreen()' is false.
[2026.09.09-10.27.29:742][222]LogLoadingScreen: Experience still loading
[2026.09.09-10.27.29:743][222]LogLoadingScreen: Loading screen showing: 1. Reason: Experience still loading
[2026.09.09-10.27.29:744][222]LogLoadingScreen: Showing loading screen when 'IsShowingInitialLoadingScreen()' is false.
[2026.09.09-10.27.29:744][222]LogLoadingScreen: GameState hasn't yet replicated (it's null)
[2026.09.09-10.27.29:745][222]LogLoadingScreen: Loading screen showing: 1. Reason: GameState hasn't yet replicated (it's null)
[2026.09.09-10.27.29:746][222]LogLyraExperience: EXPERIENCE: OnExperienceLoadComplete(CurrentExperience = LyraExperienceDefinition:B_AutomatedShooterTest, Server)
[2026.09.09-10.27.29:769][222]LogLyraGamePhase: Beginning Phase 'ShooterGame.GamePhase.Warmup' (Phase_Warmup_C_0)
[2026.09.09-10.27.29:770][222]LogLyraGamePhase: Beginning Phase 'ShooterGame.GamePhase.Playing' (Phase_Playing_C_0)
[2026.09.09-10.27.29:770][222]LogLyraGamePhase: 	Ending Phase 'ShooterGame.GamePhase.Warmup' (Default__Phase_Warmup_C)
[2026.09.09-10.27.29:770][222]LogLyraGamePhase: Ended Phase 'ShooterGame.GamePhase.Warmup' (Phase_Warmup_C_0)
[2026.09.09-10.27.29:770][222]LogBlueprintUserMessages: [Phase_Warmup_C_0] Server: Warmup Phase Ended
[2026.09.09-10.27.29:770][222]LogBlueprintUserMessages: [Phase_Playing_C_0] Server: Playing Phase
[2026.09.09-10.27.29:787][222]LogNiagara: UNiagaraComponent> System /Game/Effects/Particles/Environmental/NS_CharacterSpawnIn2.NS_CharacterSpawnIn2 initialized.
[2026.09.09-10.27.29:794][222]LogGameFeatures: Display: Game feature 'ShooterCore' transitioned successfully. Ending state: Active [Active, Active]
[2026.09.09-10.27.29:824][222]LogCqTest: Starting Collect PIE Worlds
[2026.09.09-10.27.29:867][223]LogUIActionRouter: Cleaned out [2] inactive UI action bindings
[2026.09.09-10.27.29:874][223]LogLoadingScreen: Hiding loading screen when 'IsShowingInitialLoadingScreen()' is false.
[2026.09.09-10.27.29:874][223]LogLoadingScreen: (nothing wants to show it anymore)
[2026.09.09-10.27.29:874][223]LogLoadingScreen: Garbage Collecting before dropping load screen
[2026.09.09-10.27.29:874][223]LogLoadingScreen: LoadingScreen was visible for 0.13s
[2026.09.09-10.27.29:917][224]LogRenderer: Recreating Persistent SBTs due to initializer changes: 
		NumShaderSlotsPerGeometrySegment changed: current: 1 - new: 2
		NumGeometrySegments changed: current: 0 - new: 512
[2026.09.09-10.27.29:991][224]LogUObjectHash: Compacting FUObjectHashTables data took   1.03ms
[2026.09.09-10.27.30:737][284]LogNet: NotifyAcceptingConnection accepted from: 127.0.0.1:50436
[2026.09.09-10.27.30:737][284]LogHandshake: SendConnectChallenge. Timestamp: 1.173112, Cookie: 205222194049238108171196200050087217120155005092247137028074
[2026.09.09-10.27.30:741][284]LogHandshake: Cached server SessionID: 0
[2026.09.09-10.27.30:741][284]LogHandshake: SendChallengeResponse. Timestamp: 1.173112, Cookie: 205222194049238108171196200050087217120155005092247137028074
[2026.09.09-10.27.30:749][285]LogNet: NotifyAcceptingConnection accepted from: 127.0.0.1:50436
[2026.09.09-10.27.30:749][285]LogHandshake: SendChallengeAck. InCookie: 205222194049238108171196200050087217120155005092247137028074
[2026.09.09-10.27.30:749][285]LogNet: Server accepting post-challenge connection from: 127.0.0.1:50436
[2026.09.09-10.27.30:749][285]LogNet: IpConnection_5 setting maximum channels to: 32767
[2026.09.09-10.27.30:749][285]PacketHandlerLog: Loaded PacketHandler component: Engine.EngineHandlerComponentFactory (StatelessConnectHandlerComponent)
[2026.09.09-10.27.30:749][285]LogNet: NotifyAcceptedConnection: Name: L_ShooterTest_Basic, TimeStamp: 09/09/26 19:27:30, [UNetConnection] RemoteAddr: 127.0.0.1:50436, Name: IpConnection_5, Driver: Name:GameNetDriver Def:GameNetDriver IpNetDriver_4, IsServer: YES, PC: NULL, Owner: NULL, UniqueId: INVALID
[2026.09.09-10.27.30:749][285]LogNet: AddClientConnection: Added client connection: [UNetConnection] RemoteAddr: 127.0.0.1:50436, Name: IpConnection_5, Driver: Name:GameNetDriver Def:GameNetDriver IpNetDriver_4, IsServer: YES, PC: NULL, Owner: NULL, UniqueId: INVALID
[2026.09.09-10.27.30:752][285]LogNet: UPendingNetGame::SendInitialJoin: Sending hello. [UNetConnection] RemoteAddr: 127.0.0.1:17777, Name: IpConnection_4, Driver: Name:PendingNetDriver Def:GameNetDriver IpNetDriver_5, IsServer: NO, PC: NULL, Owner: NULL, UniqueId: INVALID
[2026.09.09-10.27.30:806][290]LogNet: NotifyAcceptingChannel Control 0 server World /ShooterTests/Maps/UEDPIE_0_L_ShooterTest_Basic.L_ShooterTest_Basic: Accepted
[2026.09.09-10.27.30:806][290]LogNet: Remote platform little endian=1
[2026.09.09-10.27.30:806][290]LogNet: This platform little endian=1
[2026.09.09-10.27.30:893][297]LogNet: Login request: ?Name=V304-18-63CFFFA74CE17204C93AA6ACF1638D79 userId: NULL:V304-18-63CFFFA74CE17204C93AA6ACF1638D79 platform: NULL
[2026.09.09-10.27.30:960][302]LogNet: Welcomed by server (Level: /ShooterTests/Maps/UEDPIE_0_L_ShooterTest_Basic, Game: /Script/LyraGame.LyraGameMode)
[2026.09.09-10.27.30:960][302]LogLoad: LoadMap: 127.0.0.1:17777/ShooterTests/Maps/L_ShooterTest_Basic?game=/Script/LyraGame.LyraGameMode
[2026.09.09-10.27.30:960][302]LogWorld: BeginTearingDown for /Temp/Untitled_3
[2026.09.09-10.27.30:960][302]LogWorld: UWorld::CleanupWorld for Untitled, bSessionEnded=true, bCleanupResources=true
[2026.09.09-10.27.30:960][302]LogSlate: InvalidateAllWidgets triggered.  All widgets were invalidated
[2026.09.09-10.27.31:000][302]LogUObjectHash: Compacting FUObjectHashTables data took   0.88ms
[2026.09.09-10.27.31:005][302]LogChaosDD: Creating Chaos Debug Draw Scene for world L_ShooterTest_Basic
[2026.09.09-10.27.31:007][302]LogPlayLevel: PIE: World Init took: (0.002768s)
[2026.09.09-10.27.31:008][302]LogWorld: Bringing World /ShooterTests/Maps/UEDPIE_1_L_ShooterTest_Basic.L_ShooterTest_Basic up for play (max tick rate 0) at 2026.09.09-19.27.31
[2026.09.09-10.27.31:008][302]LogWorld: Bringing up level for play took: 0.000543
[2026.09.09-10.27.31:008][302]LogLoad: Took 0.048794 seconds to LoadMap(/ShooterTests/Maps/L_ShooterTest_Basic)
[2026.09.09-10.27.31:008][302]LogGlobalStatus: UEngine::LoadMap Load map complete /ShooterTests/Maps/L_ShooterTest_Basic
[2026.09.09-10.27.31:008][302]LogGlobalStatus: UPendingNetGame::TravelCompleted Pending net game travel completed
[2026.09.09-10.27.31:020][302]LogCqTest: Finished Collect PIE Worlds after 1196 milliseconds
[2026.09.09-10.27.31:032][303]LogCqTest: Starting Await connections
[2026.09.09-10.27.31:074][307]LogNet: Client netspeed is 200000
[2026.09.09-10.27.31:074][307]LogNet: Join request: /Game/System/FrontEnd/Maps/L_LyraFrontEnd?Name=V304-18-63CFFFA74CE17204C93AA6ACF1638D79?SplitscreenCount=1
[2026.09.09-10.27.31:076][307]LogHttpServerModule: Starting all listeners...
[2026.09.09-10.27.31:076][307]LogHttpServerModule: All listeners started
[2026.09.09-10.27.31:091][307]LogNiagara: UNiagaraComponent> System /Game/Effects/Particles/Environmental/NS_CharacterSpawnIn.NS_CharacterSpawnIn initialized.
[2026.09.09-10.27.31:091][307]LogNet: Join succeeded: V304-18-63CFFFA74CE1
[2026.09.09-10.27.31:105][307]LogCqTest: Finished Await connections after 73 milliseconds
[2026.09.09-10.27.31:120][308]LogCqTest: Running Server running
[2026.09.09-10.27.31:132][309]LogCqTest: Starting Check if world is loaded
[2026.09.09-10.27.31:132][309]LogCqTest: Finished Check if world is loaded after 0 milliseconds
[2026.09.09-10.27.31:142][310]LogEnhancedInput: Enhanced Input local player subsystem has initalized the user settings!
[2026.09.09-10.27.31:142][310]LogCommonGame: [B_LyraUIPolicy_C_0] is adding player [LyraLocalPlayer_5]'s root layout [W_OverallUILayout_C_0] to the viewport
[2026.09.09-10.27.31:147][310]LogAbilitySystem: Warning: UAbilityTask_PlayMontageAndWait call to PlayMontage failed!
[2026.09.09-10.27.31:147][310]LogAbilitySystem: Warning: UAbilityTask_PlayMontageAndWait called in Ability GA_SpawnEffect_C_0 failed to play montage AM_MM_Pistol_Spawn; Task Instance Name None.
[2026.09.09-10.27.31:155][310]LogCqTest: Starting Check if player is loaded
[2026.09.09-10.27.31:155][310]LogCqTest: Finished Check if player is loaded after 0 milliseconds
[2026.09.09-10.27.31:174][311]LogHttpServerModule: Starting all listeners...
[2026.09.09-10.27.31:174][311]LogHttpServerModule: All listeners started
[2026.09.09-10.27.31:174][311]LogLyraExperience: EXPERIENCE: StartExperienceLoad(CurrentExperience = LyraExperienceDefinition:B_AutomatedShooterTest, Client)
[2026.09.09-10.27.31:178][311]LogLyraExperience: EXPERIENCE: OnExperienceLoadComplete(CurrentExperience = LyraExperienceDefinition:B_AutomatedShooterTest, Client)
[2026.09.09-10.27.31:228][311]LogCqTest: Running Prepare player
[2026.09.09-10.27.31:228][311]LogUIActionRouter: Display: Applying input config for leaf-most node [W_ShooterHUDLayout_C_0]
[2026.09.09-10.27.31:228][311]LogUIActionRouter: Display: UIInputConfig being changed. bForceRefresh: 1
[2026.09.09-10.27.31:228][311]LogUIActionRouter: Display: 	InputMode: Previous (None), New (ECommonInputMode::All)
[2026.09.09-10.27.31:228][311]LogViewport: Display: Viewport MouseCaptureMode Changed, CapturePermanently_IncludingInitialMouseDown -> CapturePermanently
[2026.09.09-10.27.31:228][311]LogViewport: Display: Viewport HideCursorDuringCapture Changed, False -> True
[2026.09.09-10.27.31:228][311]LogUIActionRouter: Display: [User 0] No focus target for leaf-most node [W_ShooterHUDLayout_C_0], and the widget isn't focusable - focusing the game viewport.
[2026.09.09-10.27.31:253][312]LogNiagara: UNiagaraComponent> System /Game/Effects/Particles/Environmental/NS_CharacterSpawnIn2.NS_CharacterSpawnIn2 initialized.
[2026.09.09-10.27.31:257][312]LogLoadingScreen: Hiding loading screen when 'IsShowingInitialLoadingScreen()' is false.
[2026.09.09-10.27.31:257][312]LogLoadingScreen: (nothing wants to show it anymore)
[2026.09.09-10.27.31:257][312]LogLoadingScreen: Garbage Collecting before dropping load screen
[2026.09.09-10.27.31:257][312]LogLoadingScreen: LoadingScreen was visible for 1.51s
[2026.09.09-10.27.31:275][312]LogCqTest: Starting Wait until player is fully spawned
[2026.09.09-10.27.31:326][313]LogRenderer: Recreating Persistent SBTs due to initializer changes: 
		NumShaderSlotsPerGeometrySegment changed: current: 1 - new: 2
		NumGeometrySegments changed: current: 0 - new: 512
[2026.09.09-10.27.31:365][313]LogUObjectHash: Compacting FUObjectHashTables data took   1.45ms
[2026.09.09-10.27.31:390][314]LogNiagara: UNiagaraComponent> System /Game/Effects/Particles/Footsteps/NS_Footsteps.NS_Footsteps initialized.
[2026.09.09-10.27.31:550][322]LogNiagara: UNiagaraComponent> System /Game/Effects/Particles/Footsteps/NS_Footsteps.NS_Footsteps initialized.
[2026.09.09-10.27.32:515][380]LogCqTest: Finished Wait until player is fully spawned after 1240 milliseconds
[2026.09.09-10.27.32:530][381]LogCqTest: Starting Check if world is loaded
[2026.09.09-10.27.32:530][381]LogCqTest: Finished Check if world is loaded after 0 milliseconds
[2026.09.09-10.27.32:545][382]LogCqTest: Starting Check if player is loaded
[2026.09.09-10.27.32:545][382]LogCqTest: Finished Check if player is loaded after 0 milliseconds
[2026.09.09-10.27.32:561][383]LogCqTest: Running Prepare player
[2026.09.09-10.27.32:581][384]LogCqTest: Starting Wait until player is fully spawned
[2026.09.09-10.27.33:888][466]LogCqTest: Finished Wait until player is fully spawned after 1307 milliseconds
[2026.09.09-10.27.33:904][467]LogCqTest: Running Fetch the connected client pawn
[2026.09.09-10.27.33:919][468]LogCqTest: Running Fetch the connected server pawn
[2026.09.09-10.27.33:934][469]LogCqTest: RunTest
[2026.09.09-10.27.33:948][470]LogCqTest: Running ŀ㝢ǟ
[2026.09.09-10.27.33:965][471]LogCqTest: Running ଀ǟ
[2026.09.09-10.27.33:980][472]LogCqTest: Running Performing input action on the local client player.
[2026.09.09-10.27.33:994][473]LogCqTest: Starting Check if the local player on the client is playing the expected animation.
[2026.09.09-10.27.34:229][487]LogCqTest: Finished Check if the local player on the client is playing the expected animation. after 235 milliseconds
[2026.09.09-10.27.34:244][488]LogCqTest: Starting Check if the connected player on the server is playing the expected animation.
[2026.09.09-10.27.34:338][494]LogCqTest: Finished Check if the connected player on the server is playing the expected animation. after 94 milliseconds
[2026.09.09-10.27.34:354][495]LogCqTest: Running ⌀ǟ
[2026.09.09-10.27.34:370][496]LogCqTest: Running 쇀㝢ǟ
[2026.09.09-10.27.34:385][497]LogCqTest: Running Performing the input action on the local server player.
[2026.09.09-10.27.34:400][498]LogCqTest: Starting Check if the local player on the server is playing the expected animation.
[2026.09.09-10.27.34:631][512]LogCqTest: Finished Check if the local player on the server is playing the expected animation. after 231 milliseconds
[2026.09.09-10.27.34:647][513]LogCqTest: Starting Check if the connected player on the client is playing the expected animation.
[2026.09.09-10.27.34:714][517]LogCqTest: Finished Check if the connected player on the client is playing the expected animation. after 67 milliseconds
[2026.09.09-10.27.34:728][518]LogCqTest: Running After Test
[2026.09.09-10.27.34:743][519]LogCqTest: Running TearDown Network Component
[2026.09.09-10.27.34:753][520]LogBackChannel: Closing connection FBackChannelConnection Client Socket
[2026.09.09-10.27.34:753][520]LogCommonGame: RemoveLocalPlayer: Unsetting Primary Player from LyraLocalPlayer_5
[2026.09.09-10.27.34:753][520]LogCommonGame: [B_LyraUIPolicy_C_0] is removing player [LyraLocalPlayer_5]'s root layout [W_OverallUILayout_C_0] from the viewport
[2026.09.09-10.27.34:755][520]LogSlate: Updating window title bar state: overlay mode, drag disabled, window buttons hidden, title bar hidden
[2026.09.09-10.27.34:755][520]LogWorld: BeginTearingDown for /ShooterTests/Maps/UEDPIE_1_L_ShooterTest_Basic
[2026.09.09-10.27.34:757][520]LogSlate: Window 'LyraStarterGame 프리뷰 [NetMode: Client 1]  (64-bit/PC D3D SM6)' being destroyed
[2026.09.09-10.27.34:781][520]LogBlueprintUserMessages: [NameplateManagerComponent_C] Client -1: NameplateManager Shutdown
[2026.09.09-10.27.34:783][520]LogNiagara: UNiagaraComponent> System /Game/Effects/Particles/Environmental/NS_CharacterSpawnIn2.NS_CharacterSpawnIn2 completed.
[2026.09.09-10.27.34:785][520]LogWorld: UWorld::CleanupWorld for L_ShooterTest_Basic, bSessionEnded=true, bCleanupResources=true
[2026.09.09-10.27.34:785][520]LogNiagara: UNiagaraComponent> System /Game/Effects/Particles/Footsteps/NS_Footsteps.NS_Footsteps completed.
[2026.09.09-10.27.34:785][520]LogNiagara: UNiagaraComponent> System /Game/Effects/Particles/Footsteps/NS_Footsteps.NS_Footsteps completed.
[2026.09.09-10.27.34:786][520]LogSlate: InvalidateAllWidgets triggered.  All widgets were invalidated
[2026.09.09-10.27.34:788][520]LogNet: World NetDriver shutdown IpNetDriver_5 [GameNetDriver]
[2026.09.09-10.27.34:788][520]LogNet: DestroyNamedNetDriver: Name:GameNetDriver Def:GameNetDriver IpNetDriver_5 
[2026.09.09-10.27.34:788][520]LogNet: UNetConnection::Close: [UNetConnection] RemoteAddr: 127.0.0.1:17777, Name: IpConnection_4, Driver: Name:GameNetDriver Def:GameNetDriver IpNetDriver_5, IsServer: NO, PC: LyraPlayerController_0, Owner: LyraPlayerController_0, UniqueId: NULL:V304-18-63CFFFA74CE17204C93AA6ACF1638D79, Channels: 17, Time: 2026.09.09-10.27.34
[2026.09.09-10.27.34:788][520]LogNet: UChannel::Close: Sending CloseBunch. ChIndex == 0. Name: [UChannel] ChIndex: 0, Closing: 0 [UNetConnection] RemoteAddr: 127.0.0.1:17777, Name: IpConnection_4, Driver: Name:GameNetDriver Def:GameNetDriver IpNetDriver_5, IsServer: NO, PC: LyraPlayerController_0, Owner: LyraPlayerController_0, UniqueId: NULL:V304-18-63CFFFA74CE17204C93AA6ACF1638D79
[2026.09.09-10.27.34:788][520]LogExit: Name:GameNetDriver Def:GameNetDriver IpNetDriver_5 shut down
[2026.09.09-10.27.34:788][520]LogWorld: BeginTearingDown for /ShooterTests/Maps/UEDPIE_0_L_ShooterTest_Basic
[2026.09.09-10.27.34:790][520]LogCommonGame: RemoveLocalPlayer: Unsetting Primary Player from LyraLocalPlayer_4
[2026.09.09-10.27.34:791][520]LogNiagara: UNiagaraComponent> System /Game/Effects/Particles/Environmental/NS_CharacterSpawnIn2.NS_CharacterSpawnIn2 completed.
[2026.09.09-10.27.34:793][520]LogBlueprintUserMessages: [NameplateManagerComponent_C] Server: NameplateManager Shutdown
[2026.09.09-10.27.34:793][520]LogSlate: Updating window title bar state: overlay mode, drag disabled, window buttons hidden, title bar hidden
[2026.09.09-10.27.34:795][520]LogNiagara: UNiagaraComponent> System /Game/Effects/Particles/Environmental/NS_CharacterSpawnIn.NS_CharacterSpawnIn completed.
[2026.09.09-10.27.34:798][520]LogChartCreation: Stopped creating FPS charts at 18112462.789705 seconds
[2026.09.09-10.27.34:798][520]LogWorld: UWorld::CleanupWorld for L_ShooterTest_Basic, bSessionEnded=true, bCleanupResources=true
[2026.09.09-10.27.34:798][520]LogLyraGamePhase: Ended Phase 'ShooterGame.GamePhase.Playing' (Phase_Playing_C_0)
[2026.09.09-10.27.34:798][520]LogBlueprintUserMessages: [Phase_Playing_C_0] Server: Playing Phase Ended
[2026.09.09-10.27.34:799][520]LogSlate: InvalidateAllWidgets triggered.  All widgets were invalidated
[2026.09.09-10.27.34:800][520]LogNet: World NetDriver shutdown IpNetDriver_4 [GameNetDriver]
[2026.09.09-10.27.34:800][520]LogNet: DestroyNamedNetDriver: Name:GameNetDriver Def:GameNetDriver IpNetDriver_4 
[2026.09.09-10.27.34:800][520]LogNet: UNetConnection::SendCloseReason:
[2026.09.09-10.27.34:800][520]LogNet:  - Result=HostClosedConnection, ErrorContext="HostClosedConnection"
[2026.09.09-10.27.34:800][520]LogNet: UNetConnection::Cleanup: Closing open connection. [UNetConnection] RemoteAddr: 127.0.0.1:50436, Name: IpConnection_5, Driver: Name:GameNetDriver Def:GameNetDriver IpNetDriver_4, IsServer: YES, PC: LyraPlayerController_1, Owner: LyraPlayerController_1, UniqueId: NULL:V304-18-63CFFFA74CE17204C93AA6ACF1638D79
[2026.09.09-10.27.34:801][520]LogNet: UNetConnection::Close: [UNetConnection] RemoteAddr: 127.0.0.1:50436, Name: IpConnection_5, Driver: Name:GameNetDriver Def:GameNetDriver IpNetDriver_4, IsServer: YES, PC: LyraPlayerController_1, Owner: LyraPlayerController_1, UniqueId: NULL:V304-18-63CFFFA74CE17204C93AA6ACF1638D79, Channels: 18, Time: 2026.09.09-10.27.34
[2026.09.09-10.27.34:801][520]LogNet: UNetConnection::SendCloseReason:
[2026.09.09-10.27.34:801][520]LogNet:  - Result=Cleanup, ErrorContext="Cleanup"
[2026.09.09-10.27.34:801][520]LogNet: UChannel::Close: Sending CloseBunch. ChIndex == 0. Name: [UChannel] ChIndex: 0, Closing: 0 [UNetConnection] RemoteAddr: 127.0.0.1:50436, Name: IpConnection_5, Driver: Name:GameNetDriver Def:GameNetDriver IpNetDriver_4, IsServer: YES, PC: LyraPlayerController_1, Owner: LyraPlayerController_1, UniqueId: NULL:V304-18-63CFFFA74CE17204C93AA6ACF1638D79
[2026.09.09-10.27.34:801][520]LogNet: UNetDriver::RemoveClientConnection - Removed address 127.0.0.1:50436 from MappedClientConnections for: [UNetConnection] RemoteAddr: 127.0.0.1:50436, Name: IpConnection_5, Driver: Name:GameNetDriver Def:GameNetDriver IpNetDriver_4, IsServer: YES, PC: LyraPlayerController_1, Owner: LyraPlayerController_1, UniqueId: NULL:V304-18-63CFFFA74CE17204C93AA6ACF1638D79
[2026.09.09-10.27.34:801][520]LogExit: Name:GameNetDriver Def:GameNetDriver IpNetDriver_4 shut down
[2026.09.09-10.27.34:801][520]LogPlayLevel: Display: Shutting down PIE online subsystems
[2026.09.09-10.27.34:810][520]LogSlate: InvalidateAllWidgets triggered.  All widgets were invalidated
[2026.09.09-10.27.34:847][520]LogSlate: Updating window title bar state: overlay mode, drag disabled, window buttons hidden, title bar hidden
[2026.09.09-10.27.34:857][520]LogUObjectHash: Compacting FUObjectHashTables data took   1.21ms
[2026.09.09-10.27.34:885][520]LogCqTest: Tearing Down Test
[2026.09.09-10.27.34:891][520]LogSlate: InvalidateAllWidgets triggered.  All widgets were invalidated
[2026.09.09-10.27.34:892][521]LogGameFeatures: Display: Game feature 'ShooterCore' transitioned successfully. Ending state: Loaded [Terminal, Loaded]
[2026.09.09-10.27.34:897][521]LogPlayLevel: Display: Destroying online subsystem :Context_6
[2026.09.09-10.27.34:900][521]LogPlayLevel: Display: Destroying online subsystem :Context_5
[2026.09.09-10.27.34:906][521]LogAutomationController: Display: Test Completed. Result={Success} Name={NetworkPlayers_Jump} Path={Project.Functional Tests.ShooterTests.Actor.Replication.InputAnimationTest.NetworkPlayers_Jump}
[2026.09.09-10.27.34:906][521]LogAutomationController: BeginEvents: Project.Functional Tests.ShooterTests.Actor.Replication.InputAnimationTest.NetworkPlayers_Jump
[2026.09.09-10.27.34:906][521]LogAutomationController: EndEvents: Project.Functional Tests.ShooterTests.Actor.Replication.InputAnimationTest.NetworkPlayers_Jump
[2026.09.09-10.27.34:908][521]LogAutomationController: Sending RunTest ServerPlayer_MannyMovement to 94F364AE4DA97C39FB1773A614074E3D
[2026.09.09-10.27.34:908][521]LogAutomationController: Display: Test Started. Name={ServerPlayer_MannyMovement} Path={Project.Functional Tests.ShooterTests.Actor.Replication.InputAnimationTest.ServerPlayer_MannyMovement}
[2026.09.09-10.27.34:913][522]LogAutomationWorker: Received RunTests ServerPlayer_MannyMovement from 6ABA8B6D46FE01CCCEF2F19B78A421BC
[2026.09.09-10.27.34:913][522]LogCqTest: Before Test
[2026.09.09-10.27.34:913][522]Cmd: MAP LOAD FILE="../../../../../../Users/user/Documents/Unreal Projects/LyraStarterGame/Plugins/GameFeatures/ShooterTests/Content/Maps/L_ShooterTest_Basic.umap" TEMPLATE=0 SHOWPROGRESS=0 FEATURELEVEL=4
[2026.09.09-10.27.34:946][522]LogWorld: UWorld::CleanupWorld for L_ShooterTest_Basic, bSessionEnded=true, bCleanupResources=true
[2026.09.09-10.27.34:946][522]LogSlate: InvalidateAllWidgets triggered.  All widgets were invalidated
[2026.09.09-10.27.34:983][522]LogUObjectHash: Compacting FUObjectHashTables data took   1.08ms
[2026.09.09-10.27.34:985][522]LogStreaming: Display: FlushAsyncLoading(494): 1 QueuedPackages, 0 AsyncPackages
[2026.09.09-10.27.34:989][522]LogChaosDD: Creating Chaos Debug Draw Scene for world L_ShooterTest_Basic
[2026.09.09-10.27.35:004][522]LogEditorServer: Finished looking for orphan Actors (0.000 secs)
[2026.09.09-10.27.35:039][522]LogUObjectHash: Compacting FUObjectHashTables data took   0.96ms
[2026.09.09-10.27.35:051][522]Cmd: MAP CHECKDEP NOCLEARLOG
[2026.09.09-10.27.35:051][522]MapCheck: 맵 체크 완료: 오류 0 회, 경고 0 회, 소요 시간 0.075ms.
[2026.09.09-10.27.35:058][523]LogRenderer: Recreating Persistent SBTs due to initializer changes: 
		NumShaderSlotsPerGeometrySegment changed: current: 1 - new: 2
		NumGeometrySegments changed: current: 0 - new: 512
[2026.09.09-10.27.35:066][523]LogCqTest: Running Starting Network Component server
[2026.09.09-10.27.35:067][523]LogUMGEditor: Disabling Slate Post Buffers for multi-window PIE session, currently not supported.
[2026.09.09-10.27.35:067][523]LogStats: PreBeginPIE asset preloading complete -  0.000 s
[2026.09.09-10.27.35:067][523]LogPlayLevel: PlayLevel: No blueprints needed recompiling
[2026.09.09-10.27.35:069][523]LogPlayLevel: Creating play world package: /ShooterTests/Maps/UEDPIE_0_L_ShooterTest_Basic
[2026.09.09-10.27.35:071][523]LogPlayLevel: PIE: StaticDuplicateObject took: (0.002237s)
[2026.09.09-10.27.35:071][523]LogPlayLevel: PIE: Created PIE world by copying editor world from /ShooterTests/Maps/L_ShooterTest_Basic.L_ShooterTest_Basic to /ShooterTests/Maps/UEDPIE_0_L_ShooterTest_Basic.L_ShooterTest_Basic (0.002295s)
[2026.09.09-10.27.35:102][523]LogUObjectHash: Compacting FUObjectHashTables data took   0.83ms
[2026.09.09-10.27.35:108][523]LogOnline: OSS: Created online subsystem instance for: :Context_7
[2026.09.09-10.27.35:108][523]LogChartCreation: Started creating FPS charts at 18112463.099259 seconds
[2026.09.09-10.27.35:108][523]LogChaosDD: Creating Chaos Debug Draw Scene for world L_ShooterTest_Basic
[2026.09.09-10.27.35:111][523]LogPlayLevel: PIE: World Init took: (0.003143s)
[2026.09.09-10.27.35:113][523]LogUIActionRouter: Display: Found 0 derived classes when attemping to create action router (CommonUIActionRouterBase)
[2026.09.09-10.27.35:113][523]LogCommonGame: AddLocalPlayer: Set LyraLocalPlayer_6 to Primary Player
[2026.09.09-10.27.35:122][523]LogLoad: Game class is 'LyraGameMode'
[2026.09.09-10.27.35:123][523]LogWorld: Bringing World /ShooterTests/Maps/UEDPIE_0_L_ShooterTest_Basic.L_ShooterTest_Basic up for play (max tick rate 0) at 2026.09.09-19.27.35
[2026.09.09-10.27.35:123][523]LogWorld: Bringing up level for play took: 0.001342
[2026.09.09-10.27.35:124][523]LogEnhancedInput: Enhanced Input local player subsystem has initalized the user settings!
[2026.09.09-10.27.35:125][523]LogCommonGame: [B_LyraUIPolicy_C_0] is adding player [LyraLocalPlayer_6]'s root layout [W_OverallUILayout_C_0] to the viewport
[2026.09.09-10.27.35:126][523]LogLyraRepGraph: Display: Replication graph is disabled via LyraReplicationGraphSettings.
[2026.09.09-10.27.35:126][523]LogNetCore: DDoS detection status: detection enabled: 0 analytics enabled: 0
[2026.09.09-10.27.35:126][523]LogNet: Applying EmulationProfile Average
[2026.09.09-10.27.35:126][523]LogPushModel: PushModel HandleCreation is now enabled
[2026.09.09-10.27.35:126][523]LogNet: InitBase GameNetDriver (NetDriverDefinition GameNetDriver) using replication model Generic
[2026.09.09-10.27.35:127][523]LogInit: WinSock: Socket queue. Rx: 131072 (config 131072) Tx: 131072 (config 131072)
[2026.09.09-10.27.35:127][523]LogNet: Created socket for bind address: 0.0.0.0:17777
[2026.09.09-10.27.35:127][523]PacketHandlerLog: Loaded PacketHandler component: Engine.EngineHandlerComponentFactory (StatelessConnectHandlerComponent)
[2026.09.09-10.27.35:127][523]LogNet: Name:GameNetDriver Def:GameNetDriver IpNetDriver_6 IpNetDriver listening on port 17777
[2026.09.09-10.27.35:127][523]LogHttpServerModule: Starting all listeners...
[2026.09.09-10.27.35:127][523]LogHttpServerModule: All listeners started
[2026.09.09-10.27.35:128][523]PIE: 서버가 로그인했습니다.
[2026.09.09-10.27.35:132][523]PIE: 에디터에서 플레이 총 시작 시간 0.064초입니다.
[2026.09.09-10.27.35:136][523]LogOnline: OSS: Created online subsystem instance for: :Context_8
[2026.09.09-10.27.35:137][523]LogChaosDD: Creating Chaos Debug Draw Scene for world Untitled
[2026.09.09-10.27.35:140][523]LogPlayLevel: PIE: World Init took: (0.003268s)
[2026.09.09-10.27.35:142][523]LogUIActionRouter: Display: Found 0 derived classes when attemping to create action router (CommonUIActionRouterBase)
[2026.09.09-10.27.35:143][523]LogCommonGame: AddLocalPlayer: Set LyraLocalPlayer_7 to Primary Player
[2026.09.09-10.27.35:191][523]LogSlate: Updating window title bar state: overlay mode, drag disabled, window buttons hidden, title bar hidden
[2026.09.09-10.27.35:191][523]LogGlobalStatus: UEngine::Browse Started Browse: "127.0.0.1:17777/Game/System/FrontEnd/Maps/L_LyraFrontEnd"
[2026.09.09-10.27.35:191][523]LogNet: Browse: 127.0.0.1:17777/Game/System/FrontEnd/Maps/L_LyraFrontEnd
[2026.09.09-10.27.35:193][523]LogPushModel: PushModel HandleCreation is now enabled
[2026.09.09-10.27.35:193][523]LogNet: InitBase PendingNetDriver (NetDriverDefinition GameNetDriver) using replication model Generic
[2026.09.09-10.27.35:193][523]LogInit: WinSock: Socket queue. Rx: 32768 (config 32768) Tx: 32768 (config 32768)
[2026.09.09-10.27.35:193][523]LogNet: Created socket for bind address: 0.0.0.0:0
[2026.09.09-10.27.35:193][523]LogNet: IpConnection_6 setting maximum channels to: 32767
[2026.09.09-10.27.35:194][523]PacketHandlerLog: Loaded PacketHandler component: Engine.EngineHandlerComponentFactory (StatelessConnectHandlerComponent)
[2026.09.09-10.27.35:194][523]LogHandshake: Stateless Handshake: NetDriverDefinition 'GameNetDriver' CachedClientID: 5
[2026.09.09-10.27.35:194][523]LogNet: Game client on port 17777, rate 200000
[2026.09.09-10.27.35:198][523]PIE: 클라이언트가 로그인했습니다.
[2026.09.09-10.27.35:201][523]PIE: 에디터에서 플레이 총 시작 시간 0.134초입니다.
[2026.09.09-10.27.35:202][523]LogBackChannel: Listening on FBackChannelConnection Client Socket (localport: 2049)
[2026.09.09-10.27.35:202][523]LogRemoteSession: Started listening on port 2049
[2026.09.09-10.27.35:204][523]LogSlate: InvalidateAllWidgets triggered.  All widgets were invalidated
[2026.09.09-10.27.35:215][524]LogLyraExperience: Identified experience LyraExperienceDefinition:B_AutomatedShooterTest (Source: WorldSettings)
[2026.09.09-10.27.35:215][524]LogLyraExperience: EXPERIENCE: StartExperienceLoad(CurrentExperience = LyraExperienceDefinition:B_AutomatedShooterTest, Server)
[2026.09.09-10.27.35:215][524]LogLoadingScreen: Showing loading screen when 'IsShowingInitialLoadingScreen()' is false.
[2026.09.09-10.27.35:215][524]LogLoadingScreen: Experience still loading
[2026.09.09-10.27.35:216][524]LogLoadingScreen: Loading screen showing: 1. Reason: Experience still loading
[2026.09.09-10.27.35:218][524]LogLoadingScreen: Showing loading screen when 'IsShowingInitialLoadingScreen()' is false.
[2026.09.09-10.27.35:218][524]LogLoadingScreen: GameState hasn't yet replicated (it's null)
[2026.09.09-10.27.35:219][524]LogLoadingScreen: Loading screen showing: 1. Reason: GameState hasn't yet replicated (it's null)
[2026.09.09-10.27.35:219][524]LogLyraExperience: EXPERIENCE: OnExperienceLoadComplete(CurrentExperience = LyraExperienceDefinition:B_AutomatedShooterTest, Server)
[2026.09.09-10.27.35:240][524]LogLyraGamePhase: Beginning Phase 'ShooterGame.GamePhase.Warmup' (Phase_Warmup_C_0)
[2026.09.09-10.27.35:240][524]LogLyraGamePhase: Beginning Phase 'ShooterGame.GamePhase.Playing' (Phase_Playing_C_0)
[2026.09.09-10.27.35:240][524]LogLyraGamePhase: 	Ending Phase 'ShooterGame.GamePhase.Warmup' (Default__Phase_Warmup_C)
[2026.09.09-10.27.35:240][524]LogLyraGamePhase: Ended Phase 'ShooterGame.GamePhase.Warmup' (Phase_Warmup_C_0)
[2026.09.09-10.27.35:240][524]LogBlueprintUserMessages: [Phase_Warmup_C_0] Server: Warmup Phase Ended
[2026.09.09-10.27.35:240][524]LogBlueprintUserMessages: [Phase_Playing_C_0] Server: Playing Phase
[2026.09.09-10.27.35:257][524]LogNiagara: UNiagaraComponent> System /Game/Effects/Particles/Environmental/NS_CharacterSpawnIn.NS_CharacterSpawnIn initialized.
[2026.09.09-10.27.35:263][524]LogGameFeatures: Display: Game feature 'ShooterCore' transitioned successfully. Ending state: Active [Active, Active]
[2026.09.09-10.27.35:289][524]LogCqTest: Starting Collect PIE Worlds
[2026.09.09-10.27.35:329][525]LogUIActionRouter: Cleaned out [2] inactive UI action bindings
[2026.09.09-10.27.35:337][525]LogLoadingScreen: Hiding loading screen when 'IsShowingInitialLoadingScreen()' is false.
[2026.09.09-10.27.35:337][525]LogLoadingScreen: (nothing wants to show it anymore)
[2026.09.09-10.27.35:337][525]LogLoadingScreen: Garbage Collecting before dropping load screen
[2026.09.09-10.27.35:337][525]LogLoadingScreen: LoadingScreen was visible for 0.12s
[2026.09.09-10.27.35:383][526]LogRenderer: Recreating Persistent SBTs due to initializer changes: 
		NumShaderSlotsPerGeometrySegment changed: current: 1 - new: 2
		NumGeometrySegments changed: current: 0 - new: 512
[2026.09.09-10.27.35:460][526]LogUObjectHash: Compacting FUObjectHashTables data took   1.00ms
[2026.09.09-10.27.36:204][585]LogNet: NotifyAcceptingConnection accepted from: 127.0.0.1:65424
[2026.09.09-10.27.36:204][585]LogHandshake: SendConnectChallenge. Timestamp: 1.149384, Cookie: 216168203036027118133243174209240195213169243173195227075054
[2026.09.09-10.27.36:207][585]LogHandshake: Cached server SessionID: 0
[2026.09.09-10.27.36:208][585]LogHandshake: SendChallengeResponse. Timestamp: 1.149384, Cookie: 216168203036027118133243174209240195213169243173195227075054
[2026.09.09-10.27.36:219][586]LogNet: NotifyAcceptingConnection accepted from: 127.0.0.1:65424
[2026.09.09-10.27.36:220][586]LogHandshake: SendChallengeAck. InCookie: 216168203036027118133243174209240195213169243173195227075054
[2026.09.09-10.27.36:220][586]LogNet: Server accepting post-challenge connection from: 127.0.0.1:65424
[2026.09.09-10.27.36:220][586]LogNet: IpConnection_7 setting maximum channels to: 32767
[2026.09.09-10.27.36:220][586]PacketHandlerLog: Loaded PacketHandler component: Engine.EngineHandlerComponentFactory (StatelessConnectHandlerComponent)
[2026.09.09-10.27.36:220][586]LogNet: NotifyAcceptedConnection: Name: L_ShooterTest_Basic, TimeStamp: 09/09/26 19:27:36, [UNetConnection] RemoteAddr: 127.0.0.1:65424, Name: IpConnection_7, Driver: Name:GameNetDriver Def:GameNetDriver IpNetDriver_6, IsServer: YES, PC: NULL, Owner: NULL, UniqueId: INVALID
[2026.09.09-10.27.36:220][586]LogNet: AddClientConnection: Added client connection: [UNetConnection] RemoteAddr: 127.0.0.1:65424, Name: IpConnection_7, Driver: Name:GameNetDriver Def:GameNetDriver IpNetDriver_6, IsServer: YES, PC: NULL, Owner: NULL, UniqueId: INVALID
[2026.09.09-10.27.36:224][586]LogNet: UPendingNetGame::SendInitialJoin: Sending hello. [UNetConnection] RemoteAddr: 127.0.0.1:17777, Name: IpConnection_6, Driver: Name:PendingNetDriver Def:GameNetDriver IpNetDriver_7, IsServer: NO, PC: NULL, Owner: NULL, UniqueId: INVALID
[2026.09.09-10.27.36:277][591]LogNet: NotifyAcceptingChannel Control 0 server World /ShooterTests/Maps/UEDPIE_0_L_ShooterTest_Basic.L_ShooterTest_Basic: Accepted
[2026.09.09-10.27.36:277][591]LogNet: Remote platform little endian=1
[2026.09.09-10.27.36:277][591]LogNet: This platform little endian=1
[2026.09.09-10.27.36:425][603]LogNet: Login request: ?Name=V304-18-E5FD80AD45381370B352DDA8B9FAAA4F userId: NULL:V304-18-E5FD80AD45381370B352DDA8B9FAAA4F platform: NULL
[2026.09.09-10.27.36:486][608]LogNet: Welcomed by server (Level: /ShooterTests/Maps/UEDPIE_0_L_ShooterTest_Basic, Game: /Script/LyraGame.LyraGameMode)
[2026.09.09-10.27.36:486][608]LogLoad: LoadMap: 127.0.0.1:17777/ShooterTests/Maps/L_ShooterTest_Basic?game=/Script/LyraGame.LyraGameMode
[2026.09.09-10.27.36:486][608]LogWorld: BeginTearingDown for /Temp/Untitled_4
[2026.09.09-10.27.36:486][608]LogWorld: UWorld::CleanupWorld for Untitled, bSessionEnded=true, bCleanupResources=true
[2026.09.09-10.27.36:486][608]LogSlate: InvalidateAllWidgets triggered.  All widgets were invalidated
[2026.09.09-10.27.36:520][608]LogUObjectHash: Compacting FUObjectHashTables data took   1.09ms
[2026.09.09-10.27.36:525][608]LogChaosDD: Creating Chaos Debug Draw Scene for world L_ShooterTest_Basic
[2026.09.09-10.27.36:527][608]LogPlayLevel: PIE: World Init took: (0.002658s)
[2026.09.09-10.27.36:528][608]LogWorld: Bringing World /ShooterTests/Maps/UEDPIE_1_L_ShooterTest_Basic.L_ShooterTest_Basic up for play (max tick rate 0) at 2026.09.09-19.27.36
[2026.09.09-10.27.36:528][608]LogWorld: Bringing up level for play took: 0.000501
[2026.09.09-10.27.36:528][608]LogLoad: Took 0.041593 seconds to LoadMap(/ShooterTests/Maps/L_ShooterTest_Basic)
[2026.09.09-10.27.36:528][608]LogGlobalStatus: UEngine::LoadMap Load map complete /ShooterTests/Maps/L_ShooterTest_Basic
[2026.09.09-10.27.36:528][608]LogGlobalStatus: UPendingNetGame::TravelCompleted Pending net game travel completed
[2026.09.09-10.27.36:538][608]LogCqTest: Finished Collect PIE Worlds after 1249 milliseconds
[2026.09.09-10.27.36:549][609]LogCqTest: Starting Await connections
[2026.09.09-10.27.36:581][612]LogNet: Client netspeed is 200000
[2026.09.09-10.27.36:594][613]LogNet: Join request: /Game/System/FrontEnd/Maps/L_LyraFrontEnd?Name=V304-18-E5FD80AD45381370B352DDA8B9FAAA4F?SplitscreenCount=1
[2026.09.09-10.27.36:596][613]LogHttpServerModule: Starting all listeners...
[2026.09.09-10.27.36:596][613]LogHttpServerModule: All listeners started
[2026.09.09-10.27.36:614][613]LogNiagara: UNiagaraComponent> System /Game/Effects/Particles/Environmental/NS_CharacterSpawnIn.NS_CharacterSpawnIn initialized.
[2026.09.09-10.27.36:614][613]LogNet: Join succeeded: V304-18-E5FD80AD4538
[2026.09.09-10.27.36:631][613]LogCqTest: Finished Await connections after 82 milliseconds
[2026.09.09-10.27.36:648][614]LogCqTest: Running Server running
[2026.09.09-10.27.36:661][615]LogCqTest: Starting Check if world is loaded
[2026.09.09-10.27.36:661][615]LogCqTest: Finished Check if world is loaded after 0 milliseconds
[2026.09.09-10.27.36:669][616]LogEnhancedInput: Enhanced Input local player subsystem has initalized the user settings!
[2026.09.09-10.27.36:669][616]LogCommonGame: [B_LyraUIPolicy_C_0] is adding player [LyraLocalPlayer_7]'s root layout [W_OverallUILayout_C_0] to the viewport
[2026.09.09-10.27.36:678][616]LogCqTest: Starting Check if player is loaded
[2026.09.09-10.27.36:678][616]LogCqTest: Finished Check if player is loaded after 0 milliseconds
[2026.09.09-10.27.36:686][617]LogAbilitySystem: Warning: UAbilityTask_PlayMontageAndWait call to PlayMontage failed!
[2026.09.09-10.27.36:687][617]LogAbilitySystem: Warning: UAbilityTask_PlayMontageAndWait called in Ability GA_SpawnEffect_C_0 failed to play montage AM_MM_Pistol_Spawn; Task Instance Name None.
[2026.09.09-10.27.36:694][617]LogCqTest: Running Prepare player
[2026.09.09-10.27.36:715][618]LogHttpServerModule: Starting all listeners...
[2026.09.09-10.27.36:716][618]LogHttpServerModule: All listeners started
[2026.09.09-10.27.36:716][618]LogLyraExperience: EXPERIENCE: StartExperienceLoad(CurrentExperience = LyraExperienceDefinition:B_AutomatedShooterTest, Client)
[2026.09.09-10.27.36:721][618]LogLyraExperience: EXPERIENCE: OnExperienceLoadComplete(CurrentExperience = LyraExperienceDefinition:B_AutomatedShooterTest, Client)
[2026.09.09-10.27.36:767][618]LogCqTest: Starting Wait until player is fully spawned
[2026.09.09-10.27.36:768][618]LogUIActionRouter: Display: Applying input config for leaf-most node [W_ShooterHUDLayout_C_0]
[2026.09.09-10.27.36:768][618]LogUIActionRouter: Display: UIInputConfig being changed. bForceRefresh: 1
[2026.09.09-10.27.36:768][618]LogUIActionRouter: Display: 	InputMode: Previous (None), New (ECommonInputMode::All)
[2026.09.09-10.27.36:768][618]LogViewport: Display: Viewport MouseCaptureMode Changed, CapturePermanently_IncludingInitialMouseDown -> CapturePermanently
[2026.09.09-10.27.36:768][618]LogViewport: Display: Viewport HideCursorDuringCapture Changed, False -> True
[2026.09.09-10.27.36:768][618]LogUIActionRouter: Display: [User 0] No focus target for leaf-most node [W_ShooterHUDLayout_C_0], and the widget isn't focusable - focusing the game viewport.
[2026.09.09-10.27.36:792][619]LogNiagara: UNiagaraComponent> System /Game/Effects/Particles/Environmental/NS_CharacterSpawnIn.NS_CharacterSpawnIn initialized.
[2026.09.09-10.27.36:795][619]LogLoadingScreen: Hiding loading screen when 'IsShowingInitialLoadingScreen()' is false.
[2026.09.09-10.27.36:795][619]LogLoadingScreen: (nothing wants to show it anymore)
[2026.09.09-10.27.36:795][619]LogLoadingScreen: Garbage Collecting before dropping load screen
[2026.09.09-10.27.36:795][619]LogLoadingScreen: LoadingScreen was visible for 1.58s
[2026.09.09-10.27.36:865][620]LogRenderer: Recreating Persistent SBTs due to initializer changes: 
		NumShaderSlotsPerGeometrySegment changed: current: 1 - new: 2
		NumGeometrySegments changed: current: 0 - new: 512
[2026.09.09-10.27.36:906][620]LogUObjectHash: Compacting FUObjectHashTables data took   1.05ms
[2026.09.09-10.27.36:936][621]LogNiagara: UNiagaraComponent> System /Game/Effects/Particles/Footsteps/NS_Footsteps.NS_Footsteps initialized.
[2026.09.09-10.27.37:089][629]LogNiagara: UNiagaraComponent> System /Game/Effects/Particles/Footsteps/NS_Footsteps.NS_Footsteps initialized.
[2026.09.09-10.27.37:985][683]LogCqTest: Finished Wait until player is fully spawned after 1216 milliseconds
[2026.09.09-10.27.37:999][684]LogCqTest: Starting Check if world is loaded
[2026.09.09-10.27.37:999][684]LogCqTest: Finished Check if world is loaded after 0 milliseconds
[2026.09.09-10.27.38:019][685]LogCqTest: Starting Check if player is loaded
[2026.09.09-10.27.38:019][685]LogCqTest: Finished Check if player is loaded after 0 milliseconds
[2026.09.09-10.27.38:034][686]LogCqTest: Running Prepare player
[2026.09.09-10.27.38:051][687]LogCqTest: Starting Wait until player is fully spawned
[2026.09.09-10.27.39:430][771]LogCqTest: Finished Wait until player is fully spawned after 1379 milliseconds
[2026.09.09-10.27.39:446][772]LogCqTest: Running Fetch the connected client pawn
[2026.09.09-10.27.39:461][773]LogCqTest: Running Fetch the connected server pawn
[2026.09.09-10.27.39:476][774]LogCqTest: RunTest
[2026.09.09-10.27.39:491][775]LogCqTest: Running ⅀䎇Ǡ
[2026.09.09-10.27.39:505][776]LogCqTest: Running ꭀ䌭Ǡ
[2026.09.09-10.27.39:521][777]LogCqTest: Running Performing the input action on the local server player.
[2026.09.09-10.27.39:536][778]LogCqTest: Starting Check if the local player on the server is playing the expected animation.
[2026.09.09-10.27.40:379][828]LogCqTest: Finished Check if the local player on the server is playing the expected animation. after 843 milliseconds
[2026.09.09-10.27.40:396][829]LogCqTest: Starting Check if the connected player on the client is playing the expected animation.
[2026.09.09-10.27.40:396][829]LogCqTest: Finished Check if the connected player on the client is playing the expected animation. after 0 milliseconds
[2026.09.09-10.27.40:418][830]LogCqTest: Running Stopping all input actions on the local server player.
[2026.09.09-10.27.40:437][831]LogCqTest: Running 
[2026.09.09-10.27.40:454][832]LogCqTest: Running ㈀ǝ
[2026.09.09-10.27.40:470][833]LogCqTest: Running Performing the input action on the local server player.
[2026.09.09-10.27.40:488][834]LogCqTest: Starting Check if the local player on the server is playing the expected animation.
[2026.09.09-10.27.41:282][882]LogNiagara: UNiagaraComponent> System /Game/Effects/Particles/Environmental/NS_CharacterSpawnIn.NS_CharacterSpawnIn completed.
[2026.09.09-10.27.41:359][886]LogCqTest: Finished Check if the local player on the server is playing the expected animation. after 871 milliseconds
[2026.09.09-10.27.41:374][887]LogCqTest: Starting Check if the connected player on the client is playing the expected animation.
[2026.09.09-10.27.41:374][887]LogCqTest: Finished Check if the connected player on the client is playing the expected animation. after 0 milliseconds
[2026.09.09-10.27.41:390][888]LogCqTest: Running Stopping all input actions on the local server player.
[2026.09.09-10.27.41:406][889]LogCqTest: Running 侠䎇Ǡ
[2026.09.09-10.27.41:425][890]LogCqTest: Running ㈀ǝ
[2026.09.09-10.27.41:441][891]LogCqTest: Running Performing the input action on the local server player.
[2026.09.09-10.27.41:456][892]LogCqTest: Starting Check if the local player on the server is playing the expected animation.
[2026.09.09-10.27.41:576][899]LogCqTest: Finished Check if the local player on the server is playing the expected animation. after 120 milliseconds
[2026.09.09-10.27.41:592][900]LogCqTest: Starting Check if the connected player on the client is playing the expected animation.
[2026.09.09-10.27.41:643][903]LogCqTest: Finished Check if the connected player on the client is playing the expected animation. after 51 milliseconds
[2026.09.09-10.27.41:659][904]LogCqTest: Running Stopping all input actions on the local server player.
[2026.09.09-10.27.41:677][905]LogCqTest: Running Ȁǟ
[2026.09.09-10.27.41:693][906]LogCqTest: Running 
[2026.09.09-10.27.41:711][907]LogCqTest: Running Performing the input action on the local server player.
[2026.09.09-10.27.41:730][908]LogCqTest: Starting Check if the local player on the server is playing the expected animation.
[2026.09.09-10.27.42:544][957]LogNiagara: UNiagaraComponent> System /Game/Effects/Particles/Environmental/NS_CharacterSpawnIn.NS_CharacterSpawnIn completed.
[2026.09.09-10.27.42:711][967]LogNiagara: UNiagaraComponent> System /Game/Effects/Particles/Environmental/NS_CharacterSpawnIn.NS_CharacterSpawnIn completed.
[2026.09.09-10.27.42:989][984]LogCqTest: Finished Check if the local player on the server is playing the expected animation. after 1259 milliseconds
[2026.09.09-10.27.43:004][985]LogCqTest: Starting Check if the connected player on the client is playing the expected animation.
[2026.09.09-10.27.43:071][989]LogCqTest: Finished Check if the connected player on the client is playing the expected animation. after 67 milliseconds
[2026.09.09-10.27.43:088][990]LogCqTest: Running Stopping all input actions on the local server player.
[2026.09.09-10.27.43:103][991]LogCqTest: Running After Test
[2026.09.09-10.27.43:119][992]LogCqTest: Running TearDown Network Component
[2026.09.09-10.27.43:129][993]LogBackChannel: Closing connection FBackChannelConnection Client Socket
[2026.09.09-10.27.43:129][993]LogCommonGame: RemoveLocalPlayer: Unsetting Primary Player from LyraLocalPlayer_7
[2026.09.09-10.27.43:129][993]LogCommonGame: [B_LyraUIPolicy_C_0] is removing player [LyraLocalPlayer_7]'s root layout [W_OverallUILayout_C_0] from the viewport
[2026.09.09-10.27.43:131][993]LogSlate: Updating window title bar state: overlay mode, drag disabled, window buttons hidden, title bar hidden
[2026.09.09-10.27.43:131][993]LogWorld: BeginTearingDown for /ShooterTests/Maps/UEDPIE_1_L_ShooterTest_Basic
[2026.09.09-10.27.43:132][993]LogSlate: Window 'LyraStarterGame 프리뷰 [NetMode: Client 1]  (64-bit/PC D3D SM6)' being destroyed
[2026.09.09-10.27.43:159][993]LogBlueprintUserMessages: [NameplateManagerComponent_C] Client -1: NameplateManager Shutdown
[2026.09.09-10.27.43:163][993]LogWorld: UWorld::CleanupWorld for L_ShooterTest_Basic, bSessionEnded=true, bCleanupResources=true
[2026.09.09-10.27.43:164][993]LogNiagara: UNiagaraComponent> System /Game/Effects/Particles/Footsteps/NS_Footsteps.NS_Footsteps completed.
[2026.09.09-10.27.43:164][993]LogNiagara: UNiagaraComponent> System /Game/Effects/Particles/Footsteps/NS_Footsteps.NS_Footsteps completed.
[2026.09.09-10.27.43:164][993]LogSlate: InvalidateAllWidgets triggered.  All widgets were invalidated
[2026.09.09-10.27.43:165][993]LogNet: World NetDriver shutdown IpNetDriver_7 [GameNetDriver]
[2026.09.09-10.27.43:166][993]LogNet: DestroyNamedNetDriver: Name:GameNetDriver Def:GameNetDriver IpNetDriver_7 
[2026.09.09-10.27.43:166][993]LogNet: UNetConnection::Close: [UNetConnection] RemoteAddr: 127.0.0.1:17777, Name: IpConnection_6, Driver: Name:GameNetDriver Def:GameNetDriver IpNetDriver_7, IsServer: NO, PC: LyraPlayerController_0, Owner: LyraPlayerController_0, UniqueId: NULL:V304-18-E5FD80AD45381370B352DDA8B9FAAA4F, Channels: 18, Time: 2026.09.09-10.27.43
[2026.09.09-10.27.43:166][993]LogNet: UChannel::Close: Sending CloseBunch. ChIndex == 0. Name: [UChannel] ChIndex: 0, Closing: 0 [UNetConnection] RemoteAddr: 127.0.0.1:17777, Name: IpConnection_6, Driver: Name:GameNetDriver Def:GameNetDriver IpNetDriver_7, IsServer: NO, PC: LyraPlayerController_0, Owner: LyraPlayerController_0, UniqueId: NULL:V304-18-E5FD80AD45381370B352DDA8B9FAAA4F
[2026.09.09-10.27.43:166][993]LogExit: Name:GameNetDriver Def:GameNetDriver IpNetDriver_7 shut down
[2026.09.09-10.27.43:166][993]LogWorld: BeginTearingDown for /ShooterTests/Maps/UEDPIE_0_L_ShooterTest_Basic
[2026.09.09-10.27.43:168][993]LogCommonGame: RemoveLocalPlayer: Unsetting Primary Player from LyraLocalPlayer_6
[2026.09.09-10.27.43:171][993]LogBlueprintUserMessages: [NameplateManagerComponent_C] Server: NameplateManager Shutdown
[2026.09.09-10.27.43:171][993]LogSlate: Updating window title bar state: overlay mode, drag disabled, window buttons hidden, title bar hidden
[2026.09.09-10.27.43:176][993]LogChartCreation: Stopped creating FPS charts at 18112471.167868 seconds
[2026.09.09-10.27.43:176][993]LogWorld: UWorld::CleanupWorld for L_ShooterTest_Basic, bSessionEnded=true, bCleanupResources=true
[2026.09.09-10.27.43:177][993]LogLyraGamePhase: Ended Phase 'ShooterGame.GamePhase.Playing' (Phase_Playing_C_0)
[2026.09.09-10.27.43:177][993]LogBlueprintUserMessages: [Phase_Playing_C_0] Server: Playing Phase Ended
[2026.09.09-10.27.43:177][993]LogSlate: InvalidateAllWidgets triggered.  All widgets were invalidated
[2026.09.09-10.27.43:179][993]LogNet: World NetDriver shutdown IpNetDriver_6 [GameNetDriver]
[2026.09.09-10.27.43:179][993]LogNet: DestroyNamedNetDriver: Name:GameNetDriver Def:GameNetDriver IpNetDriver_6 
[2026.09.09-10.27.43:179][993]LogNet: UNetConnection::SendCloseReason:
[2026.09.09-10.27.43:179][993]LogNet:  - Result=HostClosedConnection, ErrorContext="HostClosedConnection"
[2026.09.09-10.27.43:179][993]LogNet: UNetConnection::Cleanup: Closing open connection. [UNetConnection] RemoteAddr: 127.0.0.1:65424, Name: IpConnection_7, Driver: Name:GameNetDriver Def:GameNetDriver IpNetDriver_6, IsServer: YES, PC: LyraPlayerController_1, Owner: LyraPlayerController_1, UniqueId: NULL:V304-18-E5FD80AD45381370B352DDA8B9FAAA4F
[2026.09.09-10.27.43:179][993]LogNet: UNetConnection::Close: [UNetConnection] RemoteAddr: 127.0.0.1:65424, Name: IpConnection_7, Driver: Name:GameNetDriver Def:GameNetDriver IpNetDriver_6, IsServer: YES, PC: LyraPlayerController_1, Owner: LyraPlayerController_1, UniqueId: NULL:V304-18-E5FD80AD45381370B352DDA8B9FAAA4F, Channels: 18, Time: 2026.09.09-10.27.43
[2026.09.09-10.27.43:179][993]LogNet: UNetConnection::SendCloseReason:
[2026.09.09-10.27.43:179][993]LogNet:  - Result=Cleanup, ErrorContext="Cleanup"
[2026.09.09-10.27.43:179][993]LogNet: UChannel::Close: Sending CloseBunch. ChIndex == 0. Name: [UChannel] ChIndex: 0, Closing: 0 [UNetConnection] RemoteAddr: 127.0.0.1:65424, Name: IpConnection_7, Driver: Name:GameNetDriver Def:GameNetDriver IpNetDriver_6, IsServer: YES, PC: LyraPlayerController_1, Owner: LyraPlayerController_1, UniqueId: NULL:V304-18-E5FD80AD45381370B352DDA8B9FAAA4F
[2026.09.09-10.27.43:179][993]LogNet: UNetDriver::RemoveClientConnection - Removed address 127.0.0.1:65424 from MappedClientConnections for: [UNetConnection] RemoteAddr: 127.0.0.1:65424, Name: IpConnection_7, Driver: Name:GameNetDriver Def:GameNetDriver IpNetDriver_6, IsServer: YES, PC: LyraPlayerController_1, Owner: LyraPlayerController_1, UniqueId: NULL:V304-18-E5FD80AD45381370B352DDA8B9FAAA4F
[2026.09.09-10.27.43:180][993]LogExit: Name:GameNetDriver Def:GameNetDriver IpNetDriver_6 shut down
[2026.09.09-10.27.43:180][993]LogPlayLevel: Display: Shutting down PIE online subsystems
[2026.09.09-10.27.43:191][993]LogSlate: InvalidateAllWidgets triggered.  All widgets were invalidated
[2026.09.09-10.27.43:226][993]LogSlate: Updating window title bar state: overlay mode, drag disabled, window buttons hidden, title bar hidden
[2026.09.09-10.27.43:236][993]LogUObjectHash: Compacting FUObjectHashTables data took   1.23ms
[2026.09.09-10.27.43:265][993]LogCqTest: Tearing Down Test
[2026.09.09-10.27.43:267][993]LogSlate: InvalidateAllWidgets triggered.  All widgets were invalidated
[2026.09.09-10.27.43:267][993]LogGameFeatures: Display: Game feature 'ShooterCore' transitioned successfully. Ending state: Loaded [Terminal, Loaded]
[2026.09.09-10.27.43:271][994]LogPlayLevel: Display: Destroying online subsystem :Context_8
[2026.09.09-10.27.43:274][994]LogPlayLevel: Display: Destroying online subsystem :Context_7
[2026.09.09-10.27.43:280][994]LogAutomationController: Display: Test Completed. Result={Success} Name={ServerPlayer_MannyMovement} Path={Project.Functional Tests.ShooterTests.Actor.Replication.InputAnimationTest.ServerPlayer_MannyMovement}
[2026.09.09-10.27.43:280][994]LogAutomationController: BeginEvents: Project.Functional Tests.ShooterTests.Actor.Replication.InputAnimationTest.ServerPlayer_MannyMovement
[2026.09.09-10.27.43:280][994]LogAutomationController: EndEvents: Project.Functional Tests.ShooterTests.Actor.Replication.InputAnimationTest.ServerPlayer_MannyMovement
[2026.09.09-10.27.43:281][994]LogAutomationController: Display: Exporting Automation Report to D:/2604340036 - 송성민/github.file/카운터 스트라이크/relay-network-report.
[2026.09.09-10.27.43:282][994]LogAutomationController: Writing reports to D:/2604340036 - 송성민/github.file/카운터 스트라이크/relay-network-report...
[2026.09.09-10.27.43:282][994]LogAutomationController: Display: Converting results to json object...
[2026.09.09-10.27.43:283][994]LogAutomationController: Display: Successfully wrote json results file!
[2026.09.09-10.27.43:283][994]LogAutomationController: Exported report to 'D:/2604340036 - 송성민/github.file/카운터 스트라이크/relay-network-report' in 0.00 Seconds
[2026.09.09-10.27.43:283][994]LogAutomationController: Display: Report can be opened in the editor at 'D:/2604340036 - 송성민/github.file/카운터 스트라이크/relay-network-report'
[2026.09.09-10.27.43:283][994]LogAutomationController: Sending StopTestSession to 94F364AE4DA97C39FB1773A614074E3D
[2026.09.09-10.27.43:283][995]LogAutomationCommandLine: Display: ...Automation Test Queue Empty 4 tests performed.
[2026.09.09-10.27.43:283][995]LogExit: Display: **** TestExit: Automation Test Queue Empty ****
[2026.09.09-10.27.43:283][995]LogWindows: FPlatformMisc::RequestExit(1, FEngineLoop::Tick.GScopedTestExit)
[2026.09.09-10.27.43:283][995]LogWindows: FPlatformMisc::RequestExitWithStatus(1, 0, FEngineLoop::Tick.GScopedTestExit)
[2026.09.09-10.27.43:283][995]LogCore: Engine exit requested (reason: Win RequestExit)
